{
"type": "FeatureCollection",
"name": "park",
"crs": { "type": "name", "properties": { "name": "urn:ogc:def:crs:OGC:1.3:CRS84" } },
"features": [
{ "type": "Feature", "properties": { "Layer": "DRAWINGS$OUTLINE", "PaperSpace": null, "SubClasses": null, "Linetype": null, "EntityHandle": "60", "Text": null }, "geometry": { "type": "LineString", "coordinates": [ [ -73.993975286765647, 40.676588574847464, 0.0 ], [ -73.993970310003931, 40.676587152160508, 0.0 ] ] } },
{ "type": "Feature", "properties": { "Layer": "DRAWINGS$OUTLINE", "PaperSpace": null, "SubClasses": null, "Linetype": null, "EntityHandle": "61", "Text": null }, "geometry": { "type": "LineString", "coordinates": [ [ -73.993970310003931, 40.676587152160508, 0.0 ], [ -73.993965333672378, 40.6765857286046, 0.0 ] ] } },
{ "type": "Feature", "properties": { "Layer": "DRAWINGS$OUTLINE", "PaperSpace": null, "SubClasses": null, "Linetype": null, "EntityHandle": "62", "Text": null }, "geometry": { "type": "LineString", "coordinates": [ [ -73.993965333672378, 40.6765857286046, 0.0 ], [ -73.993960357769339, 40.676584304179265, 0.0 ] ] } },
{ "type": "Feature", "properties": { "Layer": "DRAWINGS$OUTLINE", "PaperSpace": null, "SubClasses": null, "Linetype": null, "EntityHandle": "63", "Text": null }, "geometry": { "type": "LineString", "coordinates": [ [ -73.993960357769339, 40.676584304179265, 0.0 ], [ -73.993955382294999, 40.67658287888456, 0.0 ] ] } },
{ "type": "Feature", "properties": { "Layer": "DRAWINGS$OUTLINE", "PaperSpace": null, "SubClasses": null, "Linetype": null, "EntityHandle": "64", "Text": null }, "geometry": { "type": "LineString", "coordinates": [ [ -73.993955382294999, 40.67658287888456, 0.0 ], [ -73.993950407249784, 40.676581452720633, 0.0 ] ] } },
{ "type": "Feature", "properties": { "Layer": "DRAWINGS$OUTLINE", "PaperSpace": null, "SubClasses": null, "Linetype": null, "EntityHandle": "65", "Text": null }, "geometry": { "type": "LineString", "coordinates": [ [ -73.993950407249784, 40.676581452720633, 0.0 ], [ -73.993945432634504, 40.676580025687656, 0.0 ] ] } },
{ "type": "Feature", "properties": { "Layer": "DRAWINGS$OUTLINE", "PaperSpace": null, "SubClasses": null, "Linetype": null, "EntityHandle": "66", "Text": null }, "geometry": { "type": "LineString", "coordinates": [ [ -73.993945432634504, 40.676580025687656, 0.0 ], [ -73.993940458449558, 40.676578597785806, 0.0 ] ] } },
{ "type": "Feature", "properties": { "Layer": "DRAWINGS$OUTLINE", "PaperSpace": null, "SubClasses": null, "Linetype": null, "EntityHandle": "67", "Text": null }, "geometry": { "type": "LineString", "coordinates": [ [ -73.993940458449558, 40.676578597785806, 0.0 ], [ -73.993935484694902, 40.67657716901504, 0.0 ] ] } },
{ "type": "Feature", "properties": { "Layer": "DRAWINGS$OUTLINE", "PaperSpace": null, "SubClasses": null, "Linetype": null, "EntityHandle": "68", "Text": null }, "geometry": { "type": "LineString", "coordinates": [ [ -73.993935484694902, 40.67657716901504, 0.0 ], [ -73.99393051137092, 40.676575739375465, 0.0 ] ] } },
{ "type": "Feature", "properties": { "Layer": "DRAWINGS$OUTLINE", "PaperSpace": null, "SubClasses": null, "Linetype": null, "EntityHandle": "69", "Text": null }, "geometry": { "type": "LineString", "coordinates": [ [ -73.99393051137092, 40.676575739375465, 0.0 ], [ -73.993925538478052, 40.676574308867224, 0.0 ] ] } },
{ "type": "Feature", "properties": { "Layer": "DRAWINGS$OUTLINE", "PaperSpace": null, "SubClasses": null, "Linetype": null, "EntityHandle": "6A", "Text": null }, "geometry": { "type": "LineString", "coordinates": [ [ -73.993925538478052, 40.676574308867224, 0.0 ], [ -73.993920566016627, 40.676572877490393, 0.0 ] ] } },
{ "type": "Feature", "properties": { "Layer": "DRAWINGS$OUTLINE", "PaperSpace": null, "SubClasses": null, "Linetype": null, "EntityHandle": "6B", "Text": null }, "geometry": { "type": "LineString", "coordinates": [ [ -73.993920566016627, 40.676572877490393, 0.0 ], [ -73.993915593987097, 40.676571445245116, 0.0 ] ] } },
{ "type": "Feature", "properties": { "Layer": "DRAWINGS$OUTLINE", "PaperSpace": null, "SubClasses": null, "Linetype": null, "EntityHandle": "6C", "Text": null }, "geometry": { "type": "LineString", "coordinates": [ [ -73.993915593987097, 40.676571445245116, 0.0 ], [ -73.993910622389819, 40.676570012131499, 0.0 ] ] } },
{ "type": "Feature", "properties": { "Layer": "DRAWINGS$OUTLINE", "PaperSpace": null, "SubClasses": null, "Linetype": null, "EntityHandle": "6D", "Text": null }, "geometry": { "type": "LineString", "coordinates": [ [ -73.993910622389819, 40.676570012131499, 0.0 ], [ -73.993905651225205, 40.676568578149634, 0.0 ] ] } },
{ "type": "Feature", "properties": { "Layer": "DRAWINGS$OUTLINE", "PaperSpace": null, "SubClasses": null, "Linetype": null, "EntityHandle": "6E", "Text": null }, "geometry": { "type": "LineString", "coordinates": [ [ -73.993905651225205, 40.676568578149634, 0.0 ], [ -73.99390068049361, 40.676567143299671, 0.0 ] ] } },
{ "type": "Feature", "properties": { "Layer": "DRAWINGS$OUTLINE", "PaperSpace": null, "SubClasses": null, "Linetype": null, "EntityHandle": "6F", "Text": null }, "geometry": { "type": "LineString", "coordinates": [ [ -73.99390068049361, 40.676567143299671, 0.0 ], [ -73.99389571019546, 40.676565707581702, 0.0 ] ] } },
{ "type": "Feature", "properties": { "Layer": "DRAWINGS$OUTLINE", "PaperSpace": null, "SubClasses": null, "Linetype": null, "EntityHandle": "70", "Text": null }, "geometry": { "type": "LineString", "coordinates": [ [ -73.99389571019546, 40.676565707581702, 0.0 ], [ -73.993890740331153, 40.67656427099584, 0.0 ] ] } },
{ "type": "Feature", "properties": { "Layer": "DRAWINGS$OUTLINE", "PaperSpace": null, "SubClasses": null, "Linetype": null, "EntityHandle": "71", "Text": null }, "geometry": { "type": "LineString", "coordinates": [ [ -73.993890740331153, 40.67656427099584, 0.0 ], [ -73.993885770965235, 40.676562833412881, 0.0 ] ] } },
{ "type": "Feature", "properties": { "Layer": "DRAWINGS$OUTLINE", "PaperSpace": null, "SubClasses": null, "Linetype": null, "EntityHandle": "72", "Text": null }, "geometry": { "type": "LineString", "coordinates": [ [ -73.993885770965235, 40.676562833412881, 0.0 ], [ -73.993880802229896, 40.676561394572204, 0.0 ] ] } },
{ "type": "Feature", "properties": { "Layer": "DRAWINGS$OUTLINE", "PaperSpace": null, "SubClasses": null, "Linetype": null, "EntityHandle": "73", "Text": null }, "geometry": { "type": "LineString", "coordinates": [ [ -73.993880802229896, 40.676561394572204, 0.0 ], [ -73.993875833938105, 40.676559954847342, 0.0 ] ] } },
{ "type": "Feature", "properties": { "Layer": "DRAWINGS$OUTLINE", "PaperSpace": null, "SubClasses": null, "Linetype": null, "EntityHandle": "74", "Text": null }, "geometry": { "type": "LineString", "coordinates": [ [ -73.993875833938105, 40.676559954847342, 0.0 ], [ -73.99387086606427, 40.676558514265835, 0.0 ] ] } },
{ "type": "Feature", "properties": { "Layer": "DRAWINGS$OUTLINE", "PaperSpace": null, "SubClasses": null, "Linetype": null, "EntityHandle": "75", "Text": null }, "geometry": { "type": "LineString", "coordinates": [ [ -73.99387086606427, 40.676558514265835, 0.0 ], [ -73.993865898596709, 40.676557072859239, 0.0 ] ] } },
{ "type": "Feature", "properties": { "Layer": "DRAWINGS$OUTLINE", "PaperSpace": null, "SubClasses": null, "Linetype": null, "EntityHandle": "76", "Text": null }, "geometry": { "type": "LineString", "coordinates": [ [ -73.993865898596709, 40.676557072859239, 0.0 ], [ -73.993860931563432, 40.676555630670599, 0.0 ] ] } },
{ "type": "Feature", "properties": { "Layer": "DRAWINGS$OUTLINE", "PaperSpace": null, "SubClasses": null, "Linetype": null, "EntityHandle": "77", "Text": null }, "geometry": { "type": "LineString", "coordinates": [ [ -73.993860931563432, 40.676555630670599, 0.0 ], [ -73.993855964904114, 40.676554187717407, 0.0 ] ] } },
{ "type": "Feature", "properties": { "Layer": "DRAWINGS$OUTLINE", "PaperSpace": null, "SubClasses": null, "Linetype": null, "EntityHandle": "78", "Text": null }, "geometry": { "type": "LineString", "coordinates": [ [ -73.993855964904114, 40.676554187717407, 0.0 ], [ -73.993850998604046, 40.676552744030289, 0.0 ] ] } },
{ "type": "Feature", "properties": { "Layer": "DRAWINGS$OUTLINE", "PaperSpace": null, "SubClasses": null, "Linetype": null, "EntityHandle": "79", "Text": null }, "geometry": { "type": "LineString", "coordinates": [ [ -73.993850998604046, 40.676552744030289, 0.0 ], [ -73.993846032648548, 40.676551299639954, 0.0 ] ] } },
{ "type": "Feature", "properties": { "Layer": "DRAWINGS$OUTLINE", "PaperSpace": null, "SubClasses": null, "Linetype": null, "EntityHandle": "7A", "Text": null }, "geometry": { "type": "LineString", "coordinates": [ [ -73.993846032648548, 40.676551299639954, 0.0 ], [ -73.99384106702297, 40.676549854577104, 0.0 ] ] } },
{ "type": "Feature", "properties": { "Layer": "DRAWINGS$OUTLINE", "PaperSpace": null, "SubClasses": null, "Linetype": null, "EntityHandle": "7B", "Text": null }, "geometry": { "type": "LineString", "coordinates": [ [ -73.99384106702297, 40.676549854577104, 0.0 ], [ -73.993836101712603, 40.676548408872407, 0.0 ] ] } },
{ "type": "Feature", "properties": { "Layer": "DRAWINGS$OUTLINE", "PaperSpace": null, "SubClasses": null, "Linetype": null, "EntityHandle": "7C", "Text": null }, "geometry": { "type": "LineString", "coordinates": [ [ -73.993836101712603, 40.676548408872407, 0.0 ], [ -73.993831136702767, 40.6765469625565, 0.0 ] ] } },
{ "type": "Feature", "properties": { "Layer": "DRAWINGS$OUTLINE", "PaperSpace": null, "SubClasses": null, "Linetype": null, "EntityHandle": "7D", "Text": null }, "geometry": { "type": "LineString", "coordinates": [ [ -73.993831136702767, 40.6765469625565, 0.0 ], [ -73.993826171978796, 40.676545515660138, 0.0 ] ] } },
{ "type": "Feature", "properties": { "Layer": "DRAWINGS$OUTLINE", "PaperSpace": null, "SubClasses": null, "Linetype": null, "EntityHandle": "7E", "Text": null }, "geometry": { "type": "LineString", "coordinates": [ [ -73.993826171978796, 40.676545515660138, 0.0 ], [ -73.993821207525983, 40.676544068213978, 0.0 ] ] } },
{ "type": "Feature", "properties": { "Layer": "DRAWINGS$OUTLINE", "PaperSpace": null, "SubClasses": null, "Linetype": null, "EntityHandle": "7F", "Text": null }, "geometry": { "type": "LineString", "coordinates": [ [ -73.993821207525983, 40.676544068213978, 0.0 ], [ -73.993816243352811, 40.676542620248419, 0.0 ] ] } },
{ "type": "Feature", "properties": { "Layer": "DRAWINGS$OUTLINE", "PaperSpace": null, "SubClasses": null, "Linetype": null, "EntityHandle": "80", "Text": null }, "geometry": { "type": "LineString", "coordinates": [ [ -73.993816243352811, 40.676542620248419, 0.0 ], [ -73.993811279457717, 40.676541171768093, 0.0 ] ] } },
{ "type": "Feature", "properties": { "Layer": "DRAWINGS$OUTLINE", "PaperSpace": null, "SubClasses": null, "Linetype": null, "EntityHandle": "81", "Text": null }, "geometry": { "type": "LineString", "coordinates": [ [ -73.993811279457717, 40.676541171768093, 0.0 ], [ -73.993806315811824, 40.676539722777598, 0.0 ] ] } },
{ "type": "Feature", "properties": { "Layer": "DRAWINGS$OUTLINE", "PaperSpace": null, "SubClasses": null, "Linetype": null, "EntityHandle": "82", "Text": null }, "geometry": { "type": "LineString", "coordinates": [ [ -73.993806315811824, 40.676539722777598, 0.0 ], [ -73.993801352407402, 40.676538273288585, 0.0 ] ] } },
{ "type": "Feature", "properties": { "Layer": "DRAWINGS$OUTLINE", "PaperSpace": null, "SubClasses": null, "Linetype": null, "EntityHandle": "83", "Text": null }, "geometry": { "type": "LineString", "coordinates": [ [ -73.993801352407402, 40.676538273288585, 0.0 ], [ -73.993796389263807, 40.676536823320561, 0.0 ] ] } },
{ "type": "Feature", "properties": { "Layer": "DRAWINGS$OUTLINE", "PaperSpace": null, "SubClasses": null, "Linetype": null, "EntityHandle": "84", "Text": null }, "geometry": { "type": "LineString", "coordinates": [ [ -73.993796389263807, 40.676536823320561, 0.0 ], [ -73.993791426374486, 40.676535372885596, 0.0 ] ] } },
{ "type": "Feature", "properties": { "Layer": "DRAWINGS$OUTLINE", "PaperSpace": null, "SubClasses": null, "Linetype": null, "EntityHandle": "85", "Text": null }, "geometry": { "type": "LineString", "coordinates": [ [ -73.993791426374486, 40.676535372885596, 0.0 ], [ -73.993786463709128, 40.676533921988678, 0.0 ] ] } },
{ "type": "Feature", "properties": { "Layer": "DRAWINGS$OUTLINE", "PaperSpace": null, "SubClasses": null, "Linetype": null, "EntityHandle": "86", "Text": null }, "geometry": { "type": "LineString", "coordinates": [ [ -73.993786463709128, 40.676533921988678, 0.0 ], [ -73.993781501261878, 40.67653247064203, 0.0 ] ] } },
{ "type": "Feature", "properties": { "Layer": "DRAWINGS$OUTLINE", "PaperSpace": null, "SubClasses": null, "Linetype": null, "EntityHandle": "87", "Text": null }, "geometry": { "type": "LineString", "coordinates": [ [ -73.993781501261878, 40.67653247064203, 0.0 ], [ -73.993776539026982, 40.676531018857844, 0.0 ] ] } },
{ "type": "Feature", "properties": { "Layer": "DRAWINGS$OUTLINE", "PaperSpace": null, "SubClasses": null, "Linetype": null, "EntityHandle": "88", "Text": null }, "geometry": { "type": "LineString", "coordinates": [ [ -73.993776539026982, 40.676531018857844, 0.0 ], [ -73.993771576998554, 40.676529566648369, 0.0 ] ] } },
{ "type": "Feature", "properties": { "Layer": "DRAWINGS$OUTLINE", "PaperSpace": null, "SubClasses": null, "Linetype": null, "EntityHandle": "89", "Text": null }, "geometry": { "type": "LineString", "coordinates": [ [ -73.993771576998554, 40.676529566648369, 0.0 ], [ -73.993766615170784, 40.676528114025736, 0.0 ] ] } },
{ "type": "Feature", "properties": { "Layer": "DRAWINGS$OUTLINE", "PaperSpace": null, "SubClasses": null, "Linetype": null, "EntityHandle": "8A", "Text": null }, "geometry": { "type": "LineString", "coordinates": [ [ -73.993766615170784, 40.676528114025736, 0.0 ], [ -73.99376165353786, 40.676526661002171, 0.0 ] ] } },
{ "type": "Feature", "properties": { "Layer": "DRAWINGS$OUTLINE", "PaperSpace": null, "SubClasses": null, "Linetype": null, "EntityHandle": "8B", "Text": null }, "geometry": { "type": "LineString", "coordinates": [ [ -73.99376165353786, 40.676526661002171, 0.0 ], [ -73.99375669209391, 40.676525207589904, 0.0 ] ] } },
{ "type": "Feature", "properties": { "Layer": "DRAWINGS$OUTLINE", "PaperSpace": null, "SubClasses": null, "Linetype": null, "EntityHandle": "8C", "Text": null }, "geometry": { "type": "LineString", "coordinates": [ [ -73.99375669209391, 40.676525207589904, 0.0 ], [ -73.993751730839236, 40.67652375380294, 0.0 ] ] } },
{ "type": "Feature", "properties": { "Layer": "DRAWINGS$OUTLINE", "PaperSpace": null, "SubClasses": null, "Linetype": null, "EntityHandle": "8D", "Text": null }, "geometry": { "type": "LineString", "coordinates": [ [ -73.993751730839236, 40.67652375380294, 0.0 ], [ -73.993746769792111, 40.67652229966297, 0.0 ] ] } },
{ "type": "Feature", "properties": { "Layer": "DRAWINGS$OUTLINE", "PaperSpace": null, "SubClasses": null, "Linetype": null, "EntityHandle": "8E", "Text": null }, "geometry": { "type": "LineString", "coordinates": [ [ -73.993746769792111, 40.67652229966297, 0.0 ], [ -73.993741808934189, 40.676520845172789, 0.0 ] ] } },
{ "type": "Feature", "properties": { "Layer": "DRAWINGS$OUTLINE", "PaperSpace": null, "SubClasses": null, "Linetype": null, "EntityHandle": "8F", "Text": null }, "geometry": { "type": "LineString", "coordinates": [ [ -73.993741808934189, 40.676520845172789, 0.0 ], [ -73.993736848261406, 40.676519390335812, 0.0 ] ] } },
{ "type": "Feature", "properties": { "Layer": "DRAWINGS$OUTLINE", "PaperSpace": null, "SubClasses": null, "Linetype": null, "EntityHandle": "90", "Text": null }, "geometry": { "type": "LineString", "coordinates": [ [ -73.993736848261406, 40.676519390335812, 0.0 ], [ -73.993731887754677, 40.676517935151004, 0.0 ] ] } },
{ "type": "Feature", "properties": { "Layer": "DRAWINGS$OUTLINE", "PaperSpace": null, "SubClasses": null, "Linetype": null, "EntityHandle": "91", "Text": null }, "geometry": { "type": "LineString", "coordinates": [ [ -73.993731887754677, 40.676517935151004, 0.0 ], [ -73.993726927412112, 40.67651647962245, 0.0 ] ] } },
{ "type": "Feature", "properties": { "Layer": "DRAWINGS$OUTLINE", "PaperSpace": null, "SubClasses": null, "Linetype": null, "EntityHandle": "92", "Text": null }, "geometry": { "type": "LineString", "coordinates": [ [ -73.993726927412112, 40.67651647962245, 0.0 ], [ -73.993721967231906, 40.676515023754192, 0.0 ] ] } },
{ "type": "Feature", "properties": { "Layer": "DRAWINGS$OUTLINE", "PaperSpace": null, "SubClasses": null, "Linetype": null, "EntityHandle": "93", "Text": null }, "geometry": { "type": "LineString", "coordinates": [ [ -73.993721967231906, 40.676515023754192, 0.0 ], [ -73.993717007212211, 40.676513567550259, 0.0 ] ] } },
{ "type": "Feature", "properties": { "Layer": "DRAWINGS$OUTLINE", "PaperSpace": null, "SubClasses": null, "Linetype": null, "EntityHandle": "94", "Text": null }, "geometry": { "type": "LineString", "coordinates": [ [ -73.993717007212211, 40.676513567550259, 0.0 ], [ -73.993712047351153, 40.676512111014738, 0.0 ] ] } },
{ "type": "Feature", "properties": { "Layer": "DRAWINGS$OUTLINE", "PaperSpace": null, "SubClasses": null, "Linetype": null, "EntityHandle": "95", "Text": null }, "geometry": { "type": "LineString", "coordinates": [ [ -73.993712047351153, 40.676512111014738, 0.0 ], [ -73.993707087718235, 40.676510654172617, 0.0 ] ] } },
{ "type": "Feature", "properties": { "Layer": "DRAWINGS$OUTLINE", "PaperSpace": null, "SubClasses": null, "Linetype": null, "EntityHandle": "96", "Text": null }, "geometry": { "type": "LineString", "coordinates": [ [ -73.993707087718235, 40.676510654172617, 0.0 ], [ -73.993702128207204, 40.676509196997266, 0.0 ] ] } },
{ "type": "Feature", "properties": { "Layer": "DRAWINGS$OUTLINE", "PaperSpace": null, "SubClasses": null, "Linetype": null, "EntityHandle": "97", "Text": null }, "geometry": { "type": "LineString", "coordinates": [ [ -73.993702128207204, 40.676509196997266, 0.0 ], [ -73.993697168857082, 40.676507739504764, 0.0 ] ] } },
{ "type": "Feature", "properties": { "Layer": "DRAWINGS$OUTLINE", "PaperSpace": null, "SubClasses": null, "Linetype": null, "EntityHandle": "98", "Text": null }, "geometry": { "type": "LineString", "coordinates": [ [ -73.993697168857082, 40.676507739504764, 0.0 ], [ -73.993692209713416, 40.676506281713088, 0.0 ] ] } },
{ "type": "Feature", "properties": { "Layer": "DRAWINGS$OUTLINE", "PaperSpace": null, "SubClasses": null, "Linetype": null, "EntityHandle": "99", "Text": null }, "geometry": { "type": "LineString", "coordinates": [ [ -73.993692209713416, 40.676506281713088, 0.0 ], [ -73.993687250719177, 40.676504823610067, 0.0 ] ] } },
{ "type": "Feature", "properties": { "Layer": "DRAWINGS$OUTLINE", "PaperSpace": null, "SubClasses": null, "Linetype": null, "EntityHandle": "9A", "Text": null }, "geometry": { "type": "LineString", "coordinates": [ [ -73.993687250719177, 40.676504823610067, 0.0 ], [ -73.993682291872545, 40.676503365199757, 0.0 ] ] } },
{ "type": "Feature", "properties": { "Layer": "DRAWINGS$OUTLINE", "PaperSpace": null, "SubClasses": null, "Linetype": null, "EntityHandle": "9B", "Text": null }, "geometry": { "type": "LineString", "coordinates": [ [ -73.993682291872545, 40.676503365199757, 0.0 ], [ -73.993677333171618, 40.676501906486209, 0.0 ] ] } },
{ "type": "Feature", "properties": { "Layer": "DRAWINGS$OUTLINE", "PaperSpace": null, "SubClasses": null, "Linetype": null, "EntityHandle": "9C", "Text": null }, "geometry": { "type": "LineString", "coordinates": [ [ -73.993677333171618, 40.676501906486209, 0.0 ], [ -73.99367237461459, 40.676500447473479, 0.0 ] ] } },
{ "type": "Feature", "properties": { "Layer": "DRAWINGS$OUTLINE", "PaperSpace": null, "SubClasses": null, "Linetype": null, "EntityHandle": "9D", "Text": null }, "geometry": { "type": "LineString", "coordinates": [ [ -73.99367237461459, 40.676500447473479, 0.0 ], [ -73.993667416199614, 40.676498988165598, 0.0 ] ] } },
{ "type": "Feature", "properties": { "Layer": "DRAWINGS$OUTLINE", "PaperSpace": null, "SubClasses": null, "Linetype": null, "EntityHandle": "9E", "Text": null }, "geometry": { "type": "LineString", "coordinates": [ [ -73.993667416199614, 40.676498988165598, 0.0 ], [ -73.993662457924856, 40.676497528566649, 0.0 ] ] } },
{ "type": "Feature", "properties": { "Layer": "DRAWINGS$OUTLINE", "PaperSpace": null, "SubClasses": null, "Linetype": null, "EntityHandle": "9F", "Text": null }, "geometry": { "type": "LineString", "coordinates": [ [ -73.993662457924856, 40.676497528566649, 0.0 ], [ -73.993657499788441, 40.676496068680649, 0.0 ] ] } },
{ "type": "Feature", "properties": { "Layer": "DRAWINGS$OUTLINE", "PaperSpace": null, "SubClasses": null, "Linetype": null, "EntityHandle": "A0", "Text": null }, "geometry": { "type": "LineString", "coordinates": [ [ -73.993657499788441, 40.676496068680649, 0.0 ], [ -73.993652541788535, 40.676494608511653, 0.0 ] ] } },
{ "type": "Feature", "properties": { "Layer": "DRAWINGS$OUTLINE", "PaperSpace": null, "SubClasses": null, "Linetype": null, "EntityHandle": "A1", "Text": null }, "geometry": { "type": "LineString", "coordinates": [ [ -73.993652541788535, 40.676494608511653, 0.0 ], [ -73.993647583923291, 40.676493148063727, 0.0 ] ] } },
{ "type": "Feature", "properties": { "Layer": "DRAWINGS$OUTLINE", "PaperSpace": null, "SubClasses": null, "Linetype": null, "EntityHandle": "A2", "Text": null }, "geometry": { "type": "LineString", "coordinates": [ [ -73.993647583923291, 40.676493148063727, 0.0 ], [ -73.993642626190905, 40.676491687340935, 0.0 ] ] } },
{ "type": "Feature", "properties": { "Layer": "DRAWINGS$OUTLINE", "PaperSpace": null, "SubClasses": null, "Linetype": null, "EntityHandle": "A3", "Text": null }, "geometry": { "type": "LineString", "coordinates": [ [ -73.993642626190905, 40.676491687340935, 0.0 ], [ -73.993637668589471, 40.676490226347283, 0.0 ] ] } },
{ "type": "Feature", "properties": { "Layer": "DRAWINGS$OUTLINE", "PaperSpace": null, "SubClasses": null, "Linetype": null, "EntityHandle": "A4", "Text": null }, "geometry": { "type": "LineString", "coordinates": [ [ -73.993637668589471, 40.676490226347283, 0.0 ], [ -73.993632711117172, 40.676488765086873, 0.0 ] ] } },
{ "type": "Feature", "properties": { "Layer": "DRAWINGS$OUTLINE", "PaperSpace": null, "SubClasses": null, "Linetype": null, "EntityHandle": "A5", "Text": null }, "geometry": { "type": "LineString", "coordinates": [ [ -73.993632711117172, 40.676488765086873, 0.0 ], [ -73.993627753772174, 40.676487303563704, 0.0 ] ] } },
{ "type": "Feature", "properties": { "Layer": "DRAWINGS$OUTLINE", "PaperSpace": null, "SubClasses": null, "Linetype": null, "EntityHandle": "A6", "Text": null }, "geometry": { "type": "LineString", "coordinates": [ [ -73.993627753772174, 40.676487303563704, 0.0 ], [ -73.9936227965526, 40.676485841781869, 0.0 ] ] } },
{ "type": "Feature", "properties": { "Layer": "DRAWINGS$OUTLINE", "PaperSpace": null, "SubClasses": null, "Linetype": null, "EntityHandle": "A7", "Text": null }, "geometry": { "type": "LineString", "coordinates": [ [ -73.9936227965526, 40.676485841781869, 0.0 ], [ -73.993617839467376, 40.676484379730056, 0.0 ] ] } },
{ "type": "Feature", "properties": { "Layer": "DRAWINGS$OUTLINE", "PaperSpace": null, "SubClasses": null, "Linetype": null, "EntityHandle": "A8", "Text": null }, "geometry": { "type": "LineString", "coordinates": [ [ -73.993617839467376, 40.676484379730056, 0.0 ], [ -73.993612882643774, 40.67648291726784, 0.0 ] ] } },
{ "type": "Feature", "properties": { "Layer": "DRAWINGS$OUTLINE", "PaperSpace": null, "SubClasses": null, "Linetype": null, "EntityHandle": "A9", "Text": null }, "geometry": { "type": "LineString", "coordinates": [ [ -73.993612882643774, 40.67648291726784, 0.0 ], [ -73.993607925820356, 40.676481454805398, 0.0 ] ] } },
{ "type": "Feature", "properties": { "Layer": "DRAWINGS$OUTLINE", "PaperSpace": null, "SubClasses": null, "Linetype": null, "EntityHandle": "AA", "Text": null }, "geometry": { "type": "LineString", "coordinates": [ [ -73.993607925820356, 40.676481454805398, 0.0 ], [ -73.993602969043707, 40.676479992251529, 0.0 ] ] } },
{ "type": "Feature", "properties": { "Layer": "DRAWINGS$OUTLINE", "PaperSpace": null, "SubClasses": null, "Linetype": null, "EntityHandle": "AB", "Text": null }, "geometry": { "type": "LineString", "coordinates": [ [ -73.993602969043707, 40.676479992251529, 0.0 ], [ -73.993598012419042, 40.676478529399141, 0.0 ] ] } },
{ "type": "Feature", "properties": { "Layer": "DRAWINGS$OUTLINE", "PaperSpace": null, "SubClasses": null, "Linetype": null, "EntityHandle": "AC", "Text": null }, "geometry": { "type": "LineString", "coordinates": [ [ -73.993598012419042, 40.676478529399141, 0.0 ], [ -73.993593055941702, 40.676477066258187, 0.0 ] ] } },
{ "type": "Feature", "properties": { "Layer": "DRAWINGS$OUTLINE", "PaperSpace": null, "SubClasses": null, "Linetype": null, "EntityHandle": "AD", "Text": null }, "geometry": { "type": "LineString", "coordinates": [ [ -73.993593055941702, 40.676477066258187, 0.0 ], [ -73.993588099611799, 40.67647560282871, 0.0 ] ] } },
{ "type": "Feature", "properties": { "Layer": "DRAWINGS$OUTLINE", "PaperSpace": null, "SubClasses": null, "Linetype": null, "EntityHandle": "AE", "Text": null }, "geometry": { "type": "LineString", "coordinates": [ [ -73.993588099611799, 40.67647560282871, 0.0 ], [ -73.993583143428836, 40.676474139110546, 0.0 ] ] } },
{ "type": "Feature", "properties": { "Layer": "DRAWINGS$OUTLINE", "PaperSpace": null, "SubClasses": null, "Linetype": null, "EntityHandle": "AF", "Text": null }, "geometry": { "type": "LineString", "coordinates": [ [ -73.993583143428836, 40.676474139110546, 0.0 ], [ -73.99357818739287, 40.676472675103717, 0.0 ] ] } },
{ "type": "Feature", "properties": { "Layer": "DRAWINGS$OUTLINE", "PaperSpace": null, "SubClasses": null, "Linetype": null, "EntityHandle": "B0", "Text": null }, "geometry": { "type": "LineString", "coordinates": [ [ -73.99357818739287, 40.676472675103717, 0.0 ], [ -73.99357323150393, 40.676471210808238, 0.0 ] ] } },
{ "type": "Feature", "properties": { "Layer": "DRAWINGS$OUTLINE", "PaperSpace": null, "SubClasses": null, "Linetype": null, "EntityHandle": "B1", "Text": null }, "geometry": { "type": "LineString", "coordinates": [ [ -73.99357323150393, 40.676471210808238, 0.0 ], [ -73.993568275762073, 40.676469746224136, 0.0 ] ] } },
{ "type": "Feature", "properties": { "Layer": "DRAWINGS$OUTLINE", "PaperSpace": null, "SubClasses": null, "Linetype": null, "EntityHandle": "B2", "Text": null }, "geometry": { "type": "LineString", "coordinates": [ [ -73.993568275762073, 40.676469746224136, 0.0 ], [ -73.993563320167326, 40.676468281351397, 0.0 ] ] } },
{ "type": "Feature", "properties": { "Layer": "DRAWINGS$OUTLINE", "PaperSpace": null, "SubClasses": null, "Linetype": null, "EntityHandle": "B3", "Text": null }, "geometry": { "type": "LineString", "coordinates": [ [ -73.993563320167326, 40.676468281351397, 0.0 ], [ -73.993558364719746, 40.676466816190043, 0.0 ] ] } },
{ "type": "Feature", "properties": { "Layer": "DRAWINGS$OUTLINE", "PaperSpace": null, "SubClasses": null, "Linetype": null, "EntityHandle": "B4", "Text": null }, "geometry": { "type": "LineString", "coordinates": [ [ -73.993558364719746, 40.676466816190043, 0.0 ], [ -73.993553409419377, 40.676465350740095, 0.0 ] ] } },
{ "type": "Feature", "properties": { "Layer": "DRAWINGS$OUTLINE", "PaperSpace": null, "SubClasses": null, "Linetype": null, "EntityHandle": "B5", "Text": null }, "geometry": { "type": "LineString", "coordinates": [ [ -73.993553409419377, 40.676465350740095, 0.0 ], [ -73.993548454266573, 40.676463885001652, 0.0 ] ] } },
{ "type": "Feature", "properties": { "Layer": "DRAWINGS$OUTLINE", "PaperSpace": null, "SubClasses": null, "Linetype": null, "EntityHandle": "B6", "Text": null }, "geometry": { "type": "LineString", "coordinates": [ [ -73.993548454266573, 40.676463885001652, 0.0 ], [ -73.993543499261094, 40.676462418974637, 0.0 ] ] } },
{ "type": "Feature", "properties": { "Layer": "DRAWINGS$OUTLINE", "PaperSpace": null, "SubClasses": null, "Linetype": null, "EntityHandle": "B7", "Text": null }, "geometry": { "type": "LineString", "coordinates": [ [ -73.993543499261094, 40.676462418974637, 0.0 ], [ -73.993538544402966, 40.67646095265907, 0.0 ] ] } },
{ "type": "Feature", "properties": { "Layer": "DRAWINGS$OUTLINE", "PaperSpace": null, "SubClasses": null, "Linetype": null, "EntityHandle": "B8", "Text": null }, "geometry": { "type": "LineString", "coordinates": [ [ -73.993538544402966, 40.67646095265907, 0.0 ], [ -73.993533589692206, 40.676459486054945, 0.0 ] ] } },
{ "type": "Feature", "properties": { "Layer": "DRAWINGS$OUTLINE", "PaperSpace": null, "SubClasses": null, "Linetype": null, "EntityHandle": "B9", "Text": null }, "geometry": { "type": "LineString", "coordinates": [ [ -73.993533589692206, 40.676459486054945, 0.0 ], [ -73.993528635128882, 40.676458019162311, 0.0 ] ] } },
{ "type": "Feature", "properties": { "Layer": "DRAWINGS$OUTLINE", "PaperSpace": null, "SubClasses": null, "Linetype": null, "EntityHandle": "BA", "Text": null }, "geometry": { "type": "LineString", "coordinates": [ [ -73.993528635128882, 40.676458019162311, 0.0 ], [ -73.993523680713025, 40.676456551981119, 0.0 ] ] } },
{ "type": "Feature", "properties": { "Layer": "DRAWINGS$OUTLINE", "PaperSpace": null, "SubClasses": null, "Linetype": null, "EntityHandle": "BB", "Text": null }, "geometry": { "type": "LineString", "coordinates": [ [ -73.993523680713025, 40.676456551981119, 0.0 ], [ -73.993518726444677, 40.676455084511431, 0.0 ] ] } },
{ "type": "Feature", "properties": { "Layer": "DRAWINGS$OUTLINE", "PaperSpace": null, "SubClasses": null, "Linetype": null, "EntityHandle": "BC", "Text": null }, "geometry": { "type": "LineString", "coordinates": [ [ -73.993518726444677, 40.676455084511431, 0.0 ], [ -73.993513772323894, 40.676453616753278, 0.0 ] ] } },
{ "type": "Feature", "properties": { "Layer": "DRAWINGS$OUTLINE", "PaperSpace": null, "SubClasses": null, "Linetype": null, "EntityHandle": "BD", "Text": null }, "geometry": { "type": "LineString", "coordinates": [ [ -73.993513772323894, 40.676453616753278, 0.0 ], [ -73.993508818350691, 40.676452148706609, 0.0 ] ] } },
{ "type": "Feature", "properties": { "Layer": "DRAWINGS$OUTLINE", "PaperSpace": null, "SubClasses": null, "Linetype": null, "EntityHandle": "BE", "Text": null }, "geometry": { "type": "LineString", "coordinates": [ [ -73.993508818350691, 40.676452148706609, 0.0 ], [ -73.993503864525124, 40.676450680371474, 0.0 ] ] } },
{ "type": "Feature", "properties": { "Layer": "DRAWINGS$OUTLINE", "PaperSpace": null, "SubClasses": null, "Linetype": null, "EntityHandle": "BF", "Text": null }, "geometry": { "type": "LineString", "coordinates": [ [ -73.993503864525124, 40.676450680371474, 0.0 ], [ -73.993498910847265, 40.676449211747901, 0.0 ] ] } },
{ "type": "Feature", "properties": { "Layer": "DRAWINGS$OUTLINE", "PaperSpace": null, "SubClasses": null, "Linetype": null, "EntityHandle": "C0", "Text": null }, "geometry": { "type": "LineString", "coordinates": [ [ -73.993498910847265, 40.676449211747901, 0.0 ], [ -73.993493957317128, 40.676447742835862, 0.0 ] ] } },
{ "type": "Feature", "properties": { "Layer": "DRAWINGS$OUTLINE", "PaperSpace": null, "SubClasses": null, "Linetype": null, "EntityHandle": "C1", "Text": null }, "geometry": { "type": "LineString", "coordinates": [ [ -73.993493957317128, 40.676447742835862, 0.0 ], [ -73.993489003934755, 40.676446273635406, 0.0 ] ] } },
{ "type": "Feature", "properties": { "Layer": "DRAWINGS$OUTLINE", "PaperSpace": null, "SubClasses": null, "Linetype": null, "EntityHandle": "C2", "Text": null }, "geometry": { "type": "LineString", "coordinates": [ [ -73.993489003934755, 40.676446273635406, 0.0 ], [ -73.993484050700218, 40.676444804146499, 0.0 ] ] } },
{ "type": "Feature", "properties": { "Layer": "DRAWINGS$OUTLINE", "PaperSpace": null, "SubClasses": null, "Linetype": null, "EntityHandle": "C3", "Text": null }, "geometry": { "type": "LineString", "coordinates": [ [ -73.993484050700218, 40.676444804146499, 0.0 ], [ -73.993479097613545, 40.676443334369225, 0.0 ] ] } },
{ "type": "Feature", "properties": { "Layer": "DRAWINGS$OUTLINE", "PaperSpace": null, "SubClasses": null, "Linetype": null, "EntityHandle": "C4", "Text": null }, "geometry": { "type": "LineString", "coordinates": [ [ -73.993479097613545, 40.676443334369225, 0.0 ], [ -73.993474144674749, 40.676441864303548, 0.0 ] ] } },
{ "type": "Feature", "properties": { "Layer": "DRAWINGS$OUTLINE", "PaperSpace": null, "SubClasses": null, "Linetype": null, "EntityHandle": "C5", "Text": null }, "geometry": { "type": "LineString", "coordinates": [ [ -73.993474144674749, 40.676441864303548, 0.0 ], [ -73.993469191883918, 40.676440393949477, 0.0 ] ] } },
{ "type": "Feature", "properties": { "Layer": "DRAWINGS$OUTLINE", "PaperSpace": null, "SubClasses": null, "Linetype": null, "EntityHandle": "C6", "Text": null }, "geometry": { "type": "LineString", "coordinates": [ [ -73.993469191883918, 40.676440393949477, 0.0 ], [ -73.993464239241064, 40.676438923307032, 0.0 ] ] } },
{ "type": "Feature", "properties": { "Layer": "DRAWINGS$OUTLINE", "PaperSpace": null, "SubClasses": null, "Linetype": null, "EntityHandle": "C7", "Text": null }, "geometry": { "type": "LineString", "coordinates": [ [ -73.993464239241064, 40.676438923307032, 0.0 ], [ -73.993459286746244, 40.676437452376241, 0.0 ] ] } },
{ "type": "Feature", "properties": { "Layer": "DRAWINGS$OUTLINE", "PaperSpace": null, "SubClasses": null, "Linetype": null, "EntityHandle": "C8", "Text": null }, "geometry": { "type": "LineString", "coordinates": [ [ -73.993459286746244, 40.676437452376241, 0.0 ], [ -73.993454334399502, 40.676435981157113, 0.0 ] ] } },
{ "type": "Feature", "properties": { "Layer": "DRAWINGS$OUTLINE", "PaperSpace": null, "SubClasses": null, "Linetype": null, "EntityHandle": "C9", "Text": null }, "geometry": { "type": "LineString", "coordinates": [ [ -73.993454334399502, 40.676435981157113, 0.0 ], [ -73.993449382200879, 40.676434509649674, 0.0 ] ] } },
{ "type": "Feature", "properties": { "Layer": "DRAWINGS$OUTLINE", "PaperSpace": null, "SubClasses": null, "Linetype": null, "EntityHandle": "CA", "Text": null }, "geometry": { "type": "LineString", "coordinates": [ [ -73.993449382200879, 40.676434509649674, 0.0 ], [ -73.993444430150433, 40.676433037853904, 0.0 ] ] } },
{ "type": "Feature", "properties": { "Layer": "DRAWINGS$OUTLINE", "PaperSpace": null, "SubClasses": null, "Linetype": null, "EntityHandle": "CB", "Text": null }, "geometry": { "type": "LineString", "coordinates": [ [ -73.993444430150433, 40.676433037853904, 0.0 ], [ -73.993439478248192, 40.676431565769825, 0.0 ] ] } },
{ "type": "Feature", "properties": { "Layer": "DRAWINGS$OUTLINE", "PaperSpace": null, "SubClasses": null, "Linetype": null, "EntityHandle": "CC", "Text": null }, "geometry": { "type": "LineString", "coordinates": [ [ -73.993439478248192, 40.676431565769825, 0.0 ], [ -73.993434526519835, 40.676430093347356, 0.0 ] ] } },
{ "type": "Feature", "properties": { "Layer": "DRAWINGS$OUTLINE", "PaperSpace": null, "SubClasses": null, "Linetype": null, "EntityHandle": "CD", "Text": null }, "geometry": { "type": "LineString", "coordinates": [ [ -73.993434526519835, 40.676430093347356, 0.0 ], [ -73.993429575259313, 40.676428620010164, 0.0 ] ] } },
{ "type": "Feature", "properties": { "Layer": "DRAWINGS$OUTLINE", "PaperSpace": null, "SubClasses": null, "Linetype": null, "EntityHandle": "CE", "Text": null }, "geometry": { "type": "LineString", "coordinates": [ [ -73.993429575259313, 40.676428620010164, 0.0 ], [ -73.993424624217681, 40.676427146250212, 0.0 ] ] } },
{ "type": "Feature", "properties": { "Layer": "DRAWINGS$OUTLINE", "PaperSpace": null, "SubClasses": null, "Linetype": null, "EntityHandle": "CF", "Text": null }, "geometry": { "type": "LineString", "coordinates": [ [ -73.993424624217681, 40.676427146250212, 0.0 ], [ -73.993419673405413, 40.676425672041326, 0.0 ] ] } },
{ "type": "Feature", "properties": { "Layer": "DRAWINGS$OUTLINE", "PaperSpace": null, "SubClasses": null, "Linetype": null, "EntityHandle": "D0", "Text": null }, "geometry": { "type": "LineString", "coordinates": [ [ -73.993419673405413, 40.676425672041326, 0.0 ], [ -73.993414722836008, 40.676424197358209, 0.0 ] ] } },
{ "type": "Feature", "properties": { "Layer": "DRAWINGS$OUTLINE", "PaperSpace": null, "SubClasses": null, "Linetype": null, "EntityHandle": "D1", "Text": null }, "geometry": { "type": "LineString", "coordinates": [ [ -73.993414722836008, 40.676424197358209, 0.0 ], [ -73.993409772522938, 40.676422722175587, 0.0 ] ] } },
{ "type": "Feature", "properties": { "Layer": "DRAWINGS$OUTLINE", "PaperSpace": null, "SubClasses": null, "Linetype": null, "EntityHandle": "D2", "Text": null }, "geometry": { "type": "LineString", "coordinates": [ [ -73.993409772522938, 40.676422722175587, 0.0 ], [ -73.993404822476208, 40.676421246467129, 0.0 ] ] } },
{ "type": "Feature", "properties": { "Layer": "DRAWINGS$OUTLINE", "PaperSpace": null, "SubClasses": null, "Linetype": null, "EntityHandle": "D3", "Text": null }, "geometry": { "type": "LineString", "coordinates": [ [ -73.993404822476208, 40.676421246467129, 0.0 ], [ -73.993399872710697, 40.676419770207971, 0.0 ] ] } },
{ "type": "Feature", "properties": { "Layer": "DRAWINGS$OUTLINE", "PaperSpace": null, "SubClasses": null, "Linetype": null, "EntityHandle": "D4", "Text": null }, "geometry": { "type": "LineString", "coordinates": [ [ -73.993399872710697, 40.676419770207971, 0.0 ], [ -73.993394923241993, 40.676418293373459, 0.0 ] ] } },
{ "type": "Feature", "properties": { "Layer": "DRAWINGS$OUTLINE", "PaperSpace": null, "SubClasses": null, "Linetype": null, "EntityHandle": "D5", "Text": null }, "geometry": { "type": "LineString", "coordinates": [ [ -73.993394923241993, 40.676418293373459, 0.0 ], [ -73.993389974083556, 40.676416815938289, 0.0 ] ] } },
{ "type": "Feature", "properties": { "Layer": "DRAWINGS$OUTLINE", "PaperSpace": null, "SubClasses": null, "Linetype": null, "EntityHandle": "D6", "Text": null }, "geometry": { "type": "LineString", "coordinates": [ [ -73.993389974083556, 40.676416815938289, 0.0 ], [ -73.993385025248884, 40.676415337877188, 0.0 ] ] } },
{ "type": "Feature", "properties": { "Layer": "DRAWINGS$OUTLINE", "PaperSpace": null, "SubClasses": null, "Linetype": null, "EntityHandle": "D7", "Text": null }, "geometry": { "type": "LineString", "coordinates": [ [ -73.993385025248884, 40.676415337877188, 0.0 ], [ -73.993380076751478, 40.676413859164896, 0.0 ] ] } },
{ "type": "Feature", "properties": { "Layer": "DRAWINGS$OUTLINE", "PaperSpace": null, "SubClasses": null, "Linetype": null, "EntityHandle": "D8", "Text": null }, "geometry": { "type": "LineString", "coordinates": [ [ -73.993380076751478, 40.676413859164896, 0.0 ], [ -73.993375128604796, 40.676412379776067, 0.0 ] ] } },
{ "type": "Feature", "properties": { "Layer": "DRAWINGS$OUTLINE", "PaperSpace": null, "SubClasses": null, "Linetype": null, "EntityHandle": "D9", "Text": null }, "geometry": { "type": "LineString", "coordinates": [ [ -73.993375128604796, 40.676412379776067, 0.0 ], [ -73.993370180822367, 40.676410899685465, 0.0 ] ] } },
{ "type": "Feature", "properties": { "Layer": "DRAWINGS$OUTLINE", "PaperSpace": null, "SubClasses": null, "Linetype": null, "EntityHandle": "DA", "Text": null }, "geometry": { "type": "LineString", "coordinates": [ [ -73.993370180822367, 40.676410899685465, 0.0 ], [ -73.993365233417634, 40.676409418867799, 0.0 ] ] } },
{ "type": "Feature", "properties": { "Layer": "DRAWINGS$OUTLINE", "PaperSpace": null, "SubClasses": null, "Linetype": null, "EntityHandle": "DB", "Text": null }, "geometry": { "type": "LineString", "coordinates": [ [ -73.993365233417634, 40.676409418867799, 0.0 ], [ -73.993360286404112, 40.67640793729776, 0.0 ] ] } },
{ "type": "Feature", "properties": { "Layer": "DRAWINGS$OUTLINE", "PaperSpace": null, "SubClasses": null, "Linetype": null, "EntityHandle": "DC", "Text": null }, "geometry": { "type": "LineString", "coordinates": [ [ -73.993360286404112, 40.67640793729776, 0.0 ], [ -73.993355339795244, 40.676406454950083, 0.0 ] ] } },
{ "type": "Feature", "properties": { "Layer": "DRAWINGS$OUTLINE", "PaperSpace": null, "SubClasses": null, "Linetype": null, "EntityHandle": "DD", "Text": null }, "geometry": { "type": "LineString", "coordinates": [ [ -73.993355339795244, 40.676406454950083, 0.0 ], [ -73.993350393604544, 40.676404971799506, 0.0 ] ] } },
{ "type": "Feature", "properties": { "Layer": "DRAWINGS$OUTLINE", "PaperSpace": null, "SubClasses": null, "Linetype": null, "EntityHandle": "DE", "Text": null }, "geometry": { "type": "LineString", "coordinates": [ [ -73.993350393604544, 40.676404971799506, 0.0 ], [ -73.993345447840838, 40.676403487816231, 0.0 ] ] } },
{ "type": "Feature", "properties": { "Layer": "DRAWINGS$OUTLINE", "PaperSpace": null, "SubClasses": null, "Linetype": null, "EntityHandle": "DF", "Text": null }, "geometry": { "type": "LineString", "coordinates": [ [ -73.993345447840838, 40.676403487816231, 0.0 ], [ -73.993340502532106, 40.676402002942375, 0.0 ] ] } },
{ "type": "Feature", "properties": { "Layer": "DRAWINGS$OUTLINE", "PaperSpace": null, "SubClasses": null, "Linetype": null, "EntityHandle": "E0", "Text": null }, "geometry": { "type": "LineString", "coordinates": [ [ -73.993340502532106, 40.676402002942375, 0.0 ], [ -73.993335557718055, 40.676400517112327, 0.0 ] ] } },
{ "type": "Feature", "properties": { "Layer": "DRAWINGS$OUTLINE", "PaperSpace": null, "SubClasses": null, "Linetype": null, "EntityHandle": "E1", "Text": null }, "geometry": { "type": "LineString", "coordinates": [ [ -73.993335557718055, 40.676400517112327, 0.0 ], [ -73.993330613428981, 40.67639903025912, 0.0 ] ] } },
{ "type": "Feature", "properties": { "Layer": "DRAWINGS$OUTLINE", "PaperSpace": null, "SubClasses": null, "Linetype": null, "EntityHandle": "E2", "Text": null }, "geometry": { "type": "LineString", "coordinates": [ [ -73.993330613428981, 40.67639903025912, 0.0 ], [ -73.99332566970395, 40.676397542318391, 0.0 ] ] } },
{ "type": "Feature", "properties": { "Layer": "DRAWINGS$OUTLINE", "PaperSpace": null, "SubClasses": null, "Linetype": null, "EntityHandle": "E3", "Text": null }, "geometry": { "type": "LineString", "coordinates": [ [ -73.99332566970395, 40.676397542318391, 0.0 ], [ -73.993320726580251, 40.676396053225261, 0.0 ] ] } },
{ "type": "Feature", "properties": { "Layer": "DRAWINGS$OUTLINE", "PaperSpace": null, "SubClasses": null, "Linetype": null, "EntityHandle": "E4", "Text": null }, "geometry": { "type": "LineString", "coordinates": [ [ -73.993320726580251, 40.676396053225261, 0.0 ], [ -73.99331578409344, 40.676394562914332, 0.0 ] ] } },
{ "type": "Feature", "properties": { "Layer": "DRAWINGS$OUTLINE", "PaperSpace": null, "SubClasses": null, "Linetype": null, "EntityHandle": "E5", "Text": null }, "geometry": { "type": "LineString", "coordinates": [ [ -73.99331578409344, 40.676394562914332, 0.0 ], [ -73.993310842279115, 40.676393071320213, 0.0 ] ] } },
{ "type": "Feature", "properties": { "Layer": "DRAWINGS$OUTLINE", "PaperSpace": null, "SubClasses": null, "Linetype": null, "EntityHandle": "E6", "Text": null }, "geometry": { "type": "LineString", "coordinates": [ [ -73.993310842279115, 40.676393071320213, 0.0 ], [ -73.993305901172832, 40.676391578377483, 0.0 ] ] } },
{ "type": "Feature", "properties": { "Layer": "DRAWINGS$OUTLINE", "PaperSpace": null, "SubClasses": null, "Linetype": null, "EntityHandle": "E7", "Text": null }, "geometry": { "type": "LineString", "coordinates": [ [ -73.993305901172832, 40.676391578377483, 0.0 ], [ -73.993300960799218, 40.676390084021797, 0.0 ] ] } },
{ "type": "Feature", "properties": { "Layer": "DRAWINGS$OUTLINE", "PaperSpace": null, "SubClasses": null, "Linetype": null, "EntityHandle": "E8", "Text": null }, "geometry": { "type": "LineString", "coordinates": [ [ -73.993300960799218, 40.676390084021797, 0.0 ], [ -73.993296021206945, 40.676388588163015, 0.0 ] ] } },
{ "type": "Feature", "properties": { "Layer": "DRAWINGS$OUTLINE", "PaperSpace": null, "SubClasses": null, "Linetype": null, "EntityHandle": "E9", "Text": null }, "geometry": { "type": "LineString", "coordinates": [ [ -73.993296021206945, 40.676388588163015, 0.0 ], [ -73.993291082470677, 40.676387090660739, 0.0 ] ] } },
{ "type": "Feature", "properties": { "Layer": "DRAWINGS$OUTLINE", "PaperSpace": null, "SubClasses": null, "Linetype": null, "EntityHandle": "EA", "Text": null }, "geometry": { "type": "LineString", "coordinates": [ [ -73.993291082470677, 40.676387090660739, 0.0 ], [ -73.993286144653055, 40.676385591368522, 0.0 ] ] } },
{ "type": "Feature", "properties": { "Layer": "DRAWINGS$OUTLINE", "PaperSpace": null, "SubClasses": null, "Linetype": null, "EntityHandle": "EB", "Text": null }, "geometry": { "type": "LineString", "coordinates": [ [ -73.993286144653055, 40.676385591368522, 0.0 ], [ -73.993281207848881, 40.67638409014959, 0.0 ] ] } },
{ "type": "Feature", "properties": { "Layer": "DRAWINGS$OUTLINE", "PaperSpace": null, "SubClasses": null, "Linetype": null, "EntityHandle": "EC", "Text": null }, "geometry": { "type": "LineString", "coordinates": [ [ -73.993281207848881, 40.67638409014959, 0.0 ], [ -73.993276272138004, 40.676382586862708, 0.0 ] ] } },
{ "type": "Feature", "properties": { "Layer": "DRAWINGS$OUTLINE", "PaperSpace": null, "SubClasses": null, "Linetype": null, "EntityHandle": "ED", "Text": null }, "geometry": { "type": "LineString", "coordinates": [ [ -73.993276272138004, 40.676382586862708, 0.0 ], [ -73.993271337599566, 40.676381081366394, 0.0 ] ] } },
{ "type": "Feature", "properties": { "Layer": "DRAWINGS$OUTLINE", "PaperSpace": null, "SubClasses": null, "Linetype": null, "EntityHandle": "EE", "Text": null }, "geometry": { "type": "LineString", "coordinates": [ [ -73.993271337599566, 40.676381081366394, 0.0 ], [ -73.993266404312635, 40.676379573519135, 0.0 ] ] } },
{ "type": "Feature", "properties": { "Layer": "DRAWINGS$OUTLINE", "PaperSpace": null, "SubClasses": null, "Linetype": null, "EntityHandle": "EF", "Text": null }, "geometry": { "type": "LineString", "coordinates": [ [ -73.993266404312635, 40.676379573519135, 0.0 ], [ -73.993261472356323, 40.676378063179477, 0.0 ] ] } },
{ "type": "Feature", "properties": { "Layer": "DRAWINGS$OUTLINE", "PaperSpace": null, "SubClasses": null, "Linetype": null, "EntityHandle": "F0", "Text": null }, "geometry": { "type": "LineString", "coordinates": [ [ -73.993261472356323, 40.676378063179477, 0.0 ], [ -73.993256541710849, 40.676376550318302, 0.0 ] ] } },
{ "type": "Feature", "properties": { "Layer": "DRAWINGS$OUTLINE", "PaperSpace": null, "SubClasses": null, "Linetype": null, "EntityHandle": "F1", "Text": null }, "geometry": { "type": "LineString", "coordinates": [ [ -73.993256541710849, 40.676376550318302, 0.0 ], [ -73.993251612739854, 40.676375034285506, 0.0 ] ] } },
{ "type": "Feature", "properties": { "Layer": "DRAWINGS$OUTLINE", "PaperSpace": null, "SubClasses": null, "Linetype": null, "EntityHandle": "F2", "Text": null }, "geometry": { "type": "LineString", "coordinates": [ [ -73.993251612739854, 40.676375034285506, 0.0 ], [ -73.99324668547645, 40.676373515036055, 0.0 ] ] } },
{ "type": "Feature", "properties": { "Layer": "DRAWINGS$OUTLINE", "PaperSpace": null, "SubClasses": null, "Linetype": null, "EntityHandle": "F3", "Text": null }, "geometry": { "type": "LineString", "coordinates": [ [ -73.99324668547645, 40.676373515036055, 0.0 ], [ -73.993241759924985, 40.676371992571262, 0.0 ] ] } },
{ "type": "Feature", "properties": { "Layer": "DRAWINGS$OUTLINE", "PaperSpace": null, "SubClasses": null, "Linetype": null, "EntityHandle": "F4", "Text": null }, "geometry": { "type": "LineString", "coordinates": [ [ -73.993241759924985, 40.676371992571262, 0.0 ], [ -73.993236836090617, 40.676370466892749, 0.0 ] ] } },
{ "type": "Feature", "properties": { "Layer": "DRAWINGS$OUTLINE", "PaperSpace": null, "SubClasses": null, "Linetype": null, "EntityHandle": "F5", "Text": null }, "geometry": { "type": "LineString", "coordinates": [ [ -73.993236836090617, 40.676370466892749, 0.0 ], [ -73.993231913978775, 40.676368938002192, 0.0 ] ] } },
{ "type": "Feature", "properties": { "Layer": "DRAWINGS$OUTLINE", "PaperSpace": null, "SubClasses": null, "Linetype": null, "EntityHandle": "F6", "Text": null }, "geometry": { "type": "LineString", "coordinates": [ [ -73.993231913978775, 40.676368938002192, 0.0 ], [ -73.993226993655909, 40.676367405865733, 0.0 ] ] } },
{ "type": "Feature", "properties": { "Layer": "DRAWINGS$OUTLINE", "PaperSpace": null, "SubClasses": null, "Linetype": null, "EntityHandle": "F7", "Text": null }, "geometry": { "type": "LineString", "coordinates": [ [ -73.993226993655909, 40.676367405865733, 0.0 ], [ -73.993222075337414, 40.676365869857406, 0.0 ] ] } },
{ "type": "Feature", "properties": { "Layer": "DRAWINGS$OUTLINE", "PaperSpace": null, "SubClasses": null, "Linetype": null, "EntityHandle": "F8", "Text": null }, "geometry": { "type": "LineString", "coordinates": [ [ -73.993222075337414, 40.676365869857406, 0.0 ], [ -73.993217160924388, 40.676364326654102, 0.0 ] ] } },
{ "type": "Feature", "properties": { "Layer": "DRAWINGS$OUTLINE", "PaperSpace": null, "SubClasses": null, "Linetype": null, "EntityHandle": "F9", "Text": null }, "geometry": { "type": "LineString", "coordinates": [ [ -73.993217160924388, 40.676364326654102, 0.0 ], [ -73.993212252678745, 40.676362772077852, 0.0 ] ] } },
{ "type": "Feature", "properties": { "Layer": "DRAWINGS$OUTLINE", "PaperSpace": null, "SubClasses": null, "Linetype": null, "EntityHandle": "FA", "Text": null }, "geometry": { "type": "LineString", "coordinates": [ [ -73.993212252678745, 40.676362772077852, 0.0 ], [ -73.993207353515132, 40.676361201098111, 0.0 ] ] } },
{ "type": "Feature", "properties": { "Layer": "DRAWINGS$OUTLINE", "PaperSpace": null, "SubClasses": null, "Linetype": null, "EntityHandle": "FB", "Text": null }, "geometry": { "type": "LineString", "coordinates": [ [ -73.993207353515132, 40.676361201098111, 0.0 ], [ -73.993202467725538, 40.676359606030083, 0.0 ] ] } },
{ "type": "Feature", "properties": { "Layer": "DRAWINGS$OUTLINE", "PaperSpace": null, "SubClasses": null, "Linetype": null, "EntityHandle": "FC", "Text": null }, "geometry": { "type": "LineString", "coordinates": [ [ -73.993202467725538, 40.676359606030083, 0.0 ], [ -73.993197603422246, 40.676357973595934, 0.0 ] ] } },
{ "type": "Feature", "properties": { "Layer": "DRAWINGS$OUTLINE", "PaperSpace": null, "SubClasses": null, "Linetype": null, "EntityHandle": "FD", "Text": null }, "geometry": { "type": "LineString", "coordinates": [ [ -73.993197603422246, 40.676357973595934, 0.0 ], [ -73.993192772582645, 40.676356284505324, 0.0 ] ] } },
{ "type": "Feature", "properties": { "Layer": "DRAWINGS$OUTLINE", "PaperSpace": null, "SubClasses": null, "Linetype": null, "EntityHandle": "FE", "Text": null }, "geometry": { "type": "LineString", "coordinates": [ [ -73.993192772582645, 40.676356284505324, 0.0 ], [ -73.993187995279669, 40.676354509535585, 0.0 ] ] } },
{ "type": "Feature", "properties": { "Layer": "DRAWINGS$OUTLINE", "PaperSpace": null, "SubClasses": null, "Linetype": null, "EntityHandle": "FF", "Text": null }, "geometry": { "type": "LineString", "coordinates": [ [ -73.993187995279669, 40.676354509535585, 0.0 ], [ -73.993183308423909, 40.676352600400278, 0.0 ] ] } },
{ "type": "Feature", "properties": { "Layer": "DRAWINGS$OUTLINE", "PaperSpace": null, "SubClasses": null, "Linetype": null, "EntityHandle": "100", "Text": null }, "geometry": { "type": "LineString", "coordinates": [ [ -73.993183308423909, 40.676352600400278, 0.0 ], [ -73.993178784523295, 40.676350476832226, 0.0 ] ] } },
{ "type": "Feature", "properties": { "Layer": "DRAWINGS$OUTLINE", "PaperSpace": null, "SubClasses": null, "Linetype": null, "EntityHandle": "101", "Text": null }, "geometry": { "type": "LineString", "coordinates": [ [ -73.993178784523295, 40.676350476832226, 0.0 ], [ -73.993174570718963, 40.676348014021237, 0.0 ] ] } },
{ "type": "Feature", "properties": { "Layer": "DRAWINGS$OUTLINE", "PaperSpace": null, "SubClasses": null, "Linetype": null, "EntityHandle": "102", "Text": null }, "geometry": { "type": "LineString", "coordinates": [ [ -73.993174570718963, 40.676348014021237, 0.0 ], [ -73.993170960016613, 40.676345054348204, 0.0 ] ] } },
{ "type": "Feature", "properties": { "Layer": "DRAWINGS$OUTLINE", "PaperSpace": null, "SubClasses": null, "Linetype": null, "EntityHandle": "103", "Text": null }, "geometry": { "type": "LineString", "coordinates": [ [ -73.993170960016613, 40.676345054348204, 0.0 ], [ -73.993168552881102, 40.676341465305185, 0.0 ] ] } },
{ "type": "Feature", "properties": { "Layer": "DRAWINGS$OUTLINE", "PaperSpace": null, "SubClasses": null, "Linetype": null, "EntityHandle": "104", "Text": null }, "geometry": { "type": "LineString", "coordinates": [ [ -73.993168552881102, 40.676341465305185, 0.0 ], [ -73.993167654261853, 40.676337487969462, 0.0 ] ] } },
{ "type": "Feature", "properties": { "Layer": "DRAWINGS$OUTLINE", "PaperSpace": null, "SubClasses": null, "Linetype": null, "EntityHandle": "105", "Text": null }, "geometry": { "type": "LineString", "coordinates": [ [ -73.993167654261853, 40.676337487969462, 0.0 ], [ -73.993167832581094, 40.676333446876221, 0.0 ] ] } },
{ "type": "Feature", "properties": { "Layer": "DRAWINGS$OUTLINE", "PaperSpace": null, "SubClasses": null, "Linetype": null, "EntityHandle": "106", "Text": null }, "geometry": { "type": "LineString", "coordinates": [ [ -73.993167832581094, 40.676333446876221, 0.0 ], [ -73.993168626593501, 40.676329446251017, 0.0 ] ] } },
{ "type": "Feature", "properties": { "Layer": "DRAWINGS$OUTLINE", "PaperSpace": null, "SubClasses": null, "Linetype": null, "EntityHandle": "107", "Text": null }, "geometry": { "type": "LineString", "coordinates": [ [ -73.993168626593501, 40.676329446251017, 0.0 ], [ -73.993169769440058, 40.676325494031417, 0.0 ] ] } },
{ "type": "Feature", "properties": { "Layer": "DRAWINGS$OUTLINE", "PaperSpace": null, "SubClasses": null, "Linetype": null, "EntityHandle": "108", "Text": null }, "geometry": { "type": "LineString", "coordinates": [ [ -73.993169769440058, 40.676325494031417, 0.0 ], [ -73.993171125173419, 40.676321580717413, 0.0 ] ] } },
{ "type": "Feature", "properties": { "Layer": "DRAWINGS$OUTLINE", "PaperSpace": null, "SubClasses": null, "Linetype": null, "EntityHandle": "109", "Text": null }, "geometry": { "type": "LineString", "coordinates": [ [ -73.993171125173419, 40.676321580717413, 0.0 ], [ -73.993172621727666, 40.676317697232214, 0.0 ] ] } },
{ "type": "Feature", "properties": { "Layer": "DRAWINGS$OUTLINE", "PaperSpace": null, "SubClasses": null, "Linetype": null, "EntityHandle": "10A", "Text": null }, "geometry": { "type": "LineString", "coordinates": [ [ -73.993172621727666, 40.676317697232214, 0.0 ], [ -73.993174211289926, 40.676313835153955, 0.0 ] ] } },
{ "type": "Feature", "properties": { "Layer": "DRAWINGS$OUTLINE", "PaperSpace": null, "SubClasses": null, "Linetype": null, "EntityHandle": "10B", "Text": null }, "geometry": { "type": "LineString", "coordinates": [ [ -73.993174211289926, 40.676313835153955, 0.0 ], [ -73.993175868000051, 40.676309989443105, 0.0 ] ] } },
{ "type": "Feature", "properties": { "Layer": "DRAWINGS$OUTLINE", "PaperSpace": null, "SubClasses": null, "Linetype": null, "EntityHandle": "10C", "Text": null }, "geometry": { "type": "LineString", "coordinates": [ [ -73.993175868000051, 40.676309989443105, 0.0 ], [ -73.993177578130471, 40.676306157294832, 0.0 ] ] } },
{ "type": "Feature", "properties": { "Layer": "DRAWINGS$OUTLINE", "PaperSpace": null, "SubClasses": null, "Linetype": null, "EntityHandle": "10D", "Text": null }, "geometry": { "type": "LineString", "coordinates": [ [ -73.993177578130471, 40.676306157294832, 0.0 ], [ -73.993179332593158, 40.676302336782669, 0.0 ] ] } },
{ "type": "Feature", "properties": { "Layer": "DRAWINGS$OUTLINE", "PaperSpace": null, "SubClasses": null, "Linetype": null, "EntityHandle": "10E", "Text": null }, "geometry": { "type": "LineString", "coordinates": [ [ -73.993179332593158, 40.676302336782669, 0.0 ], [ -73.993181125196301, 40.676298526545658, 0.0 ] ] } },
{ "type": "Feature", "properties": { "Layer": "DRAWINGS$OUTLINE", "PaperSpace": null, "SubClasses": null, "Linetype": null, "EntityHandle": "10F", "Text": null }, "geometry": { "type": "LineString", "coordinates": [ [ -73.993181125196301, 40.676298526545658, 0.0 ], [ -73.99318295168105, 40.676294725630058, 0.0 ] ] } },
{ "type": "Feature", "properties": { "Layer": "DRAWINGS$OUTLINE", "PaperSpace": null, "SubClasses": null, "Linetype": null, "EntityHandle": "110", "Text": null }, "geometry": { "type": "LineString", "coordinates": [ [ -73.99318295168105, 40.676294725630058, 0.0 ], [ -73.993184809182154, 40.676290933460194, 0.0 ] ] } },
{ "type": "Feature", "properties": { "Layer": "DRAWINGS$OUTLINE", "PaperSpace": null, "SubClasses": null, "Linetype": null, "EntityHandle": "111", "Text": null }, "geometry": { "type": "LineString", "coordinates": [ [ -73.993184809182154, 40.676290933460194, 0.0 ], [ -73.993186696045441, 40.676287149682835, 0.0 ] ] } },
{ "type": "Feature", "properties": { "Layer": "DRAWINGS$OUTLINE", "PaperSpace": null, "SubClasses": null, "Linetype": null, "EntityHandle": "112", "Text": null }, "geometry": { "type": "LineString", "coordinates": [ [ -73.993186696045441, 40.676287149682835, 0.0 ], [ -73.993188611735647, 40.676283374316618, 0.0 ] ] } },
{ "type": "Feature", "properties": { "Layer": "DRAWINGS$OUTLINE", "PaperSpace": null, "SubClasses": null, "Linetype": null, "EntityHandle": "113", "Text": null }, "geometry": { "type": "LineString", "coordinates": [ [ -73.993188611735647, 40.676283374316618, 0.0 ], [ -73.993190556876399, 40.676279607712011, 0.0 ] ] } },
{ "type": "Feature", "properties": { "Layer": "DRAWINGS$OUTLINE", "PaperSpace": null, "SubClasses": null, "Linetype": null, "EntityHandle": "114", "Text": null }, "geometry": { "type": "LineString", "coordinates": [ [ -73.993190556876399, 40.676279607712011, 0.0 ], [ -73.993192531633056, 40.6762758500468, 0.0 ] ] } },
{ "type": "Feature", "properties": { "Layer": "DRAWINGS$OUTLINE", "PaperSpace": null, "SubClasses": null, "Linetype": null, "EntityHandle": "115", "Text": null }, "geometry": { "type": "LineString", "coordinates": [ [ -73.993192531633056, 40.6762758500468, 0.0 ], [ -73.993194536510416, 40.676272101609264, 0.0 ] ] } },
{ "type": "Feature", "properties": { "Layer": "DRAWINGS$OUTLINE", "PaperSpace": null, "SubClasses": null, "Linetype": null, "EntityHandle": "116", "Text": null }, "geometry": { "type": "LineString", "coordinates": [ [ -73.993194536510416, 40.676272101609264, 0.0 ], [ -73.993196573267099, 40.676268363163402, 0.0 ] ] } },
{ "type": "Feature", "properties": { "Layer": "DRAWINGS$OUTLINE", "PaperSpace": null, "SubClasses": null, "Linetype": null, "EntityHandle": "117", "Text": null }, "geometry": { "type": "LineString", "coordinates": [ [ -73.993196573267099, 40.676268363163402, 0.0 ], [ -73.993198644933969, 40.676264635855311, 0.0 ] ] } },
{ "type": "Feature", "properties": { "Layer": "DRAWINGS$OUTLINE", "PaperSpace": null, "SubClasses": null, "Linetype": null, "EntityHandle": "118", "Text": null }, "geometry": { "type": "LineString", "coordinates": [ [ -73.993198644933969, 40.676264635855311, 0.0 ], [ -73.993200755989847, 40.676260921380397, 0.0 ] ] } },
{ "type": "Feature", "properties": { "Layer": "DRAWINGS$OUTLINE", "PaperSpace": null, "SubClasses": null, "Linetype": null, "EntityHandle": "119", "Text": null }, "geometry": { "type": "LineString", "coordinates": [ [ -73.993200755989847, 40.676260921380397, 0.0 ], [ -73.993202912856816, 40.676257222197648, 0.0 ] ] } },
{ "type": "Feature", "properties": { "Layer": "DRAWINGS$OUTLINE", "PaperSpace": null, "SubClasses": null, "Linetype": null, "EntityHandle": "11A", "Text": null }, "geometry": { "type": "LineString", "coordinates": [ [ -73.993202912856816, 40.676257222197648, 0.0 ], [ -73.993205124838809, 40.676253541942579, 0.0 ] ] } },
{ "type": "Feature", "properties": { "Layer": "DRAWINGS$OUTLINE", "PaperSpace": null, "SubClasses": null, "Linetype": null, "EntityHandle": "11B", "Text": null }, "geometry": { "type": "LineString", "coordinates": [ [ -73.993205124838809, 40.676253541942579, 0.0 ], [ -73.993207405927748, 40.676249886228298, 0.0 ] ] } },
{ "type": "Feature", "properties": { "Layer": "DRAWINGS$OUTLINE", "PaperSpace": null, "SubClasses": null, "Linetype": null, "EntityHandle": "11C", "Text": null }, "geometry": { "type": "LineString", "coordinates": [ [ -73.993207405927748, 40.676249886228298, 0.0 ], [ -73.993209779777573, 40.676246264997644, 0.0 ] ] } },
{ "type": "Feature", "properties": { "Layer": "DRAWINGS$OUTLINE", "PaperSpace": null, "SubClasses": null, "Linetype": null, "EntityHandle": "11D", "Text": null }, "geometry": { "type": "LineString", "coordinates": [ [ -73.993209779777573, 40.676246264997644, 0.0 ], [ -73.993212302607304, 40.676242702793246, 0.0 ] ] } },
{ "type": "Feature", "properties": { "Layer": "DRAWINGS$OUTLINE", "PaperSpace": null, "SubClasses": null, "Linetype": null, "EntityHandle": "11E", "Text": null }, "geometry": { "type": "LineString", "coordinates": [ [ -73.993212302607304, 40.676242702793246, 0.0 ], [ -73.993215067969942, 40.676239247122844, 0.0 ] ] } },
{ "type": "Feature", "properties": { "Layer": "DRAWINGS$OUTLINE", "PaperSpace": null, "SubClasses": null, "Linetype": null, "EntityHandle": "11F", "Text": null }, "geometry": { "type": "LineString", "coordinates": [ [ -73.993215067969942, 40.676239247122844, 0.0 ], [ -73.993218218368867, 40.676235989690319, 0.0 ] ] } },
{ "type": "Feature", "properties": { "Layer": "DRAWINGS$OUTLINE", "PaperSpace": null, "SubClasses": null, "Linetype": null, "EntityHandle": "120", "Text": null }, "geometry": { "type": "LineString", "coordinates": [ [ -73.993218218368867, 40.676235989690319, 0.0 ], [ -73.993221919846917, 40.67623309090267, 0.0 ] ] } },
{ "type": "Feature", "properties": { "Layer": "DRAWINGS$OUTLINE", "PaperSpace": null, "SubClasses": null, "Linetype": null, "EntityHandle": "121", "Text": null }, "geometry": { "type": "LineString", "coordinates": [ [ -73.993221919846917, 40.67623309090267, 0.0 ], [ -73.993226243160606, 40.676230746670534, 0.0 ] ] } },
{ "type": "Feature", "properties": { "Layer": "DRAWINGS$OUTLINE", "PaperSpace": null, "SubClasses": null, "Linetype": null, "EntityHandle": "122", "Text": null }, "geometry": { "type": "LineString", "coordinates": [ [ -73.993226243160606, 40.676230746670534, 0.0 ], [ -73.993231056247154, 40.676229039314521, 0.0 ] ] } },
{ "type": "Feature", "properties": { "Layer": "DRAWINGS$OUTLINE", "PaperSpace": null, "SubClasses": null, "Linetype": null, "EntityHandle": "123", "Text": null }, "geometry": { "type": "LineString", "coordinates": [ [ -73.993231056247154, 40.676229039314521, 0.0 ], [ -73.993236138550927, 40.676227859914768, 0.0 ] ] } },
{ "type": "Feature", "properties": { "Layer": "DRAWINGS$OUTLINE", "PaperSpace": null, "SubClasses": null, "Linetype": null, "EntityHandle": "124", "Text": null }, "geometry": { "type": "LineString", "coordinates": [ [ -73.993236138550927, 40.676227859914768, 0.0 ], [ -73.993241339859736, 40.676227027455745, 0.0 ] ] } },
{ "type": "Feature", "properties": { "Layer": "DRAWINGS$OUTLINE", "PaperSpace": null, "SubClasses": null, "Linetype": null, "EntityHandle": "125", "Text": null }, "geometry": { "type": "LineString", "coordinates": [ [ -73.993241339859736, 40.676227027455745, 0.0 ], [ -73.993246591175321, 40.676226399658979, 0.0 ] ] } },
{ "type": "Feature", "properties": { "Layer": "DRAWINGS$OUTLINE", "PaperSpace": null, "SubClasses": null, "Linetype": null, "EntityHandle": "126", "Text": null }, "geometry": { "type": "LineString", "coordinates": [ [ -73.993246591175321, 40.676226399658979, 0.0 ], [ -73.99325186467145, 40.676225889652684, 0.0 ] ] } },
{ "type": "Feature", "properties": { "Layer": "DRAWINGS$OUTLINE", "PaperSpace": null, "SubClasses": null, "Linetype": null, "EntityHandle": "127", "Text": null }, "geometry": { "type": "LineString", "coordinates": [ [ -73.99325186467145, 40.676225889652684, 0.0 ], [ -73.993257148503673, 40.676225445073712, 0.0 ] ] } },
{ "type": "Feature", "properties": { "Layer": "DRAWINGS$OUTLINE", "PaperSpace": null, "SubClasses": null, "Linetype": null, "EntityHandle": "128", "Text": null }, "geometry": { "type": "LineString", "coordinates": [ [ -73.993257148503673, 40.676225445073712, 0.0 ], [ -73.993262439537489, 40.676225053956522, 0.0 ] ] } },
{ "type": "Feature", "properties": { "Layer": "DRAWINGS$OUTLINE", "PaperSpace": null, "SubClasses": null, "Linetype": null, "EntityHandle": "129", "Text": null }, "geometry": { "type": "LineString", "coordinates": [ [ -73.993262439537489, 40.676225053956522, 0.0 ], [ -73.99326773526704, 40.676224701225081, 0.0 ] ] } },
{ "type": "Feature", "properties": { "Layer": "DRAWINGS$OUTLINE", "PaperSpace": null, "SubClasses": null, "Linetype": null, "EntityHandle": "12A", "Text": null }, "geometry": { "type": "LineString", "coordinates": [ [ -73.99326773526704, 40.676224701225081, 0.0 ], [ -73.993273034358268, 40.676224378834803, 0.0 ] ] } },
{ "type": "Feature", "properties": { "Layer": "DRAWINGS$OUTLINE", "PaperSpace": null, "SubClasses": null, "Linetype": null, "EntityHandle": "12B", "Text": null }, "geometry": { "type": "LineString", "coordinates": [ [ -73.993273034358268, 40.676224378834803, 0.0 ], [ -73.993278335873825, 40.676224080500425, 0.0 ] ] } },
{ "type": "Feature", "properties": { "Layer": "DRAWINGS$OUTLINE", "PaperSpace": null, "SubClasses": null, "Linetype": null, "EntityHandle": "12C", "Text": null }, "geometry": { "type": "LineString", "coordinates": [ [ -73.993278335873825, 40.676224080500425, 0.0 ], [ -73.993283639238413, 40.676223801807794, 0.0 ] ] } },
{ "type": "Feature", "properties": { "Layer": "DRAWINGS$OUTLINE", "PaperSpace": null, "SubClasses": null, "Linetype": null, "EntityHandle": "12D", "Text": null }, "geometry": { "type": "LineString", "coordinates": [ [ -73.993283639238413, 40.676223801807794, 0.0 ], [ -73.99328894406095, 40.676223539501336, 0.0 ] ] } },
{ "type": "Feature", "properties": { "Layer": "DRAWINGS$OUTLINE", "PaperSpace": null, "SubClasses": null, "Linetype": null, "EntityHandle": "12E", "Text": null }, "geometry": { "type": "LineString", "coordinates": [ [ -73.99328894406095, 40.676223539501336, 0.0 ], [ -73.99329425004828, 40.676223291079019, 0.0 ] ] } },
{ "type": "Feature", "properties": { "Layer": "DRAWINGS$OUTLINE", "PaperSpace": null, "SubClasses": null, "Linetype": null, "EntityHandle": "12F", "Text": null }, "geometry": { "type": "LineString", "coordinates": [ [ -73.99329425004828, 40.676223291079019, 0.0 ], [ -73.993299556980858, 40.676223054542987, 0.0 ] ] } },
{ "type": "Feature", "properties": { "Layer": "DRAWINGS$OUTLINE", "PaperSpace": null, "SubClasses": null, "Linetype": null, "EntityHandle": "130", "Text": null }, "geometry": { "type": "LineString", "coordinates": [ [ -73.993299556980858, 40.676223054542987, 0.0 ], [ -73.993304864606017, 40.676222828237108, 0.0 ] ] } },
{ "type": "Feature", "properties": { "Layer": "DRAWINGS$OUTLINE", "PaperSpace": null, "SubClasses": null, "Linetype": null, "EntityHandle": "131", "Text": null }, "geometry": { "type": "LineString", "coordinates": [ [ -73.993304864606017, 40.676222828237108, 0.0 ], [ -73.993310172927153, 40.676222610711314, 0.0 ] ] } },
{ "type": "Feature", "properties": { "Layer": "DRAWINGS$OUTLINE", "PaperSpace": null, "SubClasses": null, "Linetype": null, "EntityHandle": "132", "Text": null }, "geometry": { "type": "LineString", "coordinates": [ [ -73.993310172927153, 40.676222610711314, 0.0 ], [ -73.993315481769343, 40.676222400631758, 0.0 ] ] } },
{ "type": "Feature", "properties": { "Layer": "DRAWINGS$OUTLINE", "PaperSpace": null, "SubClasses": null, "Linetype": null, "EntityHandle": "133", "Text": null }, "geometry": { "type": "LineString", "coordinates": [ [ -73.993315481769343, 40.676222400631758, 0.0 ], [ -73.993320790960297, 40.676222196650762, 0.0 ] ] } },
{ "type": "Feature", "properties": { "Layer": "DRAWINGS$OUTLINE", "PaperSpace": null, "SubClasses": null, "Linetype": null, "EntityHandle": "134", "Text": null }, "geometry": { "type": "LineString", "coordinates": [ [ -73.993320790960297, 40.676222196650762, 0.0 ], [ -73.993326100519127, 40.676221997721719, 0.0 ] ] } },
{ "type": "Feature", "properties": { "Layer": "DRAWINGS$OUTLINE", "PaperSpace": null, "SubClasses": null, "Linetype": null, "EntityHandle": "135", "Text": null }, "geometry": { "type": "LineString", "coordinates": [ [ -73.993326100519127, 40.676221997721719, 0.0 ], [ -73.99333141038305, 40.676221803404388, 0.0 ] ] } },
{ "type": "Feature", "properties": { "Layer": "DRAWINGS$OUTLINE", "PaperSpace": null, "SubClasses": null, "Linetype": null, "EntityHandle": "136", "Text": null }, "geometry": { "type": "LineString", "coordinates": [ [ -73.99333141038305, 40.676221803404388, 0.0 ], [ -73.993336720506321, 40.676221613162177, 0.0 ] ] } },
{ "type": "Feature", "properties": { "Layer": "DRAWINGS$OUTLINE", "PaperSpace": null, "SubClasses": null, "Linetype": null, "EntityHandle": "137", "Text": null }, "geometry": { "type": "LineString", "coordinates": [ [ -73.993336720506321, 40.676221613162177, 0.0 ], [ -73.99334203084463, 40.676221426458476, 0.0 ] ] } },
{ "type": "Feature", "properties": { "Layer": "DRAWINGS$OUTLINE", "PaperSpace": null, "SubClasses": null, "Linetype": null, "EntityHandle": "138", "Text": null }, "geometry": { "type": "LineString", "coordinates": [ [ -73.99334203084463, 40.676221426458476, 0.0 ], [ -73.993347341349349, 40.676221242756846, 0.0 ] ] } },
{ "type": "Feature", "properties": { "Layer": "DRAWINGS$OUTLINE", "PaperSpace": null, "SubClasses": null, "Linetype": null, "EntityHandle": "139", "Text": null }, "geometry": { "type": "LineString", "coordinates": [ [ -73.993347341349349, 40.676221242756846, 0.0 ], [ -73.993352651989014, 40.676221061529183, 0.0 ] ] } },
{ "type": "Feature", "properties": { "Layer": "DRAWINGS$OUTLINE", "PaperSpace": null, "SubClasses": null, "Linetype": null, "EntityHandle": "13A", "Text": null }, "geometry": { "type": "LineString", "coordinates": [ [ -73.993352651989014, 40.676221061529183, 0.0 ], [ -73.993357962768684, 40.676220882417752, 0.0 ] ] } },
{ "type": "Feature", "properties": { "Layer": "DRAWINGS$OUTLINE", "PaperSpace": null, "SubClasses": null, "Linetype": null, "EntityHandle": "13B", "Text": null }, "geometry": { "type": "LineString", "coordinates": [ [ -73.993357962768684, 40.676220882417752, 0.0 ], [ -73.993363273657707, 40.676220705168731, 0.0 ] ] } },
{ "type": "Feature", "properties": { "Layer": "DRAWINGS$OUTLINE", "PaperSpace": null, "SubClasses": null, "Linetype": null, "EntityHandle": "13C", "Text": null }, "geometry": { "type": "LineString", "coordinates": [ [ -73.993363273657707, 40.676220705168731, 0.0 ], [ -73.993368584639114, 40.676220529520862, 0.0 ] ] } },
{ "type": "Feature", "properties": { "Layer": "DRAWINGS$OUTLINE", "PaperSpace": null, "SubClasses": null, "Linetype": null, "EntityHandle": "13D", "Text": null }, "geometry": { "type": "LineString", "coordinates": [ [ -73.993368584639114, 40.676220529520862, 0.0 ], [ -73.993373895696351, 40.676220355212855, 0.0 ] ] } },
{ "type": "Feature", "properties": { "Layer": "DRAWINGS$OUTLINE", "PaperSpace": null, "SubClasses": null, "Linetype": null, "EntityHandle": "13E", "Text": null }, "geometry": { "type": "LineString", "coordinates": [ [ -73.993373895696351, 40.676220355212855, 0.0 ], [ -73.993379206811639, 40.676220181983489, 0.0 ] ] } },
{ "type": "Feature", "properties": { "Layer": "DRAWINGS$OUTLINE", "PaperSpace": null, "SubClasses": null, "Linetype": null, "EntityHandle": "13F", "Text": null }, "geometry": { "type": "LineString", "coordinates": [ [ -73.993379206811639, 40.676220181983489, 0.0 ], [ -73.993384517973766, 40.676220009602034, 0.0 ] ] } },
{ "type": "Feature", "properties": { "Layer": "DRAWINGS$OUTLINE", "PaperSpace": null, "SubClasses": null, "Linetype": null, "EntityHandle": "140", "Text": null }, "geometry": { "type": "LineString", "coordinates": [ [ -73.993384517973766, 40.676220009602034, 0.0 ], [ -73.99338982918016, 40.676219838023997, 0.0 ] ] } },
{ "type": "Feature", "properties": { "Layer": "DRAWINGS$OUTLINE", "PaperSpace": null, "SubClasses": null, "Linetype": null, "EntityHandle": "141", "Text": null }, "geometry": { "type": "LineString", "coordinates": [ [ -73.99338982918016, 40.676219838023997, 0.0 ], [ -73.993395140428746, 40.676219667264, 0.0 ] ] } },
{ "type": "Feature", "properties": { "Layer": "DRAWINGS$OUTLINE", "PaperSpace": null, "SubClasses": null, "Linetype": null, "EntityHandle": "142", "Text": null }, "geometry": { "type": "LineString", "coordinates": [ [ -73.993395140428746, 40.676219667264, 0.0 ], [ -73.993400451727496, 40.676219497335602, 0.0 ] ] } },
{ "type": "Feature", "properties": { "Layer": "DRAWINGS$OUTLINE", "PaperSpace": null, "SubClasses": null, "Linetype": null, "EntityHandle": "143", "Text": null }, "geometry": { "type": "LineString", "coordinates": [ [ -73.993400451727496, 40.676219497335602, 0.0 ], [ -73.993405763076282, 40.676219328252621, 0.0 ] ] } },
{ "type": "Feature", "properties": { "Layer": "DRAWINGS$OUTLINE", "PaperSpace": null, "SubClasses": null, "Linetype": null, "EntityHandle": "144", "Text": null }, "geometry": { "type": "LineString", "coordinates": [ [ -73.993405763076282, 40.676219328252621, 0.0 ], [ -73.993411074475048, 40.676219160028829, 0.0 ] ] } },
{ "type": "Feature", "properties": { "Layer": "DRAWINGS$OUTLINE", "PaperSpace": null, "SubClasses": null, "Linetype": null, "EntityHandle": "145", "Text": null }, "geometry": { "type": "LineString", "coordinates": [ [ -73.993411074475048, 40.676219160028829, 0.0 ], [ -73.993416385923695, 40.676218992678088, 0.0 ] ] } },
{ "type": "Feature", "properties": { "Layer": "DRAWINGS$OUTLINE", "PaperSpace": null, "SubClasses": null, "Linetype": null, "EntityHandle": "146", "Text": null }, "geometry": { "type": "LineString", "coordinates": [ [ -73.993416385923695, 40.676218992678088, 0.0 ], [ -73.993421697421525, 40.67621882621421, 0.0 ] ] } },
{ "type": "Feature", "properties": { "Layer": "DRAWINGS$OUTLINE", "PaperSpace": null, "SubClasses": null, "Linetype": null, "EntityHandle": "147", "Text": null }, "geometry": { "type": "LineString", "coordinates": [ [ -73.993421697421525, 40.67621882621421, 0.0 ], [ -73.993427008969093, 40.676218660650989, 0.0 ] ] } },
{ "type": "Feature", "properties": { "Layer": "DRAWINGS$OUTLINE", "PaperSpace": null, "SubClasses": null, "Linetype": null, "EntityHandle": "148", "Text": null }, "geometry": { "type": "LineString", "coordinates": [ [ -73.993427008969093, 40.676218660650989, 0.0 ], [ -73.993432320566257, 40.676218496002242, 0.0 ] ] } },
{ "type": "Feature", "properties": { "Layer": "DRAWINGS$OUTLINE", "PaperSpace": null, "SubClasses": null, "Linetype": null, "EntityHandle": "149", "Text": null }, "geometry": { "type": "LineString", "coordinates": [ [ -73.993432320566257, 40.676218496002242, 0.0 ], [ -73.993437632212974, 40.676218332281771, 0.0 ] ] } },
{ "type": "Feature", "properties": { "Layer": "DRAWINGS$OUTLINE", "PaperSpace": null, "SubClasses": null, "Linetype": null, "EntityHandle": "14A", "Text": null }, "geometry": { "type": "LineString", "coordinates": [ [ -73.993437632212974, 40.676218332281771, 0.0 ], [ -73.993442943909145, 40.6762181695034, 0.0 ] ] } },
{ "type": "Feature", "properties": { "Layer": "DRAWINGS$OUTLINE", "PaperSpace": null, "SubClasses": null, "Linetype": null, "EntityHandle": "14B", "Text": null }, "geometry": { "type": "LineString", "coordinates": [ [ -73.993442943909145, 40.6762181695034, 0.0 ], [ -73.99344825565467, 40.67621800768093, 0.0 ] ] } },
{ "type": "Feature", "properties": { "Layer": "DRAWINGS$OUTLINE", "PaperSpace": null, "SubClasses": null, "Linetype": null, "EntityHandle": "14C", "Text": null }, "geometry": { "type": "LineString", "coordinates": [ [ -73.99344825565467, 40.67621800768093, 0.0 ], [ -73.993453567449464, 40.676217846828166, 0.0 ] ] } },
{ "type": "Feature", "properties": { "Layer": "DRAWINGS$OUTLINE", "PaperSpace": null, "SubClasses": null, "Linetype": null, "EntityHandle": "14D", "Text": null }, "geometry": { "type": "LineString", "coordinates": [ [ -73.993453567449464, 40.676217846828166, 0.0 ], [ -73.993458879293456, 40.676217686958921, 0.0 ] ] } },
{ "type": "Feature", "properties": { "Layer": "DRAWINGS$OUTLINE", "PaperSpace": null, "SubClasses": null, "Linetype": null, "EntityHandle": "14E", "Text": null }, "geometry": { "type": "LineString", "coordinates": [ [ -73.993458879293456, 40.676217686958921, 0.0 ], [ -73.993464191186547, 40.676217528087037, 0.0 ] ] } },
{ "type": "Feature", "properties": { "Layer": "DRAWINGS$OUTLINE", "PaperSpace": null, "SubClasses": null, "Linetype": null, "EntityHandle": "14F", "Text": null }, "geometry": { "type": "LineString", "coordinates": [ [ -73.993464191186547, 40.676217528087037, 0.0 ], [ -73.993469503128665, 40.676217370226276, 0.0 ] ] } },
{ "type": "Feature", "properties": { "Layer": "DRAWINGS$OUTLINE", "PaperSpace": null, "SubClasses": null, "Linetype": null, "EntityHandle": "150", "Text": null }, "geometry": { "type": "LineString", "coordinates": [ [ -73.993469503128665, 40.676217370226276, 0.0 ], [ -73.993474815119697, 40.676217213390501, 0.0 ] ] } },
{ "type": "Feature", "properties": { "Layer": "DRAWINGS$OUTLINE", "PaperSpace": null, "SubClasses": null, "Linetype": null, "EntityHandle": "151", "Text": null }, "geometry": { "type": "LineString", "coordinates": [ [ -73.993474815119697, 40.676217213390501, 0.0 ], [ -73.9934801271596, 40.676217057593483, 0.0 ] ] } },
{ "type": "Feature", "properties": { "Layer": "DRAWINGS$OUTLINE", "PaperSpace": null, "SubClasses": null, "Linetype": null, "EntityHandle": "152", "Text": null }, "geometry": { "type": "LineString", "coordinates": [ [ -73.9934801271596, 40.676217057593483, 0.0 ], [ -73.993485439248246, 40.676216902849085, 0.0 ] ] } },
{ "type": "Feature", "properties": { "Layer": "DRAWINGS$OUTLINE", "PaperSpace": null, "SubClasses": null, "Linetype": null, "EntityHandle": "153", "Text": null }, "geometry": { "type": "LineString", "coordinates": [ [ -73.993485439248246, 40.676216902849085, 0.0 ], [ -73.993490751385579, 40.676216749171076, 0.0 ] ] } },
{ "type": "Feature", "properties": { "Layer": "DRAWINGS$OUTLINE", "PaperSpace": null, "SubClasses": null, "Linetype": null, "EntityHandle": "154", "Text": null }, "geometry": { "type": "LineString", "coordinates": [ [ -73.993490751385579, 40.676216749171076, 0.0 ], [ -73.993496063571484, 40.676216596573269, 0.0 ] ] } },
{ "type": "Feature", "properties": { "Layer": "DRAWINGS$OUTLINE", "PaperSpace": null, "SubClasses": null, "Linetype": null, "EntityHandle": "155", "Text": null }, "geometry": { "type": "LineString", "coordinates": [ [ -73.993496063571484, 40.676216596573269, 0.0 ], [ -73.993501375830633, 40.676216445051452, 0.0 ] ] } },
{ "type": "Feature", "properties": { "Layer": "DRAWINGS$OUTLINE", "PaperSpace": null, "SubClasses": null, "Linetype": null, "EntityHandle": "156", "Text": null }, "geometry": { "type": "LineString", "coordinates": [ [ -73.993501375830633, 40.676216445051452, 0.0 ], [ -73.993506688133806, 40.676216294620417, 0.0 ] ] } },
{ "type": "Feature", "properties": { "Layer": "DRAWINGS$OUTLINE", "PaperSpace": null, "SubClasses": null, "Linetype": null, "EntityHandle": "157", "Text": null }, "geometry": { "type": "LineString", "coordinates": [ [ -73.993506688133806, 40.676216294620417, 0.0 ], [ -73.993512000492586, 40.676216145321462, 0.0 ] ] } },
{ "type": "Feature", "properties": { "Layer": "DRAWINGS$OUTLINE", "PaperSpace": null, "SubClasses": null, "Linetype": null, "EntityHandle": "158", "Text": null }, "geometry": { "type": "LineString", "coordinates": [ [ -73.993512000492586, 40.676216145321462, 0.0 ], [ -73.993517312917035, 40.676215997195882, 0.0 ] ] } },
{ "type": "Feature", "properties": { "Layer": "DRAWINGS$OUTLINE", "PaperSpace": null, "SubClasses": null, "Linetype": null, "EntityHandle": "159", "Text": null }, "geometry": { "type": "LineString", "coordinates": [ [ -73.993517312917035, 40.676215997195882, 0.0 ], [ -73.993522625407039, 40.676215850285281, 0.0 ] ] } },
{ "type": "Feature", "properties": { "Layer": "DRAWINGS$OUTLINE", "PaperSpace": null, "SubClasses": null, "Linetype": null, "EntityHandle": "15A", "Text": null }, "geometry": { "type": "LineString", "coordinates": [ [ -73.993522625407039, 40.676215850285281, 0.0 ], [ -73.993527937962469, 40.676215704631275, 0.0 ] ] } },
{ "type": "Feature", "properties": { "Layer": "DRAWINGS$OUTLINE", "PaperSpace": null, "SubClasses": null, "Linetype": null, "EntityHandle": "15B", "Text": null }, "geometry": { "type": "LineString", "coordinates": [ [ -73.993527937962469, 40.676215704631275, 0.0 ], [ -73.993533250585344, 40.676215560275416, 0.0 ] ] } },
{ "type": "Feature", "properties": { "Layer": "DRAWINGS$OUTLINE", "PaperSpace": null, "SubClasses": null, "Linetype": null, "EntityHandle": "15C", "Text": null }, "geometry": { "type": "LineString", "coordinates": [ [ -73.993533250585344, 40.676215560275416, 0.0 ], [ -73.993538563279841, 40.676215417259179, 0.0 ] ] } },
{ "type": "Feature", "properties": { "Layer": "DRAWINGS$OUTLINE", "PaperSpace": null, "SubClasses": null, "Linetype": null, "EntityHandle": "15D", "Text": null }, "geometry": { "type": "LineString", "coordinates": [ [ -73.993538563279841, 40.676215417259179, 0.0 ], [ -73.993543876039425, 40.676215275624351, 0.0 ] ] } },
{ "type": "Feature", "properties": { "Layer": "DRAWINGS$OUTLINE", "PaperSpace": null, "SubClasses": null, "Linetype": null, "EntityHandle": "15E", "Text": null }, "geometry": { "type": "LineString", "coordinates": [ [ -73.993543876039425, 40.676215275624351, 0.0 ], [ -73.99354918886398, 40.676215135412548, 0.0 ] ] } },
{ "type": "Feature", "properties": { "Layer": "DRAWINGS$OUTLINE", "PaperSpace": null, "SubClasses": null, "Linetype": null, "EntityHandle": "15F", "Text": null }, "geometry": { "type": "LineString", "coordinates": [ [ -73.99354918886398, 40.676215135412548, 0.0 ], [ -73.993554501753408, 40.676214996665379, 0.0 ] ] } },
{ "type": "Feature", "properties": { "Layer": "DRAWINGS$OUTLINE", "PaperSpace": null, "SubClasses": null, "Linetype": null, "EntityHandle": "160", "Text": null }, "geometry": { "type": "LineString", "coordinates": [ [ -73.993554501753408, 40.676214996665379, 0.0 ], [ -73.993559814707552, 40.676214859424441, 0.0 ] ] } },
{ "type": "Feature", "properties": { "Layer": "DRAWINGS$OUTLINE", "PaperSpace": null, "SubClasses": null, "Linetype": null, "EntityHandle": "161", "Text": null }, "geometry": { "type": "LineString", "coordinates": [ [ -73.993559814707552, 40.676214859424441, 0.0 ], [ -73.993565127726328, 40.676214723731363, 0.0 ] ] } },
{ "type": "Feature", "properties": { "Layer": "DRAWINGS$OUTLINE", "PaperSpace": null, "SubClasses": null, "Linetype": null, "EntityHandle": "162", "Text": null }, "geometry": { "type": "LineString", "coordinates": [ [ -73.993565127726328, 40.676214723731363, 0.0 ], [ -73.99357044080962, 40.676214589627698, 0.0 ] ] } },
{ "type": "Feature", "properties": { "Layer": "DRAWINGS$OUTLINE", "PaperSpace": null, "SubClasses": null, "Linetype": null, "EntityHandle": "163", "Text": null }, "geometry": { "type": "LineString", "coordinates": [ [ -73.99357044080962, 40.676214589627698, 0.0 ], [ -73.993575753957288, 40.676214457155112, 0.0 ] ] } },
{ "type": "Feature", "properties": { "Layer": "DRAWINGS$OUTLINE", "PaperSpace": null, "SubClasses": null, "Linetype": null, "EntityHandle": "164", "Text": null }, "geometry": { "type": "LineString", "coordinates": [ [ -73.993575753957288, 40.676214457155112, 0.0 ], [ -73.993581067169217, 40.676214326355193, 0.0 ] ] } },
{ "type": "Feature", "properties": { "Layer": "DRAWINGS$OUTLINE", "PaperSpace": null, "SubClasses": null, "Linetype": null, "EntityHandle": "165", "Text": null }, "geometry": { "type": "LineString", "coordinates": [ [ -73.993581067169217, 40.676214326355193, 0.0 ], [ -73.993586380445322, 40.676214197269545, 0.0 ] ] } },
{ "type": "Feature", "properties": { "Layer": "DRAWINGS$OUTLINE", "PaperSpace": null, "SubClasses": null, "Linetype": null, "EntityHandle": "166", "Text": null }, "geometry": { "type": "LineString", "coordinates": [ [ -73.993586380445322, 40.676214197269545, 0.0 ], [ -73.993591693785461, 40.676214069939768, 0.0 ] ] } },
{ "type": "Feature", "properties": { "Layer": "DRAWINGS$OUTLINE", "PaperSpace": null, "SubClasses": null, "Linetype": null, "EntityHandle": "167", "Text": null }, "geometry": { "type": "LineString", "coordinates": [ [ -73.993591693785461, 40.676214069939768, 0.0 ], [ -73.993597007189521, 40.676213944407458, 0.0 ] ] } },
{ "type": "Feature", "properties": { "Layer": "DRAWINGS$OUTLINE", "PaperSpace": null, "SubClasses": null, "Linetype": null, "EntityHandle": "168", "Text": null }, "geometry": { "type": "LineString", "coordinates": [ [ -73.993597007189521, 40.676213944407458, 0.0 ], [ -73.993602320657374, 40.67621382071426, 0.0 ] ] } },
{ "type": "Feature", "properties": { "Layer": "DRAWINGS$OUTLINE", "PaperSpace": null, "SubClasses": null, "Linetype": null, "EntityHandle": "169", "Text": null }, "geometry": { "type": "LineString", "coordinates": [ [ -73.993602320657374, 40.67621382071426, 0.0 ], [ -73.993607634188933, 40.676213698901755, 0.0 ] ] } },
{ "type": "Feature", "properties": { "Layer": "DRAWINGS$OUTLINE", "PaperSpace": null, "SubClasses": null, "Linetype": null, "EntityHandle": "16A", "Text": null }, "geometry": { "type": "LineString", "coordinates": [ [ -73.993607634188933, 40.676213698901755, 0.0 ], [ -73.993612947808387, 40.676213579239054, 0.0 ] ] } },
{ "type": "Feature", "properties": { "Layer": "DRAWINGS$OUTLINE", "PaperSpace": null, "SubClasses": null, "Linetype": null, "EntityHandle": "16B", "Text": null }, "geometry": { "type": "LineString", "coordinates": [ [ -73.993612947808387, 40.676213579239054, 0.0 ], [ -73.993618261529676, 40.676213461062979, 0.0 ] ] } },
{ "type": "Feature", "properties": { "Layer": "DRAWINGS$OUTLINE", "PaperSpace": null, "SubClasses": null, "Linetype": null, "EntityHandle": "16C", "Text": null }, "geometry": { "type": "LineString", "coordinates": [ [ -73.993618261529676, 40.676213461062979, 0.0 ], [ -73.993623575327149, 40.676213344898812, 0.0 ] ] } },
{ "type": "Feature", "properties": { "Layer": "DRAWINGS$OUTLINE", "PaperSpace": null, "SubClasses": null, "Linetype": null, "EntityHandle": "16D", "Text": null }, "geometry": { "type": "LineString", "coordinates": [ [ -73.993623575327149, 40.676213344898812, 0.0 ], [ -73.993628889178694, 40.676213230265013, 0.0 ] ] } },
{ "type": "Feature", "properties": { "Layer": "DRAWINGS$OUTLINE", "PaperSpace": null, "SubClasses": null, "Linetype": null, "EntityHandle": "16E", "Text": null }, "geometry": { "type": "LineString", "coordinates": [ [ -73.993628889178694, 40.676213230265013, 0.0 ], [ -73.993634203077434, 40.676213116824165, 0.0 ] ] } },
{ "type": "Feature", "properties": { "Layer": "DRAWINGS$OUTLINE", "PaperSpace": null, "SubClasses": null, "Linetype": null, "EntityHandle": "16F", "Text": null }, "geometry": { "type": "LineString", "coordinates": [ [ -73.993634203077434, 40.676213116824165, 0.0 ], [ -73.993639517009953, 40.67621300423906, 0.0 ] ] } },
{ "type": "Feature", "properties": { "Layer": "DRAWINGS$OUTLINE", "PaperSpace": null, "SubClasses": null, "Linetype": null, "EntityHandle": "170", "Text": null }, "geometry": { "type": "LineString", "coordinates": [ [ -73.993639517009953, 40.67621300423906, 0.0 ], [ -73.993644830963405, 40.676212892172373, 0.0 ] ] } },
{ "type": "Feature", "properties": { "Layer": "DRAWINGS$OUTLINE", "PaperSpace": null, "SubClasses": null, "Linetype": null, "EntityHandle": "171", "Text": null }, "geometry": { "type": "LineString", "coordinates": [ [ -73.993644830963405, 40.676212892172373, 0.0 ], [ -73.993650144927699, 40.676212780286775, 0.0 ] ] } },
{ "type": "Feature", "properties": { "Layer": "DRAWINGS$OUTLINE", "PaperSpace": null, "SubClasses": null, "Linetype": null, "EntityHandle": "172", "Text": null }, "geometry": { "type": "LineString", "coordinates": [ [ -73.993650144927699, 40.676212780286775, 0.0 ], [ -73.993655458885669, 40.676212668245093, 0.0 ] ] } },
{ "type": "Feature", "properties": { "Layer": "DRAWINGS$OUTLINE", "PaperSpace": null, "SubClasses": null, "Linetype": null, "EntityHandle": "173", "Text": null }, "geometry": { "type": "LineString", "coordinates": [ [ -73.993655458885669, 40.676212668245093, 0.0 ], [ -73.99366077282393, 40.676212555710052, 0.0 ] ] } },
{ "type": "Feature", "properties": { "Layer": "DRAWINGS$OUTLINE", "PaperSpace": null, "SubClasses": null, "Linetype": null, "EntityHandle": "174", "Text": null }, "geometry": { "type": "LineString", "coordinates": [ [ -73.99366077282393, 40.676212555710052, 0.0 ], [ -73.993666086729121, 40.676212442344351, 0.0 ] ] } },
{ "type": "Feature", "properties": { "Layer": "DRAWINGS$OUTLINE", "PaperSpace": null, "SubClasses": null, "Linetype": null, "EntityHandle": "175", "Text": null }, "geometry": { "type": "LineString", "coordinates": [ [ -73.993666086729121, 40.676212442344351, 0.0 ], [ -73.993671400587843, 40.676212327810781, 0.0 ] ] } },
{ "type": "Feature", "properties": { "Layer": "DRAWINGS$OUTLINE", "PaperSpace": null, "SubClasses": null, "Linetype": null, "EntityHandle": "176", "Text": null }, "geometry": { "type": "LineString", "coordinates": [ [ -73.993671400587843, 40.676212327810781, 0.0 ], [ -73.993676714386723, 40.676212211772025, 0.0 ] ] } },
{ "type": "Feature", "properties": { "Layer": "DRAWINGS$OUTLINE", "PaperSpace": null, "SubClasses": null, "Linetype": null, "EntityHandle": "177", "Text": null }, "geometry": { "type": "LineString", "coordinates": [ [ -73.993676714386723, 40.676212211772025, 0.0 ], [ -73.993682028112403, 40.676212093890847, 0.0 ] ] } },
{ "type": "Feature", "properties": { "Layer": "DRAWINGS$OUTLINE", "PaperSpace": null, "SubClasses": null, "Linetype": null, "EntityHandle": "178", "Text": null }, "geometry": { "type": "LineString", "coordinates": [ [ -73.993682028112403, 40.676212093890847, 0.0 ], [ -73.993687341751496, 40.676211973829957, 0.0 ] ] } },
{ "type": "Feature", "properties": { "Layer": "DRAWINGS$OUTLINE", "PaperSpace": null, "SubClasses": null, "Linetype": null, "EntityHandle": "179", "Text": null }, "geometry": { "type": "LineString", "coordinates": [ [ -73.993687341751496, 40.676211973829957, 0.0 ], [ -73.993692655293714, 40.676211851252035, 0.0 ] ] } },
{ "type": "Feature", "properties": { "Layer": "DRAWINGS$OUTLINE", "PaperSpace": null, "SubClasses": null, "Linetype": null, "EntityHandle": "17A", "Text": null }, "geometry": { "type": "LineString", "coordinates": [ [ -73.993692655293714, 40.676211851252035, 0.0 ], [ -73.993697968726607, 40.676211725819762, 0.0 ] ] } },
{ "type": "Feature", "properties": { "Layer": "DRAWINGS$OUTLINE", "PaperSpace": null, "SubClasses": null, "Linetype": null, "EntityHandle": "17B", "Text": null }, "geometry": { "type": "LineString", "coordinates": [ [ -73.993697968726607, 40.676211725819762, 0.0 ], [ -73.993703282031362, 40.676211597193813, 0.0 ] ] } },
{ "type": "Feature", "properties": { "Layer": "DRAWINGS$OUTLINE", "PaperSpace": null, "SubClasses": null, "Linetype": null, "EntityHandle": "17C", "Text": null }, "geometry": { "type": "LineString", "coordinates": [ [ -73.993703282031362, 40.676211597193813, 0.0 ], [ -73.993708595179356, 40.676211464941161, 0.0 ] ] } },
{ "type": "Feature", "properties": { "Layer": "DRAWINGS$OUTLINE", "PaperSpace": null, "SubClasses": null, "Linetype": null, "EntityHandle": "17D", "Text": null }, "geometry": { "type": "LineString", "coordinates": [ [ -73.993708595179356, 40.676211464941161, 0.0 ], [ -73.993713908149388, 40.676211328622706, 0.0 ] ] } },
{ "type": "Feature", "properties": { "Layer": "DRAWINGS$OUTLINE", "PaperSpace": null, "SubClasses": null, "Linetype": null, "EntityHandle": "17E", "Text": null }, "geometry": { "type": "LineString", "coordinates": [ [ -73.993713908149388, 40.676211328622706, 0.0 ], [ -73.993719220919033, 40.676211187831562, 0.0 ] ] } },
{ "type": "Feature", "properties": { "Layer": "DRAWINGS$OUTLINE", "PaperSpace": null, "SubClasses": null, "Linetype": null, "EntityHandle": "17F", "Text": null }, "geometry": { "type": "LineString", "coordinates": [ [ -73.993719220919033, 40.676211187831562, 0.0 ], [ -73.993724533462014, 40.676211042160581, 0.0 ] ] } },
{ "type": "Feature", "properties": { "Layer": "DRAWINGS$OUTLINE", "PaperSpace": null, "SubClasses": null, "Linetype": null, "EntityHandle": "180", "Text": null }, "geometry": { "type": "LineString", "coordinates": [ [ -73.993724533462014, 40.676211042160581, 0.0 ], [ -73.993729845752796, 40.676210891201997, 0.0 ] ] } },
{ "type": "Feature", "properties": { "Layer": "DRAWINGS$OUTLINE", "PaperSpace": null, "SubClasses": null, "Linetype": null, "EntityHandle": "181", "Text": null }, "geometry": { "type": "LineString", "coordinates": [ [ -73.993729845752796, 40.676210891201997, 0.0 ], [ -73.993735157756461, 40.676210734547439, 0.0 ] ] } },
{ "type": "Feature", "properties": { "Layer": "DRAWINGS$OUTLINE", "PaperSpace": null, "SubClasses": null, "Linetype": null, "EntityHandle": "182", "Text": null }, "geometry": { "type": "LineString", "coordinates": [ [ -73.993735157756461, 40.676210734547439, 0.0 ], [ -73.993740469443324, 40.676210571787152, 0.0 ] ] } },
{ "type": "Feature", "properties": { "Layer": "DRAWINGS$OUTLINE", "PaperSpace": null, "SubClasses": null, "Linetype": null, "EntityHandle": "183", "Text": null }, "geometry": { "type": "LineString", "coordinates": [ [ -73.993740469443324, 40.676210571787152, 0.0 ], [ -73.99374578077871, 40.676210402510037, 0.0 ] ] } },
{ "type": "Feature", "properties": { "Layer": "DRAWINGS$OUTLINE", "PaperSpace": null, "SubClasses": null, "Linetype": null, "EntityHandle": "184", "Text": null }, "geometry": { "type": "LineString", "coordinates": [ [ -73.99374578077871, 40.676210402510037, 0.0 ], [ -73.99375109172523, 40.676210226303283, 0.0 ] ] } },
{ "type": "Feature", "properties": { "Layer": "DRAWINGS$OUTLINE", "PaperSpace": null, "SubClasses": null, "Linetype": null, "EntityHandle": "185", "Text": null }, "geometry": { "type": "LineString", "coordinates": [ [ -73.99375109172523, 40.676210226303283, 0.0 ], [ -73.993756402242511, 40.676210042752125, 0.0 ] ] } },
{ "type": "Feature", "properties": { "Layer": "DRAWINGS$OUTLINE", "PaperSpace": null, "SubClasses": null, "Linetype": null, "EntityHandle": "186", "Text": null }, "geometry": { "type": "LineString", "coordinates": [ [ -73.993756402242511, 40.676210042752125, 0.0 ], [ -73.993761712287082, 40.676209851439566, 0.0 ] ] } },
{ "type": "Feature", "properties": { "Layer": "DRAWINGS$OUTLINE", "PaperSpace": null, "SubClasses": null, "Linetype": null, "EntityHandle": "187", "Text": null }, "geometry": { "type": "LineString", "coordinates": [ [ -73.993761712287082, 40.676209851439566, 0.0 ], [ -73.993767021812133, 40.676209651946067, 0.0 ] ] } },
{ "type": "Feature", "properties": { "Layer": "DRAWINGS$OUTLINE", "PaperSpace": null, "SubClasses": null, "Linetype": null, "EntityHandle": "188", "Text": null }, "geometry": { "type": "LineString", "coordinates": [ [ -73.993767021812133, 40.676209651946067, 0.0 ], [ -73.993772330767086, 40.676209443849274, 0.0 ] ] } },
{ "type": "Feature", "properties": { "Layer": "DRAWINGS$OUTLINE", "PaperSpace": null, "SubClasses": null, "Linetype": null, "EntityHandle": "189", "Text": null }, "geometry": { "type": "LineString", "coordinates": [ [ -73.993772330767086, 40.676209443849274, 0.0 ], [ -73.993777639098568, 40.676209226723749, 0.0 ] ] } },
{ "type": "Feature", "properties": { "Layer": "DRAWINGS$OUTLINE", "PaperSpace": null, "SubClasses": null, "Linetype": null, "EntityHandle": "18A", "Text": null }, "geometry": { "type": "LineString", "coordinates": [ [ -73.993777639098568, 40.676209226723749, 0.0 ], [ -73.993782946747828, 40.676209000140794, 0.0 ] ] } },
{ "type": "Feature", "properties": { "Layer": "DRAWINGS$OUTLINE", "PaperSpace": null, "SubClasses": null, "Linetype": null, "EntityHandle": "18B", "Text": null }, "geometry": { "type": "LineString", "coordinates": [ [ -73.993782946747828, 40.676209000140794, 0.0 ], [ -73.993788253715977, 40.676208764536142, 0.0 ] ] } },
{ "type": "Feature", "properties": { "Layer": "DRAWINGS$OUTLINE", "PaperSpace": null, "SubClasses": null, "Linetype": null, "EntityHandle": "18C", "Text": null }, "geometry": { "type": "LineString", "coordinates": [ [ -73.993788253715977, 40.676208764536142, 0.0 ], [ -73.993793559882874, 40.676208519131386, 0.0 ] ] } },
{ "type": "Feature", "properties": { "Layer": "DRAWINGS$OUTLINE", "PaperSpace": null, "SubClasses": null, "Linetype": null, "EntityHandle": "18D", "Text": null }, "geometry": { "type": "LineString", "coordinates": [ [ -73.993793559882874, 40.676208519131386, 0.0 ], [ -73.993798865122415, 40.676208261731922, 0.0 ] ] } },
{ "type": "Feature", "properties": { "Layer": "DRAWINGS$OUTLINE", "PaperSpace": null, "SubClasses": null, "Linetype": null, "EntityHandle": "18E", "Text": null }, "geometry": { "type": "LineString", "coordinates": [ [ -73.993798865122415, 40.676208261731922, 0.0 ], [ -73.993804169364211, 40.676207992340942, 0.0 ] ] } },
{ "type": "Feature", "properties": { "Layer": "DRAWINGS$OUTLINE", "PaperSpace": null, "SubClasses": null, "Linetype": null, "EntityHandle": "18F", "Text": null }, "geometry": { "type": "LineString", "coordinates": [ [ -73.993804169364211, 40.676207992340942, 0.0 ], [ -73.993809472487229, 40.67620771096464, 0.0 ] ] } },
{ "type": "Feature", "properties": { "Layer": "DRAWINGS$OUTLINE", "PaperSpace": null, "SubClasses": null, "Linetype": null, "EntityHandle": "190", "Text": null }, "geometry": { "type": "LineString", "coordinates": [ [ -73.993809472487229, 40.67620771096464, 0.0 ], [ -73.99381477448965, 40.676207417603216, 0.0 ] ] } },
{ "type": "Feature", "properties": { "Layer": "DRAWINGS$OUTLINE", "PaperSpace": null, "SubClasses": null, "Linetype": null, "EntityHandle": "191", "Text": null }, "geometry": { "type": "LineString", "coordinates": [ [ -73.99381477448965, 40.676207417603216, 0.0 ], [ -73.993820075324763, 40.676207112259348, 0.0 ] ] } },
{ "type": "Feature", "properties": { "Layer": "DRAWINGS$OUTLINE", "PaperSpace": null, "SubClasses": null, "Linetype": null, "EntityHandle": "192", "Text": null }, "geometry": { "type": "LineString", "coordinates": [ [ -73.993820075324763, 40.676207112259348, 0.0 ], [ -73.993825374945843, 40.676206794935645, 0.0 ] ] } },
{ "type": "Feature", "properties": { "Layer": "DRAWINGS$OUTLINE", "PaperSpace": null, "SubClasses": null, "Linetype": null, "EntityHandle": "193", "Text": null }, "geometry": { "type": "LineString", "coordinates": [ [ -73.993825374945843, 40.676206794935645, 0.0 ], [ -73.99383067332478, 40.676206465633761, 0.0 ] ] } },
{ "type": "Feature", "properties": { "Layer": "DRAWINGS$OUTLINE", "PaperSpace": null, "SubClasses": null, "Linetype": null, "EntityHandle": "194", "Text": null }, "geometry": { "type": "LineString", "coordinates": [ [ -73.99383067332478, 40.676206465633761, 0.0 ], [ -73.993835970237782, 40.676206123462549, 0.0 ] ] } },
{ "type": "Feature", "properties": { "Layer": "DRAWINGS$OUTLINE", "PaperSpace": null, "SubClasses": null, "Linetype": null, "EntityHandle": "195", "Text": null }, "geometry": { "type": "LineString", "coordinates": [ [ -73.993835970237782, 40.676206123462549, 0.0 ], [ -73.993841265454705, 40.676205766051453, 0.0 ] ] } },
{ "type": "Feature", "properties": { "Layer": "DRAWINGS$OUTLINE", "PaperSpace": null, "SubClasses": null, "Linetype": null, "EntityHandle": "196", "Text": null }, "geometry": { "type": "LineString", "coordinates": [ [ -73.993841265454705, 40.676205766051453, 0.0 ], [ -73.993846559017484, 40.676205394699998, 0.0 ] ] } },
{ "type": "Feature", "properties": { "Layer": "DRAWINGS$OUTLINE", "PaperSpace": null, "SubClasses": null, "Linetype": null, "EntityHandle": "197", "Text": null }, "geometry": { "type": "LineString", "coordinates": [ [ -73.993846559017484, 40.676205394699998, 0.0 ], [ -73.99385185084175, 40.6762050092659, 0.0 ] ] } },
{ "type": "Feature", "properties": { "Layer": "DRAWINGS$OUTLINE", "PaperSpace": null, "SubClasses": null, "Linetype": null, "EntityHandle": "198", "Text": null }, "geometry": { "type": "LineString", "coordinates": [ [ -73.99385185084175, 40.6762050092659, 0.0 ], [ -73.993857140842195, 40.676204609620648, 0.0 ] ] } },
{ "type": "Feature", "properties": { "Layer": "DRAWINGS$OUTLINE", "PaperSpace": null, "SubClasses": null, "Linetype": null, "EntityHandle": "199", "Text": null }, "geometry": { "type": "LineString", "coordinates": [ [ -73.993857140842195, 40.676204609620648, 0.0 ], [ -73.993862428940361, 40.67620419564922, 0.0 ] ] } },
{ "type": "Feature", "properties": { "Layer": "DRAWINGS$OUTLINE", "PaperSpace": null, "SubClasses": null, "Linetype": null, "EntityHandle": "19A", "Text": null }, "geometry": { "type": "LineString", "coordinates": [ [ -73.993862428940361, 40.67620419564922, 0.0 ], [ -73.993867715049873, 40.676203767251884, 0.0 ] ] } },
{ "type": "Feature", "properties": { "Layer": "DRAWINGS$OUTLINE", "PaperSpace": null, "SubClasses": null, "Linetype": null, "EntityHandle": "19B", "Text": null }, "geometry": { "type": "LineString", "coordinates": [ [ -73.993867715049873, 40.676203767251884, 0.0 ], [ -73.993872999090939, 40.676203324343142, 0.0 ] ] } },
{ "type": "Feature", "properties": { "Layer": "DRAWINGS$OUTLINE", "PaperSpace": null, "SubClasses": null, "Linetype": null, "EntityHandle": "19C", "Text": null }, "geometry": { "type": "LineString", "coordinates": [ [ -73.993872999090939, 40.676203324343142, 0.0 ], [ -73.993878280986181, 40.676202866852542, 0.0 ] ] } },
{ "type": "Feature", "properties": { "Layer": "DRAWINGS$OUTLINE", "PaperSpace": null, "SubClasses": null, "Linetype": null, "EntityHandle": "19D", "Text": null }, "geometry": { "type": "LineString", "coordinates": [ [ -73.993878280986181, 40.676202866852542, 0.0 ], [ -73.993883560660095, 40.676202394724768, 0.0 ] ] } },
{ "type": "Feature", "properties": { "Layer": "DRAWINGS$OUTLINE", "PaperSpace": null, "SubClasses": null, "Linetype": null, "EntityHandle": "19E", "Text": null }, "geometry": { "type": "LineString", "coordinates": [ [ -73.993883560660095, 40.676202394724768, 0.0 ], [ -73.993888838038245, 40.676201907919896, 0.0 ] ] } },
{ "type": "Feature", "properties": { "Layer": "DRAWINGS$OUTLINE", "PaperSpace": null, "SubClasses": null, "Linetype": null, "EntityHandle": "19F", "Text": null }, "geometry": { "type": "LineString", "coordinates": [ [ -73.993888838038245, 40.676201907919896, 0.0 ], [ -73.99389411304675, 40.676201406413497, 0.0 ] ] } },
{ "type": "Feature", "properties": { "Layer": "DRAWINGS$OUTLINE", "PaperSpace": null, "SubClasses": null, "Linetype": null, "EntityHandle": "1A0", "Text": null }, "geometry": { "type": "LineString", "coordinates": [ [ -73.99389411304675, 40.676201406413497, 0.0 ], [ -73.993899385611655, 40.67620089019676, 0.0 ] ] } },
{ "type": "Feature", "properties": { "Layer": "DRAWINGS$OUTLINE", "PaperSpace": null, "SubClasses": null, "Linetype": null, "EntityHandle": "1A1", "Text": null }, "geometry": { "type": "LineString", "coordinates": [ [ -73.993899385611655, 40.67620089019676, 0.0 ], [ -73.993904655745112, 40.676200359267646, 0.0 ] ] } },
{ "type": "Feature", "properties": { "Layer": "DRAWINGS$OUTLINE", "PaperSpace": null, "SubClasses": null, "Linetype": null, "EntityHandle": "1A2", "Text": null }, "geometry": { "type": "LineString", "coordinates": [ [ -73.993904655745112, 40.676200359267646, 0.0 ], [ -73.993909923203432, 40.676199813660951, 0.0 ] ] } },
{ "type": "Feature", "properties": { "Layer": "DRAWINGS$OUTLINE", "PaperSpace": null, "SubClasses": null, "Linetype": null, "EntityHandle": "1A3", "Text": null }, "geometry": { "type": "LineString", "coordinates": [ [ -73.993909923203432, 40.676199813660951, 0.0 ], [ -73.993915188008586, 40.676199253399311, 0.0 ] ] } },
{ "type": "Feature", "properties": { "Layer": "DRAWINGS$OUTLINE", "PaperSpace": null, "SubClasses": null, "Linetype": null, "EntityHandle": "1A4", "Text": null }, "geometry": { "type": "LineString", "coordinates": [ [ -73.993915188008586, 40.676199253399311, 0.0 ], [ -73.993920450095828, 40.676198678532884, 0.0 ] ] } },
{ "type": "Feature", "properties": { "Layer": "DRAWINGS$OUTLINE", "PaperSpace": null, "SubClasses": null, "Linetype": null, "EntityHandle": "1A5", "Text": null }, "geometry": { "type": "LineString", "coordinates": [ [ -73.993920450095828, 40.676198678532884, 0.0 ], [ -73.993925709406042, 40.6761980891227, 0.0 ] ] } },
{ "type": "Feature", "properties": { "Layer": "DRAWINGS$OUTLINE", "PaperSpace": null, "SubClasses": null, "Linetype": null, "EntityHandle": "1A6", "Text": null }, "geometry": { "type": "LineString", "coordinates": [ [ -73.993925709406042, 40.6761980891227, 0.0 ], [ -73.993930965878903, 40.676197485241232, 0.0 ] ] } },
{ "type": "Feature", "properties": { "Layer": "DRAWINGS$OUTLINE", "PaperSpace": null, "SubClasses": null, "Linetype": null, "EntityHandle": "1A7", "Text": null }, "geometry": { "type": "LineString", "coordinates": [ [ -73.993930965878903, 40.676197485241232, 0.0 ], [ -73.993936219463592, 40.67619686697109, 0.0 ] ] } },
{ "type": "Feature", "properties": { "Layer": "DRAWINGS$OUTLINE", "PaperSpace": null, "SubClasses": null, "Linetype": null, "EntityHandle": "1A8", "Text": null }, "geometry": { "type": "LineString", "coordinates": [ [ -73.993936219463592, 40.67619686697109, 0.0 ], [ -73.993941470108425, 40.676196234406227, 0.0 ] ] } },
{ "type": "Feature", "properties": { "Layer": "DRAWINGS$OUTLINE", "PaperSpace": null, "SubClasses": null, "Linetype": null, "EntityHandle": "1A9", "Text": null }, "geometry": { "type": "LineString", "coordinates": [ [ -73.993941470108425, 40.676196234406227, 0.0 ], [ -73.993946717768011, 40.676195587650732, 0.0 ] ] } },
{ "type": "Feature", "properties": { "Layer": "DRAWINGS$OUTLINE", "PaperSpace": null, "SubClasses": null, "Linetype": null, "EntityHandle": "1AA", "Text": null }, "geometry": { "type": "LineString", "coordinates": [ [ -73.993946717768011, 40.676195587650732, 0.0 ], [ -73.993951962401127, 40.676194926819058, 0.0 ] ] } },
{ "type": "Feature", "properties": { "Layer": "DRAWINGS$OUTLINE", "PaperSpace": null, "SubClasses": null, "Linetype": null, "EntityHandle": "1AB", "Text": null }, "geometry": { "type": "LineString", "coordinates": [ [ -73.993951962401127, 40.676194926819058, 0.0 ], [ -73.993957203970297, 40.676194252035629, 0.0 ] ] } },
{ "type": "Feature", "properties": { "Layer": "DRAWINGS$OUTLINE", "PaperSpace": null, "SubClasses": null, "Linetype": null, "EntityHandle": "1AC", "Text": null }, "geometry": { "type": "LineString", "coordinates": [ [ -73.993957203970297, 40.676194252035629, 0.0 ], [ -73.993962442441472, 40.67619356343485, 0.0 ] ] } },
{ "type": "Feature", "properties": { "Layer": "DRAWINGS$OUTLINE", "PaperSpace": null, "SubClasses": null, "Linetype": null, "EntityHandle": "1AD", "Text": null }, "geometry": { "type": "LineString", "coordinates": [ [ -73.993962442441472, 40.67619356343485, 0.0 ], [ -73.993967677783615, 40.676192861160679, 0.0 ] ] } },
{ "type": "Feature", "properties": { "Layer": "DRAWINGS$OUTLINE", "PaperSpace": null, "SubClasses": null, "Linetype": null, "EntityHandle": "1AE", "Text": null }, "geometry": { "type": "LineString", "coordinates": [ [ -73.993967677783615, 40.676192861160679, 0.0 ], [ -73.993972909968349, 40.676192145366471, 0.0 ] ] } },
{ "type": "Feature", "properties": { "Layer": "DRAWINGS$OUTLINE", "PaperSpace": null, "SubClasses": null, "Linetype": null, "EntityHandle": "1AF", "Text": null }, "geometry": { "type": "LineString", "coordinates": [ [ -73.993972909968349, 40.676192145366471, 0.0 ], [ -73.993978139025359, 40.676191416203878, 0.0 ] ] } },
{ "type": "Feature", "properties": { "Layer": "DRAWINGS$OUTLINE", "PaperSpace": null, "SubClasses": null, "Linetype": null, "EntityHandle": "1B0", "Text": null }, "geometry": { "type": "LineString", "coordinates": [ [ -73.993978139025359, 40.676191416203878, 0.0 ], [ -73.993983364820465, 40.676190673844992, 0.0 ] ] } },
{ "type": "Feature", "properties": { "Layer": "DRAWINGS$OUTLINE", "PaperSpace": null, "SubClasses": null, "Linetype": null, "EntityHandle": "1B1", "Text": null }, "geometry": { "type": "LineString", "coordinates": [ [ -73.993983364820465, 40.676190673844992, 0.0 ], [ -73.993988587393588, 40.676189918457219, 0.0 ] ] } },
{ "type": "Feature", "properties": { "Layer": "DRAWINGS$OUTLINE", "PaperSpace": null, "SubClasses": null, "Linetype": null, "EntityHandle": "1B2", "Text": null }, "geometry": { "type": "LineString", "coordinates": [ [ -73.993988587393588, 40.676189918457219, 0.0 ], [ -73.993993806732163, 40.67618915022058, 0.0 ] ] } },
{ "type": "Feature", "properties": { "Layer": "DRAWINGS$OUTLINE", "PaperSpace": null, "SubClasses": null, "Linetype": null, "EntityHandle": "1B3", "Text": null }, "geometry": { "type": "LineString", "coordinates": [ [ -73.993993806732163, 40.67618915022058, 0.0 ], [ -73.993999022826785, 40.676188369317593, 0.0 ] ] } },
{ "type": "Feature", "properties": { "Layer": "DRAWINGS$OUTLINE", "PaperSpace": null, "SubClasses": null, "Linetype": null, "EntityHandle": "1B4", "Text": null }, "geometry": { "type": "LineString", "coordinates": [ [ -73.993999022826785, 40.676188369317593, 0.0 ], [ -73.994004235670445, 40.676187575933355, 0.0 ] ] } },
{ "type": "Feature", "properties": { "Layer": "DRAWINGS$OUTLINE", "PaperSpace": null, "SubClasses": null, "Linetype": null, "EntityHandle": "1B5", "Text": null }, "geometry": { "type": "LineString", "coordinates": [ [ -73.994004235670445, 40.676187575933355, 0.0 ], [ -73.994009445259834, 40.676186770255143, 0.0 ] ] } },
{ "type": "Feature", "properties": { "Layer": "DRAWINGS$OUTLINE", "PaperSpace": null, "SubClasses": null, "Linetype": null, "EntityHandle": "1B6", "Text": null }, "geometry": { "type": "LineString", "coordinates": [ [ -73.994009445259834, 40.676186770255143, 0.0 ], [ -73.994014651593943, 40.676185952472586, 0.0 ] ] } },
{ "type": "Feature", "properties": { "Layer": "DRAWINGS$OUTLINE", "PaperSpace": null, "SubClasses": null, "Linetype": null, "EntityHandle": "1B7", "Text": null }, "geometry": { "type": "LineString", "coordinates": [ [ -73.994014651593943, 40.676185952472586, 0.0 ], [ -73.994019854674974, 40.676185122777319, 0.0 ] ] } },
{ "type": "Feature", "properties": { "Layer": "DRAWINGS$OUTLINE", "PaperSpace": null, "SubClasses": null, "Linetype": null, "EntityHandle": "1B8", "Text": null }, "geometry": { "type": "LineString", "coordinates": [ [ -73.994019854674974, 40.676185122777319, 0.0 ], [ -73.994025054508029, 40.676184281363, 0.0 ] ] } },
{ "type": "Feature", "properties": { "Layer": "DRAWINGS$OUTLINE", "PaperSpace": null, "SubClasses": null, "Linetype": null, "EntityHandle": "1B9", "Text": null }, "geometry": { "type": "LineString", "coordinates": [ [ -73.994025054508029, 40.676184281363, 0.0 ], [ -73.994030251101051, 40.676183428425148, 0.0 ] ] } },
{ "type": "Feature", "properties": { "Layer": "DRAWINGS$OUTLINE", "PaperSpace": null, "SubClasses": null, "Linetype": null, "EntityHandle": "1BA", "Text": null }, "geometry": { "type": "LineString", "coordinates": [ [ -73.994030251101051, 40.676183428425148, 0.0 ], [ -73.994035444464728, 40.676182564161017, 0.0 ] ] } },
{ "type": "Feature", "properties": { "Layer": "DRAWINGS$OUTLINE", "PaperSpace": null, "SubClasses": null, "Linetype": null, "EntityHandle": "1BB", "Text": null }, "geometry": { "type": "LineString", "coordinates": [ [ -73.994035444464728, 40.676182564161017, 0.0 ], [ -73.994040634612517, 40.676181688769582, 0.0 ] ] } },
{ "type": "Feature", "properties": { "Layer": "DRAWINGS$OUTLINE", "PaperSpace": null, "SubClasses": null, "Linetype": null, "EntityHandle": "1BC", "Text": null }, "geometry": { "type": "LineString", "coordinates": [ [ -73.994040634612517, 40.676181688769582, 0.0 ], [ -73.994045821560462, 40.676180802451299, 0.0 ] ] } },
{ "type": "Feature", "properties": { "Layer": "DRAWINGS$OUTLINE", "PaperSpace": null, "SubClasses": null, "Linetype": null, "EntityHandle": "1BD", "Text": null }, "geometry": { "type": "LineString", "coordinates": [ [ -73.994045821560462, 40.676180802451299, 0.0 ], [ -73.994051005327108, 40.676179905408063, 0.0 ] ] } },
{ "type": "Feature", "properties": { "Layer": "DRAWINGS$OUTLINE", "PaperSpace": null, "SubClasses": null, "Linetype": null, "EntityHandle": "1BE", "Text": null }, "geometry": { "type": "LineString", "coordinates": [ [ -73.994051005327108, 40.676179905408063, 0.0 ], [ -73.994056185933587, 40.676178997843131, 0.0 ] ] } },
{ "type": "Feature", "properties": { "Layer": "DRAWINGS$OUTLINE", "PaperSpace": null, "SubClasses": null, "Linetype": null, "EntityHandle": "1BF", "Text": null }, "geometry": { "type": "LineString", "coordinates": [ [ -73.994056185933587, 40.676178997843131, 0.0 ], [ -73.994061363414716, 40.676178079958966, 0.0 ] ] } },
{ "type": "Feature", "properties": { "Layer": "DRAWINGS$OUTLINE", "PaperSpace": null, "SubClasses": null, "Linetype": null, "EntityHandle": "1C0", "Text": null }, "geometry": { "type": "LineString", "coordinates": [ [ -73.994061363414716, 40.676178079958966, 0.0 ], [ -73.994066537770578, 40.676177151990395, 0.0 ] ] } },
{ "type": "Feature", "properties": { "Layer": "DRAWINGS$OUTLINE", "PaperSpace": null, "SubClasses": null, "Linetype": null, "EntityHandle": "1C1", "Text": null }, "geometry": { "type": "LineString", "coordinates": [ [ -73.994066537770578, 40.676177151990395, 0.0 ], [ -73.994071709081226, 40.676176214237607, 0.0 ] ] } },
{ "type": "Feature", "properties": { "Layer": "DRAWINGS$OUTLINE", "PaperSpace": null, "SubClasses": null, "Linetype": null, "EntityHandle": "1C2", "Text": null }, "geometry": { "type": "LineString", "coordinates": [ [ -73.994071709081226, 40.676176214237607, 0.0 ], [ -73.99407687741963, 40.676175267001902, 0.0 ] ] } },
{ "type": "Feature", "properties": { "Layer": "DRAWINGS$OUTLINE", "PaperSpace": null, "SubClasses": null, "Linetype": null, "EntityHandle": "1C3", "Text": null }, "geometry": { "type": "LineString", "coordinates": [ [ -73.99407687741963, 40.676175267001902, 0.0 ], [ -73.994082042902505, 40.676174310557855, 0.0 ] ] } },
{ "type": "Feature", "properties": { "Layer": "DRAWINGS$OUTLINE", "PaperSpace": null, "SubClasses": null, "Linetype": null, "EntityHandle": "1C4", "Text": null }, "geometry": { "type": "LineString", "coordinates": [ [ -73.994082042902505, 40.676174310557855, 0.0 ], [ -73.99408720545371, 40.676173345198805, 0.0 ] ] } },
{ "type": "Feature", "properties": { "Layer": "DRAWINGS$OUTLINE", "PaperSpace": null, "SubClasses": null, "Linetype": null, "EntityHandle": "1C5", "Text": null }, "geometry": { "type": "LineString", "coordinates": [ [ -73.99408720545371, 40.676173345198805, 0.0 ], [ -73.994092365193495, 40.676172371165812, 0.0 ] ] } },
{ "type": "Feature", "properties": { "Layer": "DRAWINGS$OUTLINE", "PaperSpace": null, "SubClasses": null, "Linetype": null, "EntityHandle": "1C6", "Text": null }, "geometry": { "type": "LineString", "coordinates": [ [ -73.994092365193495, 40.676172371165812, 0.0 ], [ -73.994097522174499, 40.676171388697519, 0.0 ] ] } },
{ "type": "Feature", "properties": { "Layer": "DRAWINGS$OUTLINE", "PaperSpace": null, "SubClasses": null, "Linetype": null, "EntityHandle": "1C7", "Text": null }, "geometry": { "type": "LineString", "coordinates": [ [ -73.994097522174499, 40.676171388697519, 0.0 ], [ -73.994102676446488, 40.676170398019174, 0.0 ] ] } },
{ "type": "Feature", "properties": { "Layer": "DRAWINGS$OUTLINE", "PaperSpace": null, "SubClasses": null, "Linetype": null, "EntityHandle": "1C8", "Text": null }, "geometry": { "type": "LineString", "coordinates": [ [ -73.994102676446488, 40.676170398019174, 0.0 ], [ -73.994107828056414, 40.676169399343543, 0.0 ] ] } },
{ "type": "Feature", "properties": { "Layer": "DRAWINGS$OUTLINE", "PaperSpace": null, "SubClasses": null, "Linetype": null, "EntityHandle": "1C9", "Text": null }, "geometry": { "type": "LineString", "coordinates": [ [ -73.994107828056414, 40.676169399343543, 0.0 ], [ -73.994112977048545, 40.676168392871666, 0.0 ] ] } },
{ "type": "Feature", "properties": { "Layer": "DRAWINGS$OUTLINE", "PaperSpace": null, "SubClasses": null, "Linetype": null, "EntityHandle": "1CA", "Text": null }, "geometry": { "type": "LineString", "coordinates": [ [ -73.994112977048545, 40.676168392871666, 0.0 ], [ -73.994118123464418, 40.676167378793593, 0.0 ] ] } },
{ "type": "Feature", "properties": { "Layer": "DRAWINGS$OUTLINE", "PaperSpace": null, "SubClasses": null, "Linetype": null, "EntityHandle": "1CB", "Text": null }, "geometry": { "type": "LineString", "coordinates": [ [ -73.994118123464418, 40.676167378793593, 0.0 ], [ -73.994123267293929, 40.676166357298754, 0.0 ] ] } },
{ "type": "Feature", "properties": { "Layer": "DRAWINGS$OUTLINE", "PaperSpace": null, "SubClasses": null, "Linetype": null, "EntityHandle": "1CC", "Text": null }, "geometry": { "type": "LineString", "coordinates": [ [ -73.994123267293929, 40.676166357298754, 0.0 ], [ -73.994128408677057, 40.676165328536491, 0.0 ] ] } },
{ "type": "Feature", "properties": { "Layer": "DRAWINGS$OUTLINE", "PaperSpace": null, "SubClasses": null, "Linetype": null, "EntityHandle": "1CD", "Text": null }, "geometry": { "type": "LineString", "coordinates": [ [ -73.994128408677057, 40.676165328536491, 0.0 ], [ -73.994133547598494, 40.67616429267796, 0.0 ] ] } },
{ "type": "Feature", "properties": { "Layer": "DRAWINGS$OUTLINE", "PaperSpace": null, "SubClasses": null, "Linetype": null, "EntityHandle": "1CE", "Text": null }, "geometry": { "type": "LineString", "coordinates": [ [ -73.994133547598494, 40.67616429267796, 0.0 ], [ -73.994138684093627, 40.676163249874278, 0.0 ] ] } },
{ "type": "Feature", "properties": { "Layer": "DRAWINGS$OUTLINE", "PaperSpace": null, "SubClasses": null, "Linetype": null, "EntityHandle": "1CF", "Text": null }, "geometry": { "type": "LineString", "coordinates": [ [ -73.994138684093627, 40.676163249874278, 0.0 ], [ -73.994143818201422, 40.67616220026639, 0.0 ] ] } },
{ "type": "Feature", "properties": { "Layer": "DRAWINGS$OUTLINE", "PaperSpace": null, "SubClasses": null, "Linetype": null, "EntityHandle": "1D0", "Text": null }, "geometry": { "type": "LineString", "coordinates": [ [ -73.994143818201422, 40.67616220026639, 0.0 ], [ -73.994148949950088, 40.676161143989702, 0.0 ] ] } },
{ "type": "Feature", "properties": { "Layer": "DRAWINGS$OUTLINE", "PaperSpace": null, "SubClasses": null, "Linetype": null, "EntityHandle": "1D1", "Text": null }, "geometry": { "type": "LineString", "coordinates": [ [ -73.994148949950088, 40.676161143989702, 0.0 ], [ -73.994154079376202, 40.676160081170977, 0.0 ] ] } },
{ "type": "Feature", "properties": { "Layer": "DRAWINGS$OUTLINE", "PaperSpace": null, "SubClasses": null, "Linetype": null, "EntityHandle": "1D2", "Text": null }, "geometry": { "type": "LineString", "coordinates": [ [ -73.994154079376202, 40.676160081170977, 0.0 ], [ -73.994159206492199, 40.676159011935098, 0.0 ] ] } },
{ "type": "Feature", "properties": { "Layer": "DRAWINGS$OUTLINE", "PaperSpace": null, "SubClasses": null, "Linetype": null, "EntityHandle": "1D3", "Text": null }, "geometry": { "type": "LineString", "coordinates": [ [ -73.994159206492199, 40.676159011935098, 0.0 ], [ -73.994164331333621, 40.676157936395718, 0.0 ] ] } },
{ "type": "Feature", "properties": { "Layer": "DRAWINGS$OUTLINE", "PaperSpace": null, "SubClasses": null, "Linetype": null, "EntityHandle": "1D4", "Text": null }, "geometry": { "type": "LineString", "coordinates": [ [ -73.994164331333621, 40.676157936395718, 0.0 ], [ -73.994169453926077, 40.676156854662295, 0.0 ] ] } },
{ "type": "Feature", "properties": { "Layer": "DRAWINGS$OUTLINE", "PaperSpace": null, "SubClasses": null, "Linetype": null, "EntityHandle": "1D5", "Text": null }, "geometry": { "type": "LineString", "coordinates": [ [ -73.994169453926077, 40.676156854662295, 0.0 ], [ -73.994174574293751, 40.676155766838669, 0.0 ] ] } },
{ "type": "Feature", "properties": { "Layer": "DRAWINGS$OUTLINE", "PaperSpace": null, "SubClasses": null, "Linetype": null, "EntityHandle": "1D6", "Text": null }, "geometry": { "type": "LineString", "coordinates": [ [ -73.994174574293751, 40.676155766838669, 0.0 ], [ -73.994179692459241, 40.676154673023248, 0.0 ] ] } },
{ "type": "Feature", "properties": { "Layer": "DRAWINGS$OUTLINE", "PaperSpace": null, "SubClasses": null, "Linetype": null, "EntityHandle": "1D7", "Text": null }, "geometry": { "type": "LineString", "coordinates": [ [ -73.994179692459241, 40.676154673023248, 0.0 ], [ -73.994184808443705, 40.676153573309364, 0.0 ] ] } },
{ "type": "Feature", "properties": { "Layer": "DRAWINGS$OUTLINE", "PaperSpace": null, "SubClasses": null, "Linetype": null, "EntityHandle": "1D8", "Text": null }, "geometry": { "type": "LineString", "coordinates": [ [ -73.994184808443705, 40.676153573309364, 0.0 ], [ -73.99418992226677, 40.676152467785187, 0.0 ] ] } },
{ "type": "Feature", "properties": { "Layer": "DRAWINGS$OUTLINE", "PaperSpace": null, "SubClasses": null, "Linetype": null, "EntityHandle": "1D9", "Text": null }, "geometry": { "type": "LineString", "coordinates": [ [ -73.99418992226677, 40.676152467785187, 0.0 ], [ -73.994195033946625, 40.676151356534163, 0.0 ] ] } },
{ "type": "Feature", "properties": { "Layer": "DRAWINGS$OUTLINE", "PaperSpace": null, "SubClasses": null, "Linetype": null, "EntityHandle": "1DA", "Text": null }, "geometry": { "type": "LineString", "coordinates": [ [ -73.994195033946625, 40.676151356534163, 0.0 ], [ -73.99420014349289, 40.676150239637629, 0.0 ] ] } },
{ "type": "Feature", "properties": { "Layer": "DRAWINGS$OUTLINE", "PaperSpace": null, "SubClasses": null, "Linetype": null, "EntityHandle": "1DB", "Text": null }, "geometry": { "type": "LineString", "coordinates": [ [ -73.99420014349289, 40.676150239637629, 0.0 ], [ -73.994205250915201, 40.676149117172798, 0.0 ] ] } },
{ "type": "Feature", "properties": { "Layer": "DRAWINGS$OUTLINE", "PaperSpace": null, "SubClasses": null, "Linetype": null, "EntityHandle": "1DC", "Text": null }, "geometry": { "type": "LineString", "coordinates": [ [ -73.994205250915201, 40.676149117172798, 0.0 ], [ -73.994210356271381, 40.676147989199215, 0.0 ] ] } },
{ "type": "Feature", "properties": { "Layer": "DRAWINGS$OUTLINE", "PaperSpace": null, "SubClasses": null, "Linetype": null, "EntityHandle": "1DD", "Text": null }, "geometry": { "type": "LineString", "coordinates": [ [ -73.994210356271381, 40.676147989199215, 0.0 ], [ -73.994215459510514, 40.676146855795821, 0.0 ] ] } },
{ "type": "Feature", "properties": { "Layer": "DRAWINGS$OUTLINE", "PaperSpace": null, "SubClasses": null, "Linetype": null, "EntityHandle": "1DE", "Text": null }, "geometry": { "type": "LineString", "coordinates": [ [ -73.994215459510514, 40.676146855795821, 0.0 ], [ -73.994220560703425, 40.676145717010208, 0.0 ] ] } },
{ "type": "Feature", "properties": { "Layer": "DRAWINGS$OUTLINE", "PaperSpace": null, "SubClasses": null, "Linetype": null, "EntityHandle": "1DF", "Text": null }, "geometry": { "type": "LineString", "coordinates": [ [ -73.994220560703425, 40.676145717010208, 0.0 ], [ -73.994225659853186, 40.676144572900668, 0.0 ] ] } },
{ "type": "Feature", "properties": { "Layer": "DRAWINGS$OUTLINE", "PaperSpace": null, "SubClasses": null, "Linetype": null, "EntityHandle": "1E0", "Text": null }, "geometry": { "type": "LineString", "coordinates": [ [ -73.994225659853186, 40.676144572900668, 0.0 ], [ -73.994230756964001, 40.676143423521118, 0.0 ] ] } },
{ "type": "Feature", "properties": { "Layer": "DRAWINGS$OUTLINE", "PaperSpace": null, "SubClasses": null, "Linetype": null, "EntityHandle": "1E1", "Text": null }, "geometry": { "type": "LineString", "coordinates": [ [ -73.994230756964001, 40.676143423521118, 0.0 ], [ -73.994235852040987, 40.676142268921339, 0.0 ] ] } },
{ "type": "Feature", "properties": { "Layer": "DRAWINGS$OUTLINE", "PaperSpace": null, "SubClasses": null, "Linetype": null, "EntityHandle": "1E2", "Text": null }, "geometry": { "type": "LineString", "coordinates": [ [ -73.994235852040987, 40.676142268921339, 0.0 ], [ -73.994240945186064, 40.67614110912514, 0.0 ] ] } },
{ "type": "Feature", "properties": { "Layer": "DRAWINGS$OUTLINE", "PaperSpace": null, "SubClasses": null, "Linetype": null, "EntityHandle": "1E3", "Text": null }, "geometry": { "type": "LineString", "coordinates": [ [ -73.994240945186064, 40.67614110912514, 0.0 ], [ -73.994246036212857, 40.676139944218214, 0.0 ] ] } },
{ "type": "Feature", "properties": { "Layer": "DRAWINGS$OUTLINE", "PaperSpace": null, "SubClasses": null, "Linetype": null, "EntityHandle": "1E4", "Text": null }, "geometry": { "type": "LineString", "coordinates": [ [ -73.994246036212857, 40.676139944218214, 0.0 ], [ -73.99425112522357, 40.676138774216938, 0.0 ] ] } },
{ "type": "Feature", "properties": { "Layer": "DRAWINGS$OUTLINE", "PaperSpace": null, "SubClasses": null, "Linetype": null, "EntityHandle": "1E5", "Text": null }, "geometry": { "type": "LineString", "coordinates": [ [ -73.99425112522357, 40.676138774216938, 0.0 ], [ -73.994256212222936, 40.676137599156171, 0.0 ] ] } },
{ "type": "Feature", "properties": { "Layer": "DRAWINGS$OUTLINE", "PaperSpace": null, "SubClasses": null, "Linetype": null, "EntityHandle": "1E6", "Text": null }, "geometry": { "type": "LineString", "coordinates": [ [ -73.994256212222936, 40.676137599156171, 0.0 ], [ -73.994261297214393, 40.676136419067532, 0.0 ] ] } },
{ "type": "Feature", "properties": { "Layer": "DRAWINGS$OUTLINE", "PaperSpace": null, "SubClasses": null, "Linetype": null, "EntityHandle": "1E7", "Text": null }, "geometry": { "type": "LineString", "coordinates": [ [ -73.994261297214393, 40.676136419067532, 0.0 ], [ -73.99426638020023, 40.676135233979387, 0.0 ] ] } },
{ "type": "Feature", "properties": { "Layer": "DRAWINGS$OUTLINE", "PaperSpace": null, "SubClasses": null, "Linetype": null, "EntityHandle": "1E8", "Text": null }, "geometry": { "type": "LineString", "coordinates": [ [ -73.99426638020023, 40.676135233979387, 0.0 ], [ -73.994271461181455, 40.67613404391696, 0.0 ] ] } },
{ "type": "Feature", "properties": { "Layer": "DRAWINGS$OUTLINE", "PaperSpace": null, "SubClasses": null, "Linetype": null, "EntityHandle": "1E9", "Text": null }, "geometry": { "type": "LineString", "coordinates": [ [ -73.994271461181455, 40.67613404391696, 0.0 ], [ -73.994276540157884, 40.676132848902341, 0.0 ] ] } },
{ "type": "Feature", "properties": { "Layer": "DRAWINGS$OUTLINE", "PaperSpace": null, "SubClasses": null, "Linetype": null, "EntityHandle": "1EA", "Text": null }, "geometry": { "type": "LineString", "coordinates": [ [ -73.994276540157884, 40.676132848902341, 0.0 ], [ -73.994281617128067, 40.676131648954524, 0.0 ] ] } },
{ "type": "Feature", "properties": { "Layer": "DRAWINGS$OUTLINE", "PaperSpace": null, "SubClasses": null, "Linetype": null, "EntityHandle": "1EB", "Text": null }, "geometry": { "type": "LineString", "coordinates": [ [ -73.994281617128067, 40.676131648954524, 0.0 ], [ -73.994286692089261, 40.676130444089438, 0.0 ] ] } },
{ "type": "Feature", "properties": { "Layer": "DRAWINGS$OUTLINE", "PaperSpace": null, "SubClasses": null, "Linetype": null, "EntityHandle": "1EC", "Text": null }, "geometry": { "type": "LineString", "coordinates": [ [ -73.994286692089261, 40.676130444089438, 0.0 ], [ -73.994291765037516, 40.676129234319923, 0.0 ] ] } },
{ "type": "Feature", "properties": { "Layer": "DRAWINGS$OUTLINE", "PaperSpace": null, "SubClasses": null, "Linetype": null, "EntityHandle": "1ED", "Text": null }, "geometry": { "type": "LineString", "coordinates": [ [ -73.994291765037516, 40.676129234319923, 0.0 ], [ -73.994296835967546, 40.676128019655799, 0.0 ] ] } },
{ "type": "Feature", "properties": { "Layer": "DRAWINGS$OUTLINE", "PaperSpace": null, "SubClasses": null, "Linetype": null, "EntityHandle": "1EE", "Text": null }, "geometry": { "type": "LineString", "coordinates": [ [ -73.994296835967546, 40.676128019655799, 0.0 ], [ -73.994301904872714, 40.676126800103901, 0.0 ] ] } },
{ "type": "Feature", "properties": { "Layer": "DRAWINGS$OUTLINE", "PaperSpace": null, "SubClasses": null, "Linetype": null, "EntityHandle": "1EF", "Text": null }, "geometry": { "type": "LineString", "coordinates": [ [ -73.994301904872714, 40.676126800103901, 0.0 ], [ -73.994306971745075, 40.676125575667854, 0.0 ] ] } },
{ "type": "Feature", "properties": { "Layer": "DRAWINGS$OUTLINE", "PaperSpace": null, "SubClasses": null, "Linetype": null, "EntityHandle": "1F0", "Text": null }, "geometry": { "type": "LineString", "coordinates": [ [ -73.994306971745075, 40.676125575667854, 0.0 ], [ -73.99431203657528, 40.676124346348359, 0.0 ] ] } },
{ "type": "Feature", "properties": { "Layer": "DRAWINGS$OUTLINE", "PaperSpace": null, "SubClasses": null, "Linetype": null, "EntityHandle": "1F1", "Text": null }, "geometry": { "type": "LineString", "coordinates": [ [ -73.99431203657528, 40.676124346348359, 0.0 ], [ -73.994317099336655, 40.676123112146776, 0.0 ] ] } },
{ "type": "Feature", "properties": { "Layer": "DRAWINGS$OUTLINE", "PaperSpace": null, "SubClasses": null, "Linetype": null, "EntityHandle": "1F2", "Text": null }, "geometry": { "type": "LineString", "coordinates": [ [ -73.994317099336655, 40.676123112146776, 0.0 ], [ -73.994322160057706, 40.676121873047585, 0.0 ] ] } },
{ "type": "Feature", "properties": { "Layer": "DRAWINGS$OUTLINE", "PaperSpace": null, "SubClasses": null, "Linetype": null, "EntityHandle": "1F3", "Text": null }, "geometry": { "type": "LineString", "coordinates": [ [ -73.994322160057706, 40.676121873047585, 0.0 ], [ -73.994327218700917, 40.676120629047766, 0.0 ] ] } },
{ "type": "Feature", "properties": { "Layer": "DRAWINGS$OUTLINE", "PaperSpace": null, "SubClasses": null, "Linetype": null, "EntityHandle": "1F4", "Text": null }, "geometry": { "type": "LineString", "coordinates": [ [ -73.994327218700917, 40.676120629047766, 0.0 ], [ -73.994332275214148, 40.676119380064726, 0.0 ] ] } },
{ "type": "Feature", "properties": { "Layer": "DRAWINGS$OUTLINE", "PaperSpace": null, "SubClasses": null, "Linetype": null, "EntityHandle": "1F5", "Text": null }, "geometry": { "type": "LineString", "coordinates": [ [ -73.994332275214148, 40.676119380064726, 0.0 ], [ -73.994337329677336, 40.676118126259844, 0.0 ] ] } },
{ "type": "Feature", "properties": { "Layer": "DRAWINGS$OUTLINE", "PaperSpace": null, "SubClasses": null, "Linetype": null, "EntityHandle": "1F6", "Text": null }, "geometry": { "type": "LineString", "coordinates": [ [ -73.994337329677336, 40.676118126259844, 0.0 ], [ -73.994342381962298, 40.676116867377985, 0.0 ] ] } },
{ "type": "Feature", "properties": { "Layer": "DRAWINGS$OUTLINE", "PaperSpace": null, "SubClasses": null, "Linetype": null, "EntityHandle": "1F7", "Text": null }, "geometry": { "type": "LineString", "coordinates": [ [ -73.994342381962298, 40.676116867377985, 0.0 ], [ -73.994347432068054, 40.676115603438149, 0.0 ] ] } },
{ "type": "Feature", "properties": { "Layer": "DRAWINGS$OUTLINE", "PaperSpace": null, "SubClasses": null, "Linetype": null, "EntityHandle": "1F8", "Text": null }, "geometry": { "type": "LineString", "coordinates": [ [ -73.994347432068054, 40.676115603438149, 0.0 ], [ -73.994352479963382, 40.676114334389887, 0.0 ] ] } },
{ "type": "Feature", "properties": { "Layer": "DRAWINGS$OUTLINE", "PaperSpace": null, "SubClasses": null, "Linetype": null, "EntityHandle": "1F9", "Text": null }, "geometry": { "type": "LineString", "coordinates": [ [ -73.994352479963382, 40.676114334389887, 0.0 ], [ -73.994357525616181, 40.676113060182516, 0.0 ] ] } },
{ "type": "Feature", "properties": { "Layer": "DRAWINGS$OUTLINE", "PaperSpace": null, "SubClasses": null, "Linetype": null, "EntityHandle": "1FA", "Text": null }, "geometry": { "type": "LineString", "coordinates": [ [ -73.994357525616181, 40.676113060182516, 0.0 ], [ -73.994362568993935, 40.676111780765012, 0.0 ] ] } },
{ "type": "Feature", "properties": { "Layer": "DRAWINGS$OUTLINE", "PaperSpace": null, "SubClasses": null, "Linetype": null, "EntityHandle": "1FB", "Text": null }, "geometry": { "type": "LineString", "coordinates": [ [ -73.994362568993935, 40.676111780765012, 0.0 ], [ -73.994367610063634, 40.676110496085997, 0.0 ] ] } },
{ "type": "Feature", "properties": { "Layer": "DRAWINGS$OUTLINE", "PaperSpace": null, "SubClasses": null, "Linetype": null, "EntityHandle": "1FC", "Text": null }, "geometry": { "type": "LineString", "coordinates": [ [ -73.994367610063634, 40.676110496085997, 0.0 ], [ -73.994372648793558, 40.676109206093372, 0.0 ] ] } },
{ "type": "Feature", "properties": { "Layer": "DRAWINGS$OUTLINE", "PaperSpace": null, "SubClasses": null, "Linetype": null, "EntityHandle": "1FD", "Text": null }, "geometry": { "type": "LineString", "coordinates": [ [ -73.994372648793558, 40.676109206093372, 0.0 ], [ -73.994377685146503, 40.67610791073588, 0.0 ] ] } },
{ "type": "Feature", "properties": { "Layer": "DRAWINGS$OUTLINE", "PaperSpace": null, "SubClasses": null, "Linetype": null, "EntityHandle": "1FE", "Text": null }, "geometry": { "type": "LineString", "coordinates": [ [ -73.994377685146503, 40.67610791073588, 0.0 ], [ -73.994382719089771, 40.676106609960691, 0.0 ] ] } },
{ "type": "Feature", "properties": { "Layer": "DRAWINGS$OUTLINE", "PaperSpace": null, "SubClasses": null, "Linetype": null, "EntityHandle": "1FF", "Text": null }, "geometry": { "type": "LineString", "coordinates": [ [ -73.994382719089771, 40.676106609960691, 0.0 ], [ -73.99438775058853, 40.676105303714976, 0.0 ] ] } },
{ "type": "Feature", "properties": { "Layer": "DRAWINGS$OUTLINE", "PaperSpace": null, "SubClasses": null, "Linetype": null, "EntityHandle": "200", "Text": null }, "geometry": { "type": "LineString", "coordinates": [ [ -73.99438775058853, 40.676105303714976, 0.0 ], [ -73.994392779607395, 40.676103991945581, 0.0 ] ] } },
{ "type": "Feature", "properties": { "Layer": "DRAWINGS$OUTLINE", "PaperSpace": null, "SubClasses": null, "Linetype": null, "EntityHandle": "201", "Text": null }, "geometry": { "type": "LineString", "coordinates": [ [ -73.994392779607395, 40.676103991945581, 0.0 ], [ -73.994397806110442, 40.676102674598916, 0.0 ] ] } },
{ "type": "Feature", "properties": { "Layer": "DRAWINGS$OUTLINE", "PaperSpace": null, "SubClasses": null, "Linetype": null, "EntityHandle": "202", "Text": null }, "geometry": { "type": "LineString", "coordinates": [ [ -73.994397806110442, 40.676102674598916, 0.0 ], [ -73.994402830061233, 40.676101351621021, 0.0 ] ] } },
{ "type": "Feature", "properties": { "Layer": "DRAWINGS$OUTLINE", "PaperSpace": null, "SubClasses": null, "Linetype": null, "EntityHandle": "203", "Text": null }, "geometry": { "type": "LineString", "coordinates": [ [ -73.994402830061233, 40.676101351621021, 0.0 ], [ -73.994407851422764, 40.676100022957591, 0.0 ] ] } },
{ "type": "Feature", "properties": { "Layer": "DRAWINGS$OUTLINE", "PaperSpace": null, "SubClasses": null, "Linetype": null, "EntityHandle": "204", "Text": null }, "geometry": { "type": "LineString", "coordinates": [ [ -73.994407851422764, 40.676100022957591, 0.0 ], [ -73.994412870157447, 40.676098688553814, 0.0 ] ] } },
{ "type": "Feature", "properties": { "Layer": "DRAWINGS$OUTLINE", "PaperSpace": null, "SubClasses": null, "Linetype": null, "EntityHandle": "205", "Text": null }, "geometry": { "type": "LineString", "coordinates": [ [ -73.994412870157447, 40.676098688553814, 0.0 ], [ -73.994417886227154, 40.676097348354503, 0.0 ] ] } },
{ "type": "Feature", "properties": { "Layer": "DRAWINGS$OUTLINE", "PaperSpace": null, "SubClasses": null, "Linetype": null, "EntityHandle": "206", "Text": null }, "geometry": { "type": "LineString", "coordinates": [ [ -73.994417886227154, 40.676097348354503, 0.0 ], [ -73.994422899593118, 40.676096002304043, 0.0 ] ] } },
{ "type": "Feature", "properties": { "Layer": "DRAWINGS$OUTLINE", "PaperSpace": null, "SubClasses": null, "Linetype": null, "EntityHandle": "207", "Text": null }, "geometry": { "type": "LineString", "coordinates": [ [ -73.994422899593118, 40.676096002304043, 0.0 ], [ -73.994427910216018, 40.676094650346379, 0.0 ] ] } },
{ "type": "Feature", "properties": { "Layer": "DRAWINGS$OUTLINE", "PaperSpace": null, "SubClasses": null, "Linetype": null, "EntityHandle": "208", "Text": null }, "geometry": { "type": "LineString", "coordinates": [ [ -73.994427910216018, 40.676094650346379, 0.0 ], [ -73.994432918055878, 40.676093292425016, 0.0 ] ] } },
{ "type": "Feature", "properties": { "Layer": "DRAWINGS$OUTLINE", "PaperSpace": null, "SubClasses": null, "Linetype": null, "EntityHandle": "209", "Text": null }, "geometry": { "type": "LineString", "coordinates": [ [ -73.994432918055878, 40.676093292425016, 0.0 ], [ -73.994437923072127, 40.676091928483039, 0.0 ] ] } },
{ "type": "Feature", "properties": { "Layer": "DRAWINGS$OUTLINE", "PaperSpace": null, "SubClasses": null, "Linetype": null, "EntityHandle": "20A", "Text": null }, "geometry": { "type": "LineString", "coordinates": [ [ -73.994437923072127, 40.676091928483039, 0.0 ], [ -73.994442925223495, 40.676090558462988, 0.0 ] ] } },
{ "type": "Feature", "properties": { "Layer": "DRAWINGS$OUTLINE", "PaperSpace": null, "SubClasses": null, "Linetype": null, "EntityHandle": "20B", "Text": null }, "geometry": { "type": "LineString", "coordinates": [ [ -73.994442925223495, 40.676090558462988, 0.0 ], [ -73.994447924468091, 40.676089182306981, 0.0 ] ] } },
{ "type": "Feature", "properties": { "Layer": "DRAWINGS$OUTLINE", "PaperSpace": null, "SubClasses": null, "Linetype": null, "EntityHandle": "20C", "Text": null }, "geometry": { "type": "LineString", "coordinates": [ [ -73.994447924468091, 40.676089182306981, 0.0 ], [ -73.994452920763038, 40.676087799957365, 0.0 ] ] } },
{ "type": "Feature", "properties": { "Layer": "DRAWINGS$OUTLINE", "PaperSpace": null, "SubClasses": null, "Linetype": null, "EntityHandle": "20D", "Text": null }, "geometry": { "type": "LineString", "coordinates": [ [ -73.994452920763038, 40.676087799957365, 0.0 ], [ -73.994457914067482, 40.676086411357325, 0.0 ] ] } },
{ "type": "Feature", "properties": { "Layer": "DRAWINGS$OUTLINE", "PaperSpace": null, "SubClasses": null, "Linetype": null, "EntityHandle": "20E", "Text": null }, "geometry": { "type": "LineString", "coordinates": [ [ -73.994457914067482, 40.676086411357325, 0.0 ], [ -73.994462904337027, 40.676085016448198, 0.0 ] ] } },
{ "type": "Feature", "properties": { "Layer": "DRAWINGS$OUTLINE", "PaperSpace": null, "SubClasses": null, "Linetype": null, "EntityHandle": "20F", "Text": null }, "geometry": { "type": "LineString", "coordinates": [ [ -73.994462904337027, 40.676085016448198, 0.0 ], [ -73.994467891527492, 40.676083615170647, 0.0 ] ] } },
{ "type": "Feature", "properties": { "Layer": "DRAWINGS$OUTLINE", "PaperSpace": null, "SubClasses": null, "Linetype": null, "EntityHandle": "210", "Text": null }, "geometry": { "type": "LineString", "coordinates": [ [ -73.994467891527492, 40.676083615170647, 0.0 ], [ -73.994472875594013, 40.676082207465299, 0.0 ] ] } },
{ "type": "Feature", "properties": { "Layer": "DRAWINGS$OUTLINE", "PaperSpace": null, "SubClasses": null, "Linetype": null, "EntityHandle": "211", "Text": null }, "geometry": { "type": "LineString", "coordinates": [ [ -73.994472875594013, 40.676082207465299, 0.0 ], [ -73.994477856491102, 40.676080793272682, 0.0 ] ] } },
{ "type": "Feature", "properties": { "Layer": "DRAWINGS$OUTLINE", "PaperSpace": null, "SubClasses": null, "Linetype": null, "EntityHandle": "212", "Text": null }, "geometry": { "type": "LineString", "coordinates": [ [ -73.994477856491102, 40.676080793272682, 0.0 ], [ -73.994482834172828, 40.676079372533195, 0.0 ] ] } },
{ "type": "Feature", "properties": { "Layer": "DRAWINGS$OUTLINE", "PaperSpace": null, "SubClasses": null, "Linetype": null, "EntityHandle": "213", "Text": null }, "geometry": { "type": "LineString", "coordinates": [ [ -73.994482834172828, 40.676079372533195, 0.0 ], [ -73.994487808592993, 40.676077945187018, 0.0 ] ] } },
{ "type": "Feature", "properties": { "Layer": "DRAWINGS$OUTLINE", "PaperSpace": null, "SubClasses": null, "Linetype": null, "EntityHandle": "214", "Text": null }, "geometry": { "type": "LineString", "coordinates": [ [ -73.994487808592993, 40.676077945187018, 0.0 ], [ -73.994492779703933, 40.676076511174543, 0.0 ] ] } },
{ "type": "Feature", "properties": { "Layer": "DRAWINGS$OUTLINE", "PaperSpace": null, "SubClasses": null, "Linetype": null, "EntityHandle": "215", "Text": null }, "geometry": { "type": "LineString", "coordinates": [ [ -73.994492779703933, 40.676076511174543, 0.0 ], [ -73.994497747458311, 40.676075070435722, 0.0 ] ] } },
{ "type": "Feature", "properties": { "Layer": "DRAWINGS$OUTLINE", "PaperSpace": null, "SubClasses": null, "Linetype": null, "EntityHandle": "216", "Text": null }, "geometry": { "type": "LineString", "coordinates": [ [ -73.994497747458311, 40.676075070435722, 0.0 ], [ -73.994502711807939, 40.676073622910529, 0.0 ] ] } },
{ "type": "Feature", "properties": { "Layer": "DRAWINGS$OUTLINE", "PaperSpace": null, "SubClasses": null, "Linetype": null, "EntityHandle": "217", "Text": null }, "geometry": { "type": "LineString", "coordinates": [ [ -73.994502711807939, 40.676073622910529, 0.0 ], [ -73.994507672704046, 40.676072168538795, 0.0 ] ] } },
{ "type": "Feature", "properties": { "Layer": "DRAWINGS$OUTLINE", "PaperSpace": null, "SubClasses": null, "Linetype": null, "EntityHandle": "218", "Text": null }, "geometry": { "type": "LineString", "coordinates": [ [ -73.994507672704046, 40.676072168538795, 0.0 ], [ -73.994512630097248, 40.676070707260237, 0.0 ] ] } },
{ "type": "Feature", "properties": { "Layer": "DRAWINGS$OUTLINE", "PaperSpace": null, "SubClasses": null, "Linetype": null, "EntityHandle": "219", "Text": null }, "geometry": { "type": "LineString", "coordinates": [ [ -73.994512630097248, 40.676070707260237, 0.0 ], [ -73.994517583937622, 40.676069239014517, 0.0 ] ] } },
{ "type": "Feature", "properties": { "Layer": "DRAWINGS$OUTLINE", "PaperSpace": null, "SubClasses": null, "Linetype": null, "EntityHandle": "21A", "Text": null }, "geometry": { "type": "LineString", "coordinates": [ [ -73.994517583937622, 40.676069239014517, 0.0 ], [ -73.994522534174536, 40.676067763741052, 0.0 ] ] } },
{ "type": "Feature", "properties": { "Layer": "DRAWINGS$OUTLINE", "PaperSpace": null, "SubClasses": null, "Linetype": null, "EntityHandle": "21B", "Text": null }, "geometry": { "type": "LineString", "coordinates": [ [ -73.994522534174536, 40.676067763741052, 0.0 ], [ -73.994527480756815, 40.676066281379242, 0.0 ] ] } },
{ "type": "Feature", "properties": { "Layer": "DRAWINGS$OUTLINE", "PaperSpace": null, "SubClasses": null, "Linetype": null, "EntityHandle": "21C", "Text": null }, "geometry": { "type": "LineString", "coordinates": [ [ -73.994527480756815, 40.676066281379242, 0.0 ], [ -73.994532423632648, 40.676064791868406, 0.0 ] ] } },
{ "type": "Feature", "properties": { "Layer": "DRAWINGS$OUTLINE", "PaperSpace": null, "SubClasses": null, "Linetype": null, "EntityHandle": "21D", "Text": null }, "geometry": { "type": "LineString", "coordinates": [ [ -73.994532423632648, 40.676064791868406, 0.0 ], [ -73.994537362749583, 40.6760632951476, 0.0 ] ] } },
{ "type": "Feature", "properties": { "Layer": "DRAWINGS$OUTLINE", "PaperSpace": null, "SubClasses": null, "Linetype": null, "EntityHandle": "21E", "Text": null }, "geometry": { "type": "LineString", "coordinates": [ [ -73.994537362749583, 40.6760632951476, 0.0 ], [ -73.99454229805454, 40.676061791155881, 0.0 ] ] } },
{ "type": "Feature", "properties": { "Layer": "DRAWINGS$OUTLINE", "PaperSpace": null, "SubClasses": null, "Linetype": null, "EntityHandle": "21F", "Text": null }, "geometry": { "type": "LineString", "coordinates": [ [ -73.99454229805454, 40.676061791155881, 0.0 ], [ -73.994547229493762, 40.676060279832178, 0.0 ] ] } },
{ "type": "Feature", "properties": { "Layer": "DRAWINGS$OUTLINE", "PaperSpace": null, "SubClasses": null, "Linetype": null, "EntityHandle": "220", "Text": null }, "geometry": { "type": "LineString", "coordinates": [ [ -73.994547229493762, 40.676060279832178, 0.0 ], [ -73.994552157012848, 40.676058761115257, 0.0 ] ] } },
{ "type": "Feature", "properties": { "Layer": "DRAWINGS$OUTLINE", "PaperSpace": null, "SubClasses": null, "Linetype": null, "EntityHandle": "221", "Text": null }, "geometry": { "type": "LineString", "coordinates": [ [ -73.994552157012848, 40.676058761115257, 0.0 ], [ -73.994557080556746, 40.676057234943791, 0.0 ] ] } },
{ "type": "Feature", "properties": { "Layer": "DRAWINGS$OUTLINE", "PaperSpace": null, "SubClasses": null, "Linetype": null, "EntityHandle": "222", "Text": null }, "geometry": { "type": "LineString", "coordinates": [ [ -73.994557080556746, 40.676057234943791, 0.0 ], [ -73.994562000069678, 40.676055701256359, 0.0 ] ] } },
{ "type": "Feature", "properties": { "Layer": "DRAWINGS$OUTLINE", "PaperSpace": null, "SubClasses": null, "Linetype": null, "EntityHandle": "223", "Text": null }, "geometry": { "type": "LineString", "coordinates": [ [ -73.994562000069678, 40.676055701256359, 0.0 ], [ -73.994566915495199, 40.676054159991537, 0.0 ] ] } },
{ "type": "Feature", "properties": { "Layer": "DRAWINGS$OUTLINE", "PaperSpace": null, "SubClasses": null, "Linetype": null, "EntityHandle": "224", "Text": null }, "geometry": { "type": "LineString", "coordinates": [ [ -73.994566915495199, 40.676054159991537, 0.0 ], [ -73.994571826781709, 40.676052611097205, 0.0 ] ] } },
{ "type": "Feature", "properties": { "Layer": "DRAWINGS$OUTLINE", "PaperSpace": null, "SubClasses": null, "Linetype": null, "EntityHandle": "225", "Text": null }, "geometry": { "type": "LineString", "coordinates": [ [ -73.994571826781709, 40.676052611097205, 0.0 ], [ -73.994576733884216, 40.676051054534859, 0.0 ] ] } },
{ "type": "Feature", "properties": { "Layer": "DRAWINGS$OUTLINE", "PaperSpace": null, "SubClasses": null, "Linetype": null, "EntityHandle": "226", "Text": null }, "geometry": { "type": "LineString", "coordinates": [ [ -73.994576733884216, 40.676051054534859, 0.0 ], [ -73.994581636758213, 40.676049490267467, 0.0 ] ] } },
{ "type": "Feature", "properties": { "Layer": "DRAWINGS$OUTLINE", "PaperSpace": null, "SubClasses": null, "Linetype": null, "EntityHandle": "227", "Text": null }, "geometry": { "type": "LineString", "coordinates": [ [ -73.994581636758213, 40.676049490267467, 0.0 ], [ -73.994586535358863, 40.67604791825952, 0.0 ] ] } },
{ "type": "Feature", "properties": { "Layer": "DRAWINGS$OUTLINE", "PaperSpace": null, "SubClasses": null, "Linetype": null, "EntityHandle": "228", "Text": null }, "geometry": { "type": "LineString", "coordinates": [ [ -73.994586535358863, 40.67604791825952, 0.0 ], [ -73.994591429642171, 40.676046338476525, 0.0 ] ] } },
{ "type": "Feature", "properties": { "Layer": "DRAWINGS$OUTLINE", "PaperSpace": null, "SubClasses": null, "Linetype": null, "EntityHandle": "229", "Text": null }, "geometry": { "type": "LineString", "coordinates": [ [ -73.994591429642171, 40.676046338476525, 0.0 ], [ -73.994596319564536, 40.676044750885424, 0.0 ] ] } },
{ "type": "Feature", "properties": { "Layer": "DRAWINGS$OUTLINE", "PaperSpace": null, "SubClasses": null, "Linetype": null, "EntityHandle": "22A", "Text": null }, "geometry": { "type": "LineString", "coordinates": [ [ -73.994596319564536, 40.676044750885424, 0.0 ], [ -73.994601205082645, 40.676043155454401, 0.0 ] ] } },
{ "type": "Feature", "properties": { "Layer": "DRAWINGS$OUTLINE", "PaperSpace": null, "SubClasses": null, "Linetype": null, "EntityHandle": "22B", "Text": null }, "geometry": { "type": "LineString", "coordinates": [ [ -73.994601205082645, 40.676043155454401, 0.0 ], [ -73.994606086151748, 40.676041552153656, 0.0 ] ] } },
{ "type": "Feature", "properties": { "Layer": "DRAWINGS$OUTLINE", "PaperSpace": null, "SubClasses": null, "Linetype": null, "EntityHandle": "22C", "Text": null }, "geometry": { "type": "LineString", "coordinates": [ [ -73.994606086151748, 40.676041552153656, 0.0 ], [ -73.994610962731727, 40.676039940953352, 0.0 ] ] } },
{ "type": "Feature", "properties": { "Layer": "DRAWINGS$OUTLINE", "PaperSpace": null, "SubClasses": null, "Linetype": null, "EntityHandle": "22D", "Text": null }, "geometry": { "type": "LineString", "coordinates": [ [ -73.994610962731727, 40.676039940953352, 0.0 ], [ -73.99461583477887, 40.676038321826319, 0.0 ] ] } },
{ "type": "Feature", "properties": { "Layer": "DRAWINGS$OUTLINE", "PaperSpace": null, "SubClasses": null, "Linetype": null, "EntityHandle": "22E", "Text": null }, "geometry": { "type": "LineString", "coordinates": [ [ -73.99461583477887, 40.676038321826319, 0.0 ], [ -73.994620702251467, 40.676036694746294, 0.0 ] ] } },
{ "type": "Feature", "properties": { "Layer": "DRAWINGS$OUTLINE", "PaperSpace": null, "SubClasses": null, "Linetype": null, "EntityHandle": "22F", "Text": null }, "geometry": { "type": "LineString", "coordinates": [ [ -73.994620702251467, 40.676036694746294, 0.0 ], [ -73.994625565108365, 40.676035059688438, 0.0 ] ] } },
{ "type": "Feature", "properties": { "Layer": "DRAWINGS$OUTLINE", "PaperSpace": null, "SubClasses": null, "Linetype": null, "EntityHandle": "230", "Text": null }, "geometry": { "type": "LineString", "coordinates": [ [ -73.994625565108365, 40.676035059688438, 0.0 ], [ -73.994630423309047, 40.676033416629203, 0.0 ] ] } },
{ "type": "Feature", "properties": { "Layer": "DRAWINGS$OUTLINE", "PaperSpace": null, "SubClasses": null, "Linetype": null, "EntityHandle": "231", "Text": null }, "geometry": { "type": "LineString", "coordinates": [ [ -73.994630423309047, 40.676033416629203, 0.0 ], [ -73.994635276813597, 40.676031765546533, 0.0 ] ] } },
{ "type": "Feature", "properties": { "Layer": "DRAWINGS$OUTLINE", "PaperSpace": null, "SubClasses": null, "Linetype": null, "EntityHandle": "232", "Text": null }, "geometry": { "type": "LineString", "coordinates": [ [ -73.994635276813597, 40.676031765546533, 0.0 ], [ -73.994640125582691, 40.676030106419731, 0.0 ] ] } },
{ "type": "Feature", "properties": { "Layer": "DRAWINGS$OUTLINE", "PaperSpace": null, "SubClasses": null, "Linetype": null, "EntityHandle": "233", "Text": null }, "geometry": { "type": "LineString", "coordinates": [ [ -73.994640125582691, 40.676030106419731, 0.0 ], [ -73.994644969577635, 40.676028439229526, 0.0 ] ] } },
{ "type": "Feature", "properties": { "Layer": "DRAWINGS$OUTLINE", "PaperSpace": null, "SubClasses": null, "Linetype": null, "EntityHandle": "234", "Text": null }, "geometry": { "type": "LineString", "coordinates": [ [ -73.994644969577635, 40.676028439229526, 0.0 ], [ -73.994649808760272, 40.676026763958177, 0.0 ] ] } },
{ "type": "Feature", "properties": { "Layer": "DRAWINGS$OUTLINE", "PaperSpace": null, "SubClasses": null, "Linetype": null, "EntityHandle": "235", "Text": null }, "geometry": { "type": "LineString", "coordinates": [ [ -73.994649808760272, 40.676026763958177, 0.0 ], [ -73.994654643093142, 40.676025080589312, 0.0 ] ] } },
{ "type": "Feature", "properties": { "Layer": "DRAWINGS$OUTLINE", "PaperSpace": null, "SubClasses": null, "Linetype": null, "EntityHandle": "236", "Text": null }, "geometry": { "type": "LineString", "coordinates": [ [ -73.994654643093142, 40.676025080589312, 0.0 ], [ -73.994659472539254, 40.676023389108117, 0.0 ] ] } },
{ "type": "Feature", "properties": { "Layer": "DRAWINGS$OUTLINE", "PaperSpace": null, "SubClasses": null, "Linetype": null, "EntityHandle": "237", "Text": null }, "geometry": { "type": "LineString", "coordinates": [ [ -73.994659472539254, 40.676023389108117, 0.0 ], [ -73.994664297062343, 40.676021689501226, 0.0 ] ] } },
{ "type": "Feature", "properties": { "Layer": "DRAWINGS$OUTLINE", "PaperSpace": null, "SubClasses": null, "Linetype": null, "EntityHandle": "238", "Text": null }, "geometry": { "type": "LineString", "coordinates": [ [ -73.994664297062343, 40.676021689501226, 0.0 ], [ -73.994669116626639, 40.676019981756781, 0.0 ] ] } },
{ "type": "Feature", "properties": { "Layer": "DRAWINGS$OUTLINE", "PaperSpace": null, "SubClasses": null, "Linetype": null, "EntityHandle": "239", "Text": null }, "geometry": { "type": "LineString", "coordinates": [ [ -73.994669116626639, 40.676019981756781, 0.0 ], [ -73.994673931197028, 40.67601826586445, 0.0 ] ] } },
{ "type": "Feature", "properties": { "Layer": "DRAWINGS$OUTLINE", "PaperSpace": null, "SubClasses": null, "Linetype": null, "EntityHandle": "23A", "Text": null }, "geometry": { "type": "LineString", "coordinates": [ [ -73.994673931197028, 40.67601826586445, 0.0 ], [ -73.994678740738934, 40.676016541815414, 0.0 ] ] } },
{ "type": "Feature", "properties": { "Layer": "DRAWINGS$OUTLINE", "PaperSpace": null, "SubClasses": null, "Linetype": null, "EntityHandle": "23B", "Text": null }, "geometry": { "type": "LineString", "coordinates": [ [ -73.994678740738934, 40.676016541815414, 0.0 ], [ -73.994683545218379, 40.676014809602371, 0.0 ] ] } },
{ "type": "Feature", "properties": { "Layer": "DRAWINGS$OUTLINE", "PaperSpace": null, "SubClasses": null, "Linetype": null, "EntityHandle": "23C", "Text": null }, "geometry": { "type": "LineString", "coordinates": [ [ -73.994683545218379, 40.676014809602371, 0.0 ], [ -73.994688344601997, 40.676013069219621, 0.0 ] ] } },
{ "type": "Feature", "properties": { "Layer": "DRAWINGS$OUTLINE", "PaperSpace": null, "SubClasses": null, "Linetype": null, "EntityHandle": "23D", "Text": null }, "geometry": { "type": "LineString", "coordinates": [ [ -73.994688344601997, 40.676013069219621, 0.0 ], [ -73.994693138897674, 40.676011320601809, 0.0 ] ] } },
{ "type": "Feature", "properties": { "Layer": "DRAWINGS$OUTLINE", "PaperSpace": null, "SubClasses": null, "Linetype": null, "EntityHandle": "23E", "Text": null }, "geometry": { "type": "LineString", "coordinates": [ [ -73.994693138897674, 40.676011320601809, 0.0 ], [ -73.994697927975437, 40.676009563829787, 0.0 ] ] } },
{ "type": "Feature", "properties": { "Layer": "DRAWINGS$OUTLINE", "PaperSpace": null, "SubClasses": null, "Linetype": null, "EntityHandle": "23F", "Text": null }, "geometry": { "type": "LineString", "coordinates": [ [ -73.994697927975437, 40.676009563829787, 0.0 ], [ -73.99470271187549, 40.676007798910412, 0.0 ] ] } },
{ "type": "Feature", "properties": { "Layer": "DRAWINGS$OUTLINE", "PaperSpace": null, "SubClasses": null, "Linetype": null, "EntityHandle": "240", "Text": null }, "geometry": { "type": "LineString", "coordinates": [ [ -73.99470271187549, 40.676007798910412, 0.0 ], [ -73.994707490558611, 40.676006025858243, 0.0 ] ] } },
{ "type": "Feature", "properties": { "Layer": "DRAWINGS$OUTLINE", "PaperSpace": null, "SubClasses": null, "Linetype": null, "EntityHandle": "241", "Text": null }, "geometry": { "type": "LineString", "coordinates": [ [ -73.994707490558611, 40.676006025858243, 0.0 ], [ -73.994712264066379, 40.676004244657797, 0.0 ] ] } },
{ "type": "Feature", "properties": { "Layer": "DRAWINGS$OUTLINE", "PaperSpace": null, "SubClasses": null, "Linetype": null, "EntityHandle": "242", "Text": null }, "geometry": { "type": "LineString", "coordinates": [ [ -73.994712264066379, 40.676004244657797, 0.0 ], [ -73.99471703230644, 40.676002455343436, 0.0 ] ] } },
{ "type": "Feature", "properties": { "Layer": "DRAWINGS$OUTLINE", "PaperSpace": null, "SubClasses": null, "Linetype": null, "EntityHandle": "243", "Text": null }, "geometry": { "type": "LineString", "coordinates": [ [ -73.99471703230644, 40.676002455343436, 0.0 ], [ -73.994721795278792, 40.676000657915282, 0.0 ] ] } },
{ "type": "Feature", "properties": { "Layer": "DRAWINGS$OUTLINE", "PaperSpace": null, "SubClasses": null, "Linetype": null, "EntityHandle": "244", "Text": null }, "geometry": { "type": "LineString", "coordinates": [ [ -73.994721795278792, 40.676000657915282, 0.0 ], [ -73.994726552959591, 40.675998852382286, 0.0 ] ] } },
{ "type": "Feature", "properties": { "Layer": "DRAWINGS$OUTLINE", "PaperSpace": null, "SubClasses": null, "Linetype": null, "EntityHandle": "245", "Text": null }, "geometry": { "type": "LineString", "coordinates": [ [ -73.994726552959591, 40.675998852382286, 0.0 ], [ -73.994731305325061, 40.675997038753465, 0.0 ] ] } },
{ "type": "Feature", "properties": { "Layer": "DRAWINGS$OUTLINE", "PaperSpace": null, "SubClasses": null, "Linetype": null, "EntityHandle": "246", "Text": null }, "geometry": { "type": "LineString", "coordinates": [ [ -73.994731305325061, 40.675997038753465, 0.0 ], [ -73.994736052351442, 40.675995217037944, 0.0 ] ] } },
{ "type": "Feature", "properties": { "Layer": "DRAWINGS$OUTLINE", "PaperSpace": null, "SubClasses": null, "Linetype": null, "EntityHandle": "247", "Text": null }, "geometry": { "type": "LineString", "coordinates": [ [ -73.994736052351442, 40.675995217037944, 0.0 ], [ -73.994740794015001, 40.675993387244787, 0.0 ] ] } },
{ "type": "Feature", "properties": { "Layer": "DRAWINGS$OUTLINE", "PaperSpace": null, "SubClasses": null, "Linetype": null, "EntityHandle": "248", "Text": null }, "geometry": { "type": "LineString", "coordinates": [ [ -73.994740794015001, 40.675993387244787, 0.0 ], [ -73.994745530291979, 40.675991549383177, 0.0 ] ] } },
{ "type": "Feature", "properties": { "Layer": "DRAWINGS$OUTLINE", "PaperSpace": null, "SubClasses": null, "Linetype": null, "EntityHandle": "249", "Text": null }, "geometry": { "type": "LineString", "coordinates": [ [ -73.994745530291979, 40.675991549383177, 0.0 ], [ -73.994750261158742, 40.675989703462285, 0.0 ] ] } },
{ "type": "Feature", "properties": { "Layer": "DRAWINGS$OUTLINE", "PaperSpace": null, "SubClasses": null, "Linetype": null, "EntityHandle": "24A", "Text": null }, "geometry": { "type": "LineString", "coordinates": [ [ -73.994750261158742, 40.675989703462285, 0.0 ], [ -73.994754986635883, 40.675987849473927, 0.0 ] ] } },
{ "type": "Feature", "properties": { "Layer": "DRAWINGS$OUTLINE", "PaperSpace": null, "SubClasses": null, "Linetype": null, "EntityHandle": "24B", "Text": null }, "geometry": { "type": "LineString", "coordinates": [ [ -73.994754986635883, 40.675987849473927, 0.0 ], [ -73.99475970658176, 40.675985987473766, 0.0 ] ] } },
{ "type": "Feature", "properties": { "Layer": "DRAWINGS$OUTLINE", "PaperSpace": null, "SubClasses": null, "Linetype": null, "EntityHandle": "24C", "Text": null }, "geometry": { "type": "LineString", "coordinates": [ [ -73.99475970658176, 40.675985987473766, 0.0 ], [ -73.994764421198084, 40.675984117641832, 0.0 ] ] } },
{ "type": "Feature", "properties": { "Layer": "DRAWINGS$OUTLINE", "PaperSpace": null, "SubClasses": null, "Linetype": null, "EntityHandle": "24D", "Text": null }, "geometry": { "type": "LineString", "coordinates": [ [ -73.994764421198084, 40.675984117641832, 0.0 ], [ -73.994769130461407, 40.675982239974537, 0.0 ] ] } },
{ "type": "Feature", "properties": { "Layer": "DRAWINGS$OUTLINE", "PaperSpace": null, "SubClasses": null, "Linetype": null, "EntityHandle": "24E", "Text": null }, "geometry": { "type": "LineString", "coordinates": [ [ -73.994769130461407, 40.675982239974537, 0.0 ], [ -73.994773834334069, 40.675980354490754, 0.0 ] ] } },
{ "type": "Feature", "properties": { "Layer": "DRAWINGS$OUTLINE", "PaperSpace": null, "SubClasses": null, "Linetype": null, "EntityHandle": "24F", "Text": null }, "geometry": { "type": "LineString", "coordinates": [ [ -73.994773834334069, 40.675980354490754, 0.0 ], [ -73.994778532827311, 40.675978461248597, 0.0 ] ] } },
{ "type": "Feature", "properties": { "Layer": "DRAWINGS$OUTLINE", "PaperSpace": null, "SubClasses": null, "Linetype": null, "EntityHandle": "250", "Text": null }, "geometry": { "type": "LineString", "coordinates": [ [ -73.994778532827311, 40.675978461248597, 0.0 ], [ -73.994783225953981, 40.675976560306815, 0.0 ] ] } },
{ "type": "Feature", "properties": { "Layer": "DRAWINGS$OUTLINE", "PaperSpace": null, "SubClasses": null, "Linetype": null, "EntityHandle": "251", "Text": null }, "geometry": { "type": "LineString", "coordinates": [ [ -73.994783225953981, 40.675976560306815, 0.0 ], [ -73.994787913727919, 40.675974651724914, 0.0 ] ] } },
{ "type": "Feature", "properties": { "Layer": "DRAWINGS$OUTLINE", "PaperSpace": null, "SubClasses": null, "Linetype": null, "EntityHandle": "252", "Text": null }, "geometry": { "type": "LineString", "coordinates": [ [ -73.994787913727919, 40.675974651724914, 0.0 ], [ -73.99479259616416, 40.675972735563299, 0.0 ] ] } },
{ "type": "Feature", "properties": { "Layer": "DRAWINGS$OUTLINE", "PaperSpace": null, "SubClasses": null, "Linetype": null, "EntityHandle": "253", "Text": null }, "geometry": { "type": "LineString", "coordinates": [ [ -73.99479259616416, 40.675972735563299, 0.0 ], [ -73.994797273278081, 40.675970811883296, 0.0 ] ] } },
{ "type": "Feature", "properties": { "Layer": "DRAWINGS$OUTLINE", "PaperSpace": null, "SubClasses": null, "Linetype": null, "EntityHandle": "254", "Text": null }, "geometry": { "type": "LineString", "coordinates": [ [ -73.994797273278081, 40.675970811883296, 0.0 ], [ -73.994801945087687, 40.675968880746431, 0.0 ] ] } },
{ "type": "Feature", "properties": { "Layer": "DRAWINGS$OUTLINE", "PaperSpace": null, "SubClasses": null, "Linetype": null, "EntityHandle": "255", "Text": null }, "geometry": { "type": "LineString", "coordinates": [ [ -73.994801945087687, 40.675968880746431, 0.0 ], [ -73.994806611610642, 40.67596694221551, 0.0 ] ] } },
{ "type": "Feature", "properties": { "Layer": "DRAWINGS$OUTLINE", "PaperSpace": null, "SubClasses": null, "Linetype": null, "EntityHandle": "256", "Text": null }, "geometry": { "type": "LineString", "coordinates": [ [ -73.994806611610642, 40.67596694221551, 0.0 ], [ -73.994811272866258, 40.675964996353827, 0.0 ] ] } },
{ "type": "Feature", "properties": { "Layer": "DRAWINGS$OUTLINE", "PaperSpace": null, "SubClasses": null, "Linetype": null, "EntityHandle": "257", "Text": null }, "geometry": { "type": "LineString", "coordinates": [ [ -73.994811272866258, 40.675964996353827, 0.0 ], [ -73.994815928874957, 40.675963043225281, 0.0 ] ] } },
{ "type": "Feature", "properties": { "Layer": "DRAWINGS$OUTLINE", "PaperSpace": null, "SubClasses": null, "Linetype": null, "EntityHandle": "258", "Text": null }, "geometry": { "type": "LineString", "coordinates": [ [ -73.994815928874957, 40.675963043225281, 0.0 ], [ -73.994820579658281, 40.67596108289446, 0.0 ] ] } },
{ "type": "Feature", "properties": { "Layer": "DRAWINGS$OUTLINE", "PaperSpace": null, "SubClasses": null, "Linetype": null, "EntityHandle": "259", "Text": null }, "geometry": { "type": "LineString", "coordinates": [ [ -73.994820579658281, 40.67596108289446, 0.0 ], [ -73.994825225238827, 40.675959115426565, 0.0 ] ] } },
{ "type": "Feature", "properties": { "Layer": "DRAWINGS$OUTLINE", "PaperSpace": null, "SubClasses": null, "Linetype": null, "EntityHandle": "25A", "Text": null }, "geometry": { "type": "LineString", "coordinates": [ [ -73.994825225238827, 40.675959115426565, 0.0 ], [ -73.994829865640313, 40.675957140887377, 0.0 ] ] } },
{ "type": "Feature", "properties": { "Layer": "DRAWINGS$OUTLINE", "PaperSpace": null, "SubClasses": null, "Linetype": null, "EntityHandle": "25B", "Text": null }, "geometry": { "type": "LineString", "coordinates": [ [ -73.994829865640313, 40.675957140887377, 0.0 ], [ -73.994834500887464, 40.67595515934326, 0.0 ] ] } },
{ "type": "Feature", "properties": { "Layer": "DRAWINGS$OUTLINE", "PaperSpace": null, "SubClasses": null, "Linetype": null, "EntityHandle": "25C", "Text": null }, "geometry": { "type": "LineString", "coordinates": [ [ -73.994834500887464, 40.67595515934326, 0.0 ], [ -73.994839131006032, 40.675953170861199, 0.0 ] ] } },
{ "type": "Feature", "properties": { "Layer": "DRAWINGS$OUTLINE", "PaperSpace": null, "SubClasses": null, "Linetype": null, "EntityHandle": "25D", "Text": null }, "geometry": { "type": "LineString", "coordinates": [ [ -73.994839131006032, 40.675953170861199, 0.0 ], [ -73.994843756022789, 40.675951175508636, 0.0 ] ] } },
{ "type": "Feature", "properties": { "Layer": "DRAWINGS$OUTLINE", "PaperSpace": null, "SubClasses": null, "Linetype": null, "EntityHandle": "25E", "Text": null }, "geometry": { "type": "LineString", "coordinates": [ [ -73.994843756022789, 40.675951175508636, 0.0 ], [ -73.994848375965475, 40.675949173353644, 0.0 ] ] } },
{ "type": "Feature", "properties": { "Layer": "DRAWINGS$OUTLINE", "PaperSpace": null, "SubClasses": null, "Linetype": null, "EntityHandle": "25F", "Text": null }, "geometry": { "type": "LineString", "coordinates": [ [ -73.994848375965475, 40.675949173353644, 0.0 ], [ -73.994852990862796, 40.675947164464723, 0.0 ] ] } },
{ "type": "Feature", "properties": { "Layer": "DRAWINGS$OUTLINE", "PaperSpace": null, "SubClasses": null, "Linetype": null, "EntityHandle": "260", "Text": null }, "geometry": { "type": "LineString", "coordinates": [ [ -73.994852990862796, 40.675947164464723, 0.0 ], [ -73.99485760074441, 40.675945148910941, 0.0 ] ] } },
{ "type": "Feature", "properties": { "Layer": "DRAWINGS$OUTLINE", "PaperSpace": null, "SubClasses": null, "Linetype": null, "EntityHandle": "261", "Text": null }, "geometry": { "type": "LineString", "coordinates": [ [ -73.99485760074441, 40.675945148910941, 0.0 ], [ -73.994862205640885, 40.675943126761808, 0.0 ] ] } },
{ "type": "Feature", "properties": { "Layer": "DRAWINGS$OUTLINE", "PaperSpace": null, "SubClasses": null, "Linetype": null, "EntityHandle": "262", "Text": null }, "geometry": { "type": "LineString", "coordinates": [ [ -73.994862205640885, 40.675943126761808, 0.0 ], [ -73.994866805583655, 40.675941098087257, 0.0 ] ] } },
{ "type": "Feature", "properties": { "Layer": "DRAWINGS$OUTLINE", "PaperSpace": null, "SubClasses": null, "Linetype": null, "EntityHandle": "263", "Text": null }, "geometry": { "type": "LineString", "coordinates": [ [ -73.994866805583655, 40.675941098087257, 0.0 ], [ -73.994871400605049, 40.675939062957724, 0.0 ] ] } },
{ "type": "Feature", "properties": { "Layer": "DRAWINGS$OUTLINE", "PaperSpace": null, "SubClasses": null, "Linetype": null, "EntityHandle": "264", "Text": null }, "geometry": { "type": "LineString", "coordinates": [ [ -73.994871400605049, 40.675939062957724, 0.0 ], [ -73.994875990736688, 40.675937021444746, 0.0 ] ] } },
{ "type": "Feature", "properties": { "Layer": "DRAWINGS$OUTLINE", "PaperSpace": null, "SubClasses": null, "Linetype": null, "EntityHandle": "265", "Text": null }, "geometry": { "type": "LineString", "coordinates": [ [ -73.994875990736688, 40.675937021444746, 0.0 ], [ -73.994880575577582, 40.675934973014691, 0.0 ] ] } },
{ "type": "Feature", "properties": { "Layer": "DRAWINGS$OUTLINE", "PaperSpace": null, "SubClasses": null, "Linetype": null, "EntityHandle": "266", "Text": null }, "geometry": { "type": "LineString", "coordinates": [ [ -73.994880575577582, 40.675934973014691, 0.0 ], [ -73.994885155810692, 40.675932918680829, 0.0 ] ] } },
{ "type": "Feature", "properties": { "Layer": "DRAWINGS$OUTLINE", "PaperSpace": null, "SubClasses": null, "Linetype": null, "EntityHandle": "267", "Text": null }, "geometry": { "type": "LineString", "coordinates": [ [ -73.994885155810692, 40.675932918680829, 0.0 ], [ -73.994889731507115, 40.675930858451672, 0.0 ] ] } },
{ "type": "Feature", "properties": { "Layer": "DRAWINGS$OUTLINE", "PaperSpace": null, "SubClasses": null, "Linetype": null, "EntityHandle": "268", "Text": null }, "geometry": { "type": "LineString", "coordinates": [ [ -73.994889731507115, 40.675930858451672, 0.0 ], [ -73.994894302640787, 40.67592879233883, 0.0 ] ] } },
{ "type": "Feature", "properties": { "Layer": "DRAWINGS$OUTLINE", "PaperSpace": null, "SubClasses": null, "Linetype": null, "EntityHandle": "269", "Text": null }, "geometry": { "type": "LineString", "coordinates": [ [ -73.994894302640787, 40.67592879233883, 0.0 ], [ -73.994898869186997, 40.675926720353452, 0.0 ] ] } },
{ "type": "Feature", "properties": { "Layer": "DRAWINGS$OUTLINE", "PaperSpace": null, "SubClasses": null, "Linetype": null, "EntityHandle": "26A", "Text": null }, "geometry": { "type": "LineString", "coordinates": [ [ -73.994898869186997, 40.675926720353452, 0.0 ], [ -73.994903431137786, 40.675924642499147, 0.0 ] ] } },
{ "type": "Feature", "properties": { "Layer": "DRAWINGS$OUTLINE", "PaperSpace": null, "SubClasses": null, "Linetype": null, "EntityHandle": "26B", "Text": null }, "geometry": { "type": "LineString", "coordinates": [ [ -73.994903431137786, 40.675924642499147, 0.0 ], [ -73.994907988473614, 40.675922558784777, 0.0 ] ] } },
{ "type": "Feature", "properties": { "Layer": "DRAWINGS$OUTLINE", "PaperSpace": null, "SubClasses": null, "Linetype": null, "EntityHandle": "26C", "Text": null }, "geometry": { "type": "LineString", "coordinates": [ [ -73.994907988473614, 40.675922558784777, 0.0 ], [ -73.994912541175026, 40.675920469219292, 0.0 ] ] } },
{ "type": "Feature", "properties": { "Layer": "DRAWINGS$OUTLINE", "PaperSpace": null, "SubClasses": null, "Linetype": null, "EntityHandle": "26D", "Text": null }, "geometry": { "type": "LineString", "coordinates": [ [ -73.994912541175026, 40.675920469219292, 0.0 ], [ -73.994917089222596, 40.675918373811619, 0.0 ] ] } },
{ "type": "Feature", "properties": { "Layer": "DRAWINGS$OUTLINE", "PaperSpace": null, "SubClasses": null, "Linetype": null, "EntityHandle": "26E", "Text": null }, "geometry": { "type": "LineString", "coordinates": [ [ -73.994917089222596, 40.675918373811619, 0.0 ], [ -73.994921632596899, 40.675916272570845, 0.0 ] ] } },
{ "type": "Feature", "properties": { "Layer": "DRAWINGS$OUTLINE", "PaperSpace": null, "SubClasses": null, "Linetype": null, "EntityHandle": "26F", "Text": null }, "geometry": { "type": "LineString", "coordinates": [ [ -73.994921632596899, 40.675916272570845, 0.0 ], [ -73.994926171278664, 40.675914165506022, 0.0 ] ] } },
{ "type": "Feature", "properties": { "Layer": "DRAWINGS$OUTLINE", "PaperSpace": null, "SubClasses": null, "Linetype": null, "EntityHandle": "270", "Text": null }, "geometry": { "type": "LineString", "coordinates": [ [ -73.994926171278664, 40.675914165506022, 0.0 ], [ -73.994930705519209, 40.675912052913105, 0.0 ] ] } },
{ "type": "Feature", "properties": { "Layer": "DRAWINGS$OUTLINE", "PaperSpace": null, "SubClasses": null, "Linetype": null, "EntityHandle": "271", "Text": null }, "geometry": { "type": "LineString", "coordinates": [ [ -73.994930705519209, 40.675912052913105, 0.0 ], [ -73.994935235896506, 40.675909935442441, 0.0 ] ] } },
{ "type": "Feature", "properties": { "Layer": "DRAWINGS$OUTLINE", "PaperSpace": null, "SubClasses": null, "Linetype": null, "EntityHandle": "272", "Text": null }, "geometry": { "type": "LineString", "coordinates": [ [ -73.994935235896506, 40.675909935442441, 0.0 ], [ -73.994939762117284, 40.675907812825706, 0.0 ] ] } },
{ "type": "Feature", "properties": { "Layer": "DRAWINGS$OUTLINE", "PaperSpace": null, "SubClasses": null, "Linetype": null, "EntityHandle": "273", "Text": null }, "geometry": { "type": "LineString", "coordinates": [ [ -73.994939762117284, 40.675907812825706, 0.0 ], [ -73.994944284311018, 40.675905685239634, 0.0 ] ] } },
{ "type": "Feature", "properties": { "Layer": "DRAWINGS$OUTLINE", "PaperSpace": null, "SubClasses": null, "Linetype": null, "EntityHandle": "274", "Text": null }, "geometry": { "type": "LineString", "coordinates": [ [ -73.994944284311018, 40.675905685239634, 0.0 ], [ -73.994948802609002, 40.675903552861577, 0.0 ] ] } },
{ "type": "Feature", "properties": { "Layer": "DRAWINGS$OUTLINE", "PaperSpace": null, "SubClasses": null, "Linetype": null, "EntityHandle": "275", "Text": null }, "geometry": { "type": "LineString", "coordinates": [ [ -73.994948802609002, 40.675903552861577, 0.0 ], [ -73.994953317144365, 40.675901415869404, 0.0 ] ] } },
{ "type": "Feature", "properties": { "Layer": "DRAWINGS$OUTLINE", "PaperSpace": null, "SubClasses": null, "Linetype": null, "EntityHandle": "276", "Text": null }, "geometry": { "type": "LineString", "coordinates": [ [ -73.994953317144365, 40.675901415869404, 0.0 ], [ -73.994957828051781, 40.675899274441441, 0.0 ] ] } },
{ "type": "Feature", "properties": { "Layer": "DRAWINGS$OUTLINE", "PaperSpace": null, "SubClasses": null, "Linetype": null, "EntityHandle": "277", "Text": null }, "geometry": { "type": "LineString", "coordinates": [ [ -73.994957828051781, 40.675899274441441, 0.0 ], [ -73.994962335467662, 40.675897128756368, 0.0 ] ] } },
{ "type": "Feature", "properties": { "Layer": "DRAWINGS$OUTLINE", "PaperSpace": null, "SubClasses": null, "Linetype": null, "EntityHandle": "278", "Text": null }, "geometry": { "type": "LineString", "coordinates": [ [ -73.994962335467662, 40.675897128756368, 0.0 ], [ -73.994966839529823, 40.675894978993199, 0.0 ] ] } },
{ "type": "Feature", "properties": { "Layer": "DRAWINGS$OUTLINE", "PaperSpace": null, "SubClasses": null, "Linetype": null, "EntityHandle": "279", "Text": null }, "geometry": { "type": "LineString", "coordinates": [ [ -73.994966839529823, 40.675894978993199, 0.0 ], [ -73.994971340377504, 40.675892825331175, 0.0 ] ] } },
{ "type": "Feature", "properties": { "Layer": "DRAWINGS$OUTLINE", "PaperSpace": null, "SubClasses": null, "Linetype": null, "EntityHandle": "27A", "Text": null }, "geometry": { "type": "LineString", "coordinates": [ [ -73.994971340377504, 40.675892825331175, 0.0 ], [ -73.994975838151205, 40.675890667949766, 0.0 ] ] } },
{ "type": "Feature", "properties": { "Layer": "DRAWINGS$OUTLINE", "PaperSpace": null, "SubClasses": null, "Linetype": null, "EntityHandle": "27B", "Text": null }, "geometry": { "type": "LineString", "coordinates": [ [ -73.994975838151205, 40.675890667949766, 0.0 ], [ -73.994980332992498, 40.675888507028574, 0.0 ] ] } },
{ "type": "Feature", "properties": { "Layer": "DRAWINGS$OUTLINE", "PaperSpace": null, "SubClasses": null, "Linetype": null, "EntityHandle": "27C", "Text": null }, "geometry": { "type": "LineString", "coordinates": [ [ -73.994980332992498, 40.675888507028574, 0.0 ], [ -73.994984825044028, 40.675886342747305, 0.0 ] ] } },
{ "type": "Feature", "properties": { "Layer": "DRAWINGS$OUTLINE", "PaperSpace": null, "SubClasses": null, "Linetype": null, "EntityHandle": "27D", "Text": null }, "geometry": { "type": "LineString", "coordinates": [ [ -73.994984825044028, 40.675886342747305, 0.0 ], [ -73.994989314451132, 40.675884175284409, 0.0 ] ] } },
{ "type": "Feature", "properties": { "Layer": "DRAWINGS$OUTLINE", "PaperSpace": null, "SubClasses": null, "Linetype": null, "EntityHandle": "27E", "Text": null }, "geometry": { "type": "LineString", "coordinates": [ [ -73.994989314451132, 40.675884175284409, 0.0 ], [ -73.994993801348087, 40.675882004824338, 0.0 ] ] } },
{ "type": "Feature", "properties": { "Layer": "DRAWINGS$OUTLINE", "PaperSpace": null, "SubClasses": null, "Linetype": null, "EntityHandle": "27F", "Text": null }, "geometry": { "type": "LineString", "coordinates": [ [ -73.994993801348087, 40.675882004824338, 0.0 ], [ -73.99499828592478, 40.675879831565155, 0.0 ] ] } },
{ "type": "Feature", "properties": { "Layer": "DRAWINGS$OUTLINE", "PaperSpace": null, "SubClasses": null, "Linetype": null, "EntityHandle": "280", "Text": null }, "geometry": { "type": "LineString", "coordinates": [ [ -73.99499828592478, 40.675879831565155, 0.0 ], [ -73.995002768345103, 40.675877655728229, 0.0 ] ] } },
{ "type": "Feature", "properties": { "Layer": "DRAWINGS$OUTLINE", "PaperSpace": null, "SubClasses": null, "Linetype": null, "EntityHandle": "281", "Text": null }, "geometry": { "type": "LineString", "coordinates": [ [ -73.995002768345103, 40.675877655728229, 0.0 ], [ -73.995007248788184, 40.675875477527498, 0.0 ] ] } },
{ "type": "Feature", "properties": { "Layer": "DRAWINGS$OUTLINE", "PaperSpace": null, "SubClasses": null, "Linetype": null, "EntityHandle": "282", "Text": null }, "geometry": { "type": "LineString", "coordinates": [ [ -73.995007248788184, 40.675875477527498, 0.0 ], [ -73.995011727422337, 40.675873297182221, 0.0 ] ] } },
{ "type": "Feature", "properties": { "Layer": "DRAWINGS$OUTLINE", "PaperSpace": null, "SubClasses": null, "Linetype": null, "EntityHandle": "283", "Text": null }, "geometry": { "type": "LineString", "coordinates": [ [ -73.995011727422337, 40.675873297182221, 0.0 ], [ -73.995016204415876, 40.675871114911565, 0.0 ] ] } },
{ "type": "Feature", "properties": { "Layer": "DRAWINGS$OUTLINE", "PaperSpace": null, "SubClasses": null, "Linetype": null, "EntityHandle": "284", "Text": null }, "geometry": { "type": "LineString", "coordinates": [ [ -73.995016204415876, 40.675871114911565, 0.0 ], [ -73.995020679961101, 40.675868930916153, 0.0 ] ] } },
{ "type": "Feature", "properties": { "Layer": "DRAWINGS$OUTLINE", "PaperSpace": null, "SubClasses": null, "Linetype": null, "EntityHandle": "285", "Text": null }, "geometry": { "type": "LineString", "coordinates": [ [ -73.995020679961101, 40.675868930916153, 0.0 ], [ -73.995025154272369, 40.675866745438874, 0.0 ] ] } },
{ "type": "Feature", "properties": { "Layer": "DRAWINGS$OUTLINE", "PaperSpace": null, "SubClasses": null, "Linetype": null, "EntityHandle": "286", "Text": null }, "geometry": { "type": "LineString", "coordinates": [ [ -73.995025154272369, 40.675866745438874, 0.0 ], [ -73.995029627611132, 40.675864558794686, 0.0 ] ] } },
{ "type": "Feature", "properties": { "Layer": "DRAWINGS$OUTLINE", "PaperSpace": null, "SubClasses": null, "Linetype": null, "EntityHandle": "287", "Text": null }, "geometry": { "type": "LineString", "coordinates": [ [ -73.995029627611132, 40.675864558794686, 0.0 ], [ -73.99503410023766, 40.67586237130331, 0.0 ] ] } },
{ "type": "Feature", "properties": { "Layer": "DRAWINGS$OUTLINE", "PaperSpace": null, "SubClasses": null, "Linetype": null, "EntityHandle": "288", "Text": null }, "geometry": { "type": "LineString", "coordinates": [ [ -73.99503410023766, 40.67586237130331, 0.0 ], [ -73.99503857241163, 40.675860183284719, 0.0 ] ] } },
{ "type": "Feature", "properties": { "Layer": "DRAWINGS$OUTLINE", "PaperSpace": null, "SubClasses": null, "Linetype": null, "EntityHandle": "289", "Text": null }, "geometry": { "type": "LineString", "coordinates": [ [ -73.99503857241163, 40.675860183284719, 0.0 ], [ -73.995043044395572, 40.675857995057584, 0.0 ] ] } },
{ "type": "Feature", "properties": { "Layer": "DRAWINGS$OUTLINE", "PaperSpace": null, "SubClasses": null, "Linetype": null, "EntityHandle": "28A", "Text": null }, "geometry": { "type": "LineString", "coordinates": [ [ -73.995043044395572, 40.675857995057584, 0.0 ], [ -73.995047516470407, 40.675855806956633, 0.0 ] ] } },
{ "type": "Feature", "properties": { "Layer": "DRAWINGS$OUTLINE", "PaperSpace": null, "SubClasses": null, "Linetype": null, "EntityHandle": "28B", "Text": null }, "geometry": { "type": "LineString", "coordinates": [ [ -73.995047516470407, 40.675855806956633, 0.0 ], [ -73.995051988723091, 40.675853619039557, 0.0 ] ] } },
{ "type": "Feature", "properties": { "Layer": "DRAWINGS$OUTLINE", "PaperSpace": null, "SubClasses": null, "Linetype": null, "EntityHandle": "28C", "Text": null }, "geometry": { "type": "LineString", "coordinates": [ [ -73.995051988723091, 40.675853619039557, 0.0 ], [ -73.995056462032807, 40.675851432375346, 0.0 ] ] } },
{ "type": "Feature", "properties": { "Layer": "DRAWINGS$OUTLINE", "PaperSpace": null, "SubClasses": null, "Linetype": null, "EntityHandle": "28D", "Text": null }, "geometry": { "type": "LineString", "coordinates": [ [ -73.995056462032807, 40.675851432375346, 0.0 ], [ -73.995060936924901, 40.675849247588459, 0.0 ] ] } },
{ "type": "Feature", "properties": { "Layer": "DRAWINGS$OUTLINE", "PaperSpace": null, "SubClasses": null, "Linetype": null, "EntityHandle": "28E", "Text": null }, "geometry": { "type": "LineString", "coordinates": [ [ -73.995060936924901, 40.675849247588459, 0.0 ], [ -73.995065413397512, 40.675847064679758, 0.0 ] ] } },
{ "type": "Feature", "properties": { "Layer": "DRAWINGS$OUTLINE", "PaperSpace": null, "SubClasses": null, "Linetype": null, "EntityHandle": "28F", "Text": null }, "geometry": { "type": "LineString", "coordinates": [ [ -73.995065413397512, 40.675847064679758, 0.0 ], [ -73.995069891692552, 40.675844883962036, 0.0 ] ] } },
{ "type": "Feature", "properties": { "Layer": "DRAWINGS$OUTLINE", "PaperSpace": null, "SubClasses": null, "Linetype": null, "EntityHandle": "290", "Text": null }, "geometry": { "type": "LineString", "coordinates": [ [ -73.995069891692552, 40.675844883962036, 0.0 ], [ -73.995074372986707, 40.675842706787684, 0.0 ] ] } },
{ "type": "Feature", "properties": { "Layer": "DRAWINGS$OUTLINE", "PaperSpace": null, "SubClasses": null, "Linetype": null, "EntityHandle": "291", "Text": null }, "geometry": { "type": "LineString", "coordinates": [ [ -73.995074372986707, 40.675842706787684, 0.0 ], [ -73.995078857822563, 40.675840533853894, 0.0 ] ] } },
{ "type": "Feature", "properties": { "Layer": "DRAWINGS$OUTLINE", "PaperSpace": null, "SubClasses": null, "Linetype": null, "EntityHandle": "292", "Text": null }, "geometry": { "type": "LineString", "coordinates": [ [ -73.995078857822563, 40.675840533853894, 0.0 ], [ -73.995083347056521, 40.675838366180024, 0.0 ] ] } },
{ "type": "Feature", "properties": { "Layer": "DRAWINGS$OUTLINE", "PaperSpace": null, "SubClasses": null, "Linetype": null, "EntityHandle": "293", "Text": null }, "geometry": { "type": "LineString", "coordinates": [ [ -73.995083347056521, 40.675838366180024, 0.0 ], [ -73.995087841529568, 40.675836204840962, 0.0 ] ] } },
{ "type": "Feature", "properties": { "Layer": "DRAWINGS$OUTLINE", "PaperSpace": null, "SubClasses": null, "Linetype": null, "EntityHandle": "294", "Text": null }, "geometry": { "type": "LineString", "coordinates": [ [ -73.995087841529568, 40.675836204840962, 0.0 ], [ -73.995092342224964, 40.675834050969605, 0.0 ] ] } },
{ "type": "Feature", "properties": { "Layer": "DRAWINGS$OUTLINE", "PaperSpace": null, "SubClasses": null, "Linetype": null, "EntityHandle": "295", "Text": null }, "geometry": { "type": "LineString", "coordinates": [ [ -73.995092342224964, 40.675834050969605, 0.0 ], [ -73.995096850142389, 40.675831905901724, 0.0 ] ] } },
{ "type": "Feature", "properties": { "Layer": "DRAWINGS$OUTLINE", "PaperSpace": null, "SubClasses": null, "Linetype": null, "EntityHandle": "296", "Text": null }, "geometry": { "type": "LineString", "coordinates": [ [ -73.995096850142389, 40.675831905901724, 0.0 ], [ -73.995101366514561, 40.675829771174953, 0.0 ] ] } },
{ "type": "Feature", "properties": { "Layer": "DRAWINGS$OUTLINE", "PaperSpace": null, "SubClasses": null, "Linetype": null, "EntityHandle": "297", "Text": null }, "geometry": { "type": "LineString", "coordinates": [ [ -73.995101366514561, 40.675829771174953, 0.0 ], [ -73.995105892814692, 40.675827648664203, 0.0 ] ] } },
{ "type": "Feature", "properties": { "Layer": "DRAWINGS$OUTLINE", "PaperSpace": null, "SubClasses": null, "Linetype": null, "EntityHandle": "298", "Text": null }, "geometry": { "type": "LineString", "coordinates": [ [ -73.995105892814692, 40.675827648664203, 0.0 ], [ -73.995110430892836, 40.675825540717447, 0.0 ] ] } },
{ "type": "Feature", "properties": { "Layer": "DRAWINGS$OUTLINE", "PaperSpace": null, "SubClasses": null, "Linetype": null, "EntityHandle": "299", "Text": null }, "geometry": { "type": "LineString", "coordinates": [ [ -73.995110430892836, 40.675825540717447, 0.0 ], [ -73.995114982680377, 40.675823450155711, 0.0 ] ] } },
{ "type": "Feature", "properties": { "Layer": "DRAWINGS$OUTLINE", "PaperSpace": null, "SubClasses": null, "Linetype": null, "EntityHandle": "29A", "Text": null }, "geometry": { "type": "LineString", "coordinates": [ [ -73.995114982680377, 40.675823450155711, 0.0 ], [ -73.995119550572468, 40.675821379915433, 0.0 ] ] } },
{ "type": "Feature", "properties": { "Layer": "DRAWINGS$OUTLINE", "PaperSpace": null, "SubClasses": null, "Linetype": null, "EntityHandle": "29B", "Text": null }, "geometry": { "type": "LineString", "coordinates": [ [ -73.995119550572468, 40.675821379915433, 0.0 ], [ -73.99512413712479, 40.67581933375893, 0.0 ] ] } },
{ "type": "Feature", "properties": { "Layer": "DRAWINGS$OUTLINE", "PaperSpace": null, "SubClasses": null, "Linetype": null, "EntityHandle": "29C", "Text": null }, "geometry": { "type": "LineString", "coordinates": [ [ -73.99512413712479, 40.67581933375893, 0.0 ], [ -73.995128745381137, 40.675817316092612, 0.0 ] ] } },
{ "type": "Feature", "properties": { "Layer": "DRAWINGS$OUTLINE", "PaperSpace": null, "SubClasses": null, "Linetype": null, "EntityHandle": "29D", "Text": null }, "geometry": { "type": "LineString", "coordinates": [ [ -73.995128745381137, 40.675817316092612, 0.0 ], [ -73.995133378963615, 40.675815332342871, 0.0 ] ] } },
{ "type": "Feature", "properties": { "Layer": "DRAWINGS$OUTLINE", "PaperSpace": null, "SubClasses": null, "Linetype": null, "EntityHandle": "29E", "Text": null }, "geometry": { "type": "LineString", "coordinates": [ [ -73.995133378963615, 40.675815332342871, 0.0 ], [ -73.995138042077784, 40.675813389143187, 0.0 ] ] } },
{ "type": "Feature", "properties": { "Layer": "DRAWINGS$OUTLINE", "PaperSpace": null, "SubClasses": null, "Linetype": null, "EntityHandle": "29F", "Text": null }, "geometry": { "type": "LineString", "coordinates": [ [ -73.995138042077784, 40.675813389143187, 0.0 ], [ -73.995142739784995, 40.675811494850855, 0.0 ] ] } },
{ "type": "Feature", "properties": { "Layer": "DRAWINGS$OUTLINE", "PaperSpace": null, "SubClasses": null, "Linetype": null, "EntityHandle": "2A0", "Text": null }, "geometry": { "type": "LineString", "coordinates": [ [ -73.995142739784995, 40.675811494850855, 0.0 ], [ -73.99514747774694, 40.675809659640059, 0.0 ] ] } },
{ "type": "Feature", "properties": { "Layer": "DRAWINGS$OUTLINE", "PaperSpace": null, "SubClasses": null, "Linetype": null, "EntityHandle": "2A1", "Text": null }, "geometry": { "type": "LineString", "coordinates": [ [ -73.99514747774694, 40.675809659640059, 0.0 ], [ -73.995152262503268, 40.675807896270008, 0.0 ] ] } },
{ "type": "Feature", "properties": { "Layer": "DRAWINGS$OUTLINE", "PaperSpace": null, "SubClasses": null, "Linetype": null, "EntityHandle": "2A2", "Text": null }, "geometry": { "type": "LineString", "coordinates": [ [ -73.995152262503268, 40.675807896270008, 0.0 ], [ -73.995157101571579, 40.67580622110993, 0.0 ] ] } },
{ "type": "Feature", "properties": { "Layer": "DRAWINGS$OUTLINE", "PaperSpace": null, "SubClasses": null, "Linetype": null, "EntityHandle": "2A3", "Text": null }, "geometry": { "type": "LineString", "coordinates": [ [ -73.995157101571579, 40.67580622110993, 0.0 ], [ -73.995161999594131, 40.675804648451596, 0.0 ] ] } },
{ "type": "Feature", "properties": { "Layer": "DRAWINGS$OUTLINE", "PaperSpace": null, "SubClasses": null, "Linetype": null, "EntityHandle": "2A4", "Text": null }, "geometry": { "type": "LineString", "coordinates": [ [ -73.995161999594131, 40.675804648451596, 0.0 ], [ -73.995166957716023, 40.675803189108045, 0.0 ] ] } },
{ "type": "Feature", "properties": { "Layer": "DRAWINGS$OUTLINE", "PaperSpace": null, "SubClasses": null, "Linetype": null, "EntityHandle": "2A5", "Text": null }, "geometry": { "type": "LineString", "coordinates": [ [ -73.995166957716023, 40.675803189108045, 0.0 ], [ -73.995171976043721, 40.67580185446208, 0.0 ] ] } },
{ "type": "Feature", "properties": { "Layer": "DRAWINGS$OUTLINE", "PaperSpace": null, "SubClasses": null, "Linetype": null, "EntityHandle": "2A6", "Text": null }, "geometry": { "type": "LineString", "coordinates": [ [ -73.995171976043721, 40.67580185446208, 0.0 ], [ -73.995177053502402, 40.675800656559893, 0.0 ] ] } },
{ "type": "Feature", "properties": { "Layer": "DRAWINGS$OUTLINE", "PaperSpace": null, "SubClasses": null, "Linetype": null, "EntityHandle": "2A7", "Text": null }, "geometry": { "type": "LineString", "coordinates": [ [ -73.995177053502402, 40.675800656559893, 0.0 ], [ -73.995182187436569, 40.675799607552008, 0.0 ] ] } },
{ "type": "Feature", "properties": { "Layer": "DRAWINGS$OUTLINE", "PaperSpace": null, "SubClasses": null, "Linetype": null, "EntityHandle": "2A8", "Text": null }, "geometry": { "type": "LineString", "coordinates": [ [ -73.995182187436569, 40.675799607552008, 0.0 ], [ -73.995187372944841, 40.675798717765232, 0.0 ] ] } },
{ "type": "Feature", "properties": { "Layer": "DRAWINGS$OUTLINE", "PaperSpace": null, "SubClasses": null, "Linetype": null, "EntityHandle": "2A9", "Text": null }, "geometry": { "type": "LineString", "coordinates": [ [ -73.995187372944841, 40.675798717765232, 0.0 ], [ -73.995192602516795, 40.675797992699486, 0.0 ] ] } },
{ "type": "Feature", "properties": { "Layer": "DRAWINGS$OUTLINE", "PaperSpace": null, "SubClasses": null, "Linetype": null, "EntityHandle": "2AA", "Text": null }, "geometry": { "type": "LineString", "coordinates": [ [ -73.995192602516795, 40.675797992699486, 0.0 ], [ -73.995197866181357, 40.67579742819531, 0.0 ] ] } },
{ "type": "Feature", "properties": { "Layer": "DRAWINGS$OUTLINE", "PaperSpace": null, "SubClasses": null, "Linetype": null, "EntityHandle": "2AB", "Text": null }, "geometry": { "type": "LineString", "coordinates": [ [ -73.995197866181357, 40.67579742819531, 0.0 ], [ -73.995203151862015, 40.675796997945788, 0.0 ] ] } },
{ "type": "Feature", "properties": { "Layer": "DRAWINGS$OUTLINE", "PaperSpace": null, "SubClasses": null, "Linetype": null, "EntityHandle": "2AC", "Text": null }, "geometry": { "type": "LineString", "coordinates": [ [ -73.995203151862015, 40.675796997945788, 0.0 ], [ -73.995208454994952, 40.67579672435447, 0.0 ] ] } },
{ "type": "Feature", "properties": { "Layer": "DRAWINGS$OUTLINE", "PaperSpace": null, "SubClasses": null, "Linetype": null, "EntityHandle": "2AD", "Text": null }, "geometry": { "type": "LineString", "coordinates": [ [ -73.995208454994952, 40.67579672435447, 0.0 ], [ -73.995213769573496, 40.675796721129139, 0.0 ] ] } },
{ "type": "Feature", "properties": { "Layer": "DRAWINGS$OUTLINE", "PaperSpace": null, "SubClasses": null, "Linetype": null, "EntityHandle": "2AE", "Text": null }, "geometry": { "type": "LineString", "coordinates": [ [ -73.995213769573496, 40.675796721129139, 0.0 ], [ -73.995219066088794, 40.675797052839172, 0.0 ] ] } },
{ "type": "Feature", "properties": { "Layer": "DRAWINGS$OUTLINE", "PaperSpace": null, "SubClasses": null, "Linetype": null, "EntityHandle": "2AF", "Text": null }, "geometry": { "type": "LineString", "coordinates": [ [ -73.995219066088794, 40.675797052839172, 0.0 ], [ -73.995224316592683, 40.675797681894856, 0.0 ] ] } },
{ "type": "Feature", "properties": { "Layer": "DRAWINGS$OUTLINE", "PaperSpace": null, "SubClasses": null, "Linetype": null, "EntityHandle": "2B0", "Text": null }, "geometry": { "type": "LineString", "coordinates": [ [ -73.995224316592683, 40.675797681894856, 0.0 ], [ -73.9952295163272, 40.675798521917322, 0.0 ] ] } },
{ "type": "Feature", "properties": { "Layer": "DRAWINGS$OUTLINE", "PaperSpace": null, "SubClasses": null, "Linetype": null, "EntityHandle": "2B1", "Text": null }, "geometry": { "type": "LineString", "coordinates": [ [ -73.9952295163272, 40.675798521917322, 0.0 ], [ -73.995234675166955, 40.675799498085681, 0.0 ] ] } },
{ "type": "Feature", "properties": { "Layer": "DRAWINGS$OUTLINE", "PaperSpace": null, "SubClasses": null, "Linetype": null, "EntityHandle": "2B2", "Text": null }, "geometry": { "type": "LineString", "coordinates": [ [ -73.995234675166955, 40.675799498085681, 0.0 ], [ -73.995239805424632, 40.675800558304495, 0.0 ] ] } },
{ "type": "Feature", "properties": { "Layer": "DRAWINGS$OUTLINE", "PaperSpace": null, "SubClasses": null, "Linetype": null, "EntityHandle": "2B3", "Text": null }, "geometry": { "type": "LineString", "coordinates": [ [ -73.995239805424632, 40.675800558304495, 0.0 ], [ -73.995244915344642, 40.675801674089627, 0.0 ] ] } },
{ "type": "Feature", "properties": { "Layer": "DRAWINGS$OUTLINE", "PaperSpace": null, "SubClasses": null, "Linetype": null, "EntityHandle": "2B4", "Text": null }, "geometry": { "type": "LineString", "coordinates": [ [ -73.995244915344642, 40.675801674089627, 0.0 ], [ -73.995250009958781, 40.675802829837316, 0.0 ] ] } },
{ "type": "Feature", "properties": { "Layer": "DRAWINGS$OUTLINE", "PaperSpace": null, "SubClasses": null, "Linetype": null, "EntityHandle": "2B5", "Text": null }, "geometry": { "type": "LineString", "coordinates": [ [ -73.995250009958781, 40.675802829837316, 0.0 ], [ -73.995255092545662, 40.675804015895693, 0.0 ] ] } },
{ "type": "Feature", "properties": { "Layer": "DRAWINGS$OUTLINE", "PaperSpace": null, "SubClasses": null, "Linetype": null, "EntityHandle": "2B6", "Text": null }, "geometry": { "type": "LineString", "coordinates": [ [ -73.995255092545662, 40.675804015895693, 0.0 ], [ -73.995260165516029, 40.675805225389169, 0.0 ] ] } },
{ "type": "Feature", "properties": { "Layer": "DRAWINGS$OUTLINE", "PaperSpace": null, "SubClasses": null, "Linetype": null, "EntityHandle": "2B7", "Text": null }, "geometry": { "type": "LineString", "coordinates": [ [ -73.995260165516029, 40.675805225389169, 0.0 ], [ -73.995265231021264, 40.675806453014033, 0.0 ] ] } },
{ "type": "Feature", "properties": { "Layer": "DRAWINGS$OUTLINE", "PaperSpace": null, "SubClasses": null, "Linetype": null, "EntityHandle": "2B8", "Text": null }, "geometry": { "type": "LineString", "coordinates": [ [ -73.995265231021264, 40.675806453014033, 0.0 ], [ -73.995270290195847, 40.675807695712926, 0.0 ] ] } },
{ "type": "Feature", "properties": { "Layer": "DRAWINGS$OUTLINE", "PaperSpace": null, "SubClasses": null, "Linetype": null, "EntityHandle": "2B9", "Text": null }, "geometry": { "type": "LineString", "coordinates": [ [ -73.995270290195847, 40.675807695712926, 0.0 ], [ -73.995275344061881, 40.675808950856563, 0.0 ] ] } },
{ "type": "Feature", "properties": { "Layer": "DRAWINGS$OUTLINE", "PaperSpace": null, "SubClasses": null, "Linetype": null, "EntityHandle": "2BA", "Text": null }, "geometry": { "type": "LineString", "coordinates": [ [ -73.995275344061881, 40.675808950856563, 0.0 ], [ -73.995280393698749, 40.675810215830474, 0.0 ] ] } },
{ "type": "Feature", "properties": { "Layer": "DRAWINGS$OUTLINE", "PaperSpace": null, "SubClasses": null, "Linetype": null, "EntityHandle": "2BB", "Text": null }, "geometry": { "type": "LineString", "coordinates": [ [ -73.995280393698749, 40.675810215830474, 0.0 ], [ -73.995285440209173, 40.675811488026667, 0.0 ] ] } },
{ "type": "Feature", "properties": { "Layer": "DRAWINGS$OUTLINE", "PaperSpace": null, "SubClasses": null, "Linetype": null, "EntityHandle": "2BC", "Text": null }, "geometry": { "type": "LineString", "coordinates": [ [ -73.995285440209173, 40.675811488026667, 0.0 ], [ -73.995290484053356, 40.675812766316035, 0.0 ] ] } },
{ "type": "Feature", "properties": { "Layer": "DRAWINGS$OUTLINE", "PaperSpace": null, "SubClasses": null, "Linetype": null, "EntityHandle": "2BD", "Text": null }, "geometry": { "type": "LineString", "coordinates": [ [ -73.995290484053356, 40.675812766316035, 0.0 ], [ -73.995295523003691, 40.675814055763212, 0.0 ] ] } },
{ "type": "Feature", "properties": { "Layer": "DRAWINGS$OUTLINE", "PaperSpace": null, "SubClasses": null, "Linetype": null, "EntityHandle": "2BE", "Text": null }, "geometry": { "type": "LineString", "coordinates": [ [ -73.995295523003691, 40.675814055763212, 0.0 ], [ -73.995300554024283, 40.675815363092354, 0.0 ] ] } },
{ "type": "Feature", "properties": { "Layer": "DRAWINGS$OUTLINE", "PaperSpace": null, "SubClasses": null, "Linetype": null, "EntityHandle": "2BF", "Text": null }, "geometry": { "type": "LineString", "coordinates": [ [ -73.995300554024283, 40.675815363092354, 0.0 ], [ -73.995305573287723, 40.675816696183105, 0.0 ] ] } },
{ "type": "Feature", "properties": { "Layer": "DRAWINGS$OUTLINE", "PaperSpace": null, "SubClasses": null, "Linetype": null, "EntityHandle": "2C0", "Text": null }, "geometry": { "type": "LineString", "coordinates": [ [ -73.995305573287723, 40.675816696183105, 0.0 ], [ -73.995310575496504, 40.675818065883512, 0.0 ] ] } },
{ "type": "Feature", "properties": { "Layer": "DRAWINGS$OUTLINE", "PaperSpace": null, "SubClasses": null, "Linetype": null, "EntityHandle": "2C1", "Text": null }, "geometry": { "type": "LineString", "coordinates": [ [ -73.995310575496504, 40.675818065883512, 0.0 ], [ -73.995315552853484, 40.675819487212209, 0.0 ] ] } },
{ "type": "Feature", "properties": { "Layer": "DRAWINGS$OUTLINE", "PaperSpace": null, "SubClasses": null, "Linetype": null, "EntityHandle": "2C2", "Text": null }, "geometry": { "type": "LineString", "coordinates": [ [ -73.995315552853484, 40.675819487212209, 0.0 ], [ -73.995320492786718, 40.675820982077205, 0.0 ] ] } },
{ "type": "Feature", "properties": { "Layer": "DRAWINGS$OUTLINE", "PaperSpace": null, "SubClasses": null, "Linetype": null, "EntityHandle": "2C3", "Text": null }, "geometry": { "type": "LineString", "coordinates": [ [ -73.995320492786718, 40.675820982077205, 0.0 ], [ -73.995325372683965, 40.675822586852227, 0.0 ] ] } },
{ "type": "Feature", "properties": { "Layer": "DRAWINGS$OUTLINE", "PaperSpace": null, "SubClasses": null, "Linetype": null, "EntityHandle": "2C4", "Text": null }, "geometry": { "type": "LineString", "coordinates": [ [ -73.995325372683965, 40.675822586852227, 0.0 ], [ -73.995330143251891, 40.675824370977558, 0.0 ] ] } },
{ "type": "Feature", "properties": { "Layer": "DRAWINGS$OUTLINE", "PaperSpace": null, "SubClasses": null, "Linetype": null, "EntityHandle": "2C5", "Text": null }, "geometry": { "type": "LineString", "coordinates": [ [ -73.995330143251891, 40.675824370977558, 0.0 ], [ -73.995334664727721, 40.675826493385742, 0.0 ] ] } },
{ "type": "Feature", "properties": { "Layer": "DRAWINGS$OUTLINE", "PaperSpace": null, "SubClasses": null, "Linetype": null, "EntityHandle": "2C6", "Text": null }, "geometry": { "type": "LineString", "coordinates": [ [ -73.995334664727721, 40.675826493385742, 0.0 ], [ -73.995338480732045, 40.675829287427824, 0.0 ] ] } },
{ "type": "Feature", "properties": { "Layer": "DRAWINGS$OUTLINE", "PaperSpace": null, "SubClasses": null, "Linetype": null, "EntityHandle": "2C7", "Text": null }, "geometry": { "type": "LineString", "coordinates": [ [ -73.995338480732045, 40.675829287427824, 0.0 ], [ -73.995340255183152, 40.675833042436899, 0.0 ] ] } },
{ "type": "Feature", "properties": { "Layer": "DRAWINGS$OUTLINE", "PaperSpace": null, "SubClasses": null, "Linetype": null, "EntityHandle": "2C8", "Text": null }, "geometry": { "type": "LineString", "coordinates": [ [ -73.995340255183152, 40.675833042436899, 0.0 ], [ -73.995339583333063, 40.67583704145833, 0.0 ] ] } },
{ "type": "Feature", "properties": { "Layer": "DRAWINGS$OUTLINE", "PaperSpace": null, "SubClasses": null, "Linetype": null, "EntityHandle": "2C9", "Text": null }, "geometry": { "type": "LineString", "coordinates": [ [ -73.995339583333063, 40.67583704145833, 0.0 ], [ -73.995337874459452, 40.675840868827351, 0.0 ] ] } },
{ "type": "Feature", "properties": { "Layer": "DRAWINGS$OUTLINE", "PaperSpace": null, "SubClasses": null, "Linetype": null, "EntityHandle": "2CA", "Text": null }, "geometry": { "type": "LineString", "coordinates": [ [ -73.995337874459452, 40.675840868827351, 0.0 ], [ -73.995335298942891, 40.67584440294462, 0.0 ] ] } },
{ "type": "Feature", "properties": { "Layer": "DRAWINGS$OUTLINE", "PaperSpace": null, "SubClasses": null, "Linetype": null, "EntityHandle": "2CB", "Text": null }, "geometry": { "type": "LineString", "coordinates": [ [ -73.995335298942891, 40.67584440294462, 0.0 ], [ -73.995331961478541, 40.675847547595318, 0.0 ] ] } },
{ "type": "Feature", "properties": { "Layer": "DRAWINGS$OUTLINE", "PaperSpace": null, "SubClasses": null, "Linetype": null, "EntityHandle": "2CC", "Text": null }, "geometry": { "type": "LineString", "coordinates": [ [ -73.995331961478541, 40.675847547595318, 0.0 ], [ -73.995328054009804, 40.675850287359026, 0.0 ] ] } },
{ "type": "Feature", "properties": { "Layer": "DRAWINGS$OUTLINE", "PaperSpace": null, "SubClasses": null, "Linetype": null, "EntityHandle": "2CD", "Text": null }, "geometry": { "type": "LineString", "coordinates": [ [ -73.995328054009804, 40.675850287359026, 0.0 ], [ -73.995323749261345, 40.67585265895417, 0.0 ] ] } },
{ "type": "Feature", "properties": { "Layer": "DRAWINGS$OUTLINE", "PaperSpace": null, "SubClasses": null, "Linetype": null, "EntityHandle": "2CE", "Text": null }, "geometry": { "type": "LineString", "coordinates": [ [ -73.995323749261345, 40.67585265895417, 0.0 ], [ -73.995319194573867, 40.675854744512506, 0.0 ] ] } },
{ "type": "Feature", "properties": { "Layer": "DRAWINGS$OUTLINE", "PaperSpace": null, "SubClasses": null, "Linetype": null, "EntityHandle": "2CF", "Text": null }, "geometry": { "type": "LineString", "coordinates": [ [ -73.995319194573867, 40.675854744512506, 0.0 ], [ -73.995314498540878, 40.675856640630371, 0.0 ] ] } },
{ "type": "Feature", "properties": { "Layer": "DRAWINGS$OUTLINE", "PaperSpace": null, "SubClasses": null, "Linetype": null, "EntityHandle": "2D0", "Text": null }, "geometry": { "type": "LineString", "coordinates": [ [ -73.995314498540878, 40.675856640630371, 0.0 ], [ -73.995309721566954, 40.675858416036967, 0.0 ] ] } },
{ "type": "Feature", "properties": { "Layer": "DRAWINGS$OUTLINE", "PaperSpace": null, "SubClasses": null, "Linetype": null, "EntityHandle": "2D1", "Text": null }, "geometry": { "type": "LineString", "coordinates": [ [ -73.995309721566954, 40.675858416036967, 0.0 ], [ -73.995304897403088, 40.67586011621065, 0.0 ] ] } },
{ "type": "Feature", "properties": { "Layer": "DRAWINGS$OUTLINE", "PaperSpace": null, "SubClasses": null, "Linetype": null, "EntityHandle": "2D2", "Text": null }, "geometry": { "type": "LineString", "coordinates": [ [ -73.995304897403088, 40.67586011621065, 0.0 ], [ -73.995300044546639, 40.675861768351794, 0.0 ] ] } },
{ "type": "Feature", "properties": { "Layer": "DRAWINGS$OUTLINE", "PaperSpace": null, "SubClasses": null, "Linetype": null, "EntityHandle": "2D3", "Text": null }, "geometry": { "type": "LineString", "coordinates": [ [ -73.995300044546639, 40.675861768351794, 0.0 ], [ -73.995295174275256, 40.675863390526985, 0.0 ] ] } },
{ "type": "Feature", "properties": { "Layer": "DRAWINGS$OUTLINE", "PaperSpace": null, "SubClasses": null, "Linetype": null, "EntityHandle": "2D4", "Text": null }, "geometry": { "type": "LineString", "coordinates": [ [ -73.995295174275256, 40.675863390526985, 0.0 ], [ -73.995290293441911, 40.675864994299673, 0.0 ] ] } },
{ "type": "Feature", "properties": { "Layer": "DRAWINGS$OUTLINE", "PaperSpace": null, "SubClasses": null, "Linetype": null, "EntityHandle": "2D5", "Text": null }, "geometry": { "type": "LineString", "coordinates": [ [ -73.995290293441911, 40.675864994299673, 0.0 ], [ -73.995285406241976, 40.6758665866722, 0.0 ] ] } },
{ "type": "Feature", "properties": { "Layer": "DRAWINGS$OUTLINE", "PaperSpace": null, "SubClasses": null, "Linetype": null, "EntityHandle": "2D6", "Text": null }, "geometry": { "type": "LineString", "coordinates": [ [ -73.995285406241976, 40.6758665866722, 0.0 ], [ -73.995280516234075, 40.675868174066707, 0.0 ] ] } },
{ "type": "Feature", "properties": { "Layer": "DRAWINGS$OUTLINE", "PaperSpace": null, "SubClasses": null, "Linetype": null, "EntityHandle": "2D7", "Text": null }, "geometry": { "type": "LineString", "coordinates": [ [ -73.995280516234075, 40.675868174066707, 0.0 ], [ -73.995275625239685, 40.67586975973586, 0.0 ] ] } },
{ "type": "Feature", "properties": { "Layer": "DRAWINGS$OUTLINE", "PaperSpace": null, "SubClasses": null, "Linetype": null, "EntityHandle": "2D8", "Text": null }, "geometry": { "type": "LineString", "coordinates": [ [ -73.995275625239685, 40.67586975973586, 0.0 ], [ -73.995270734586256, 40.675871345989968, 0.0 ] ] } },
{ "type": "Feature", "properties": { "Layer": "DRAWINGS$OUTLINE", "PaperSpace": null, "SubClasses": null, "Linetype": null, "EntityHandle": "2D9", "Text": null }, "geometry": { "type": "LineString", "coordinates": [ [ -73.995270734586256, 40.675871345989968, 0.0 ], [ -73.995265845521288, 40.675872935083156, 0.0 ] ] } },
{ "type": "Feature", "properties": { "Layer": "DRAWINGS$OUTLINE", "PaperSpace": null, "SubClasses": null, "Linetype": null, "EntityHandle": "2DA", "Text": null }, "geometry": { "type": "LineString", "coordinates": [ [ -73.995265845521288, 40.675872935083156, 0.0 ], [ -73.995260958748389, 40.675874528263989, 0.0 ] ] } },
{ "type": "Feature", "properties": { "Layer": "DRAWINGS$OUTLINE", "PaperSpace": null, "SubClasses": null, "Linetype": null, "EntityHandle": "2DB", "Text": null }, "geometry": { "type": "LineString", "coordinates": [ [ -73.995260958748389, 40.675874528263989, 0.0 ], [ -73.995256074620357, 40.675876126219435, 0.0 ] ] } },
{ "type": "Feature", "properties": { "Layer": "DRAWINGS$OUTLINE", "PaperSpace": null, "SubClasses": null, "Linetype": null, "EntityHandle": "2DC", "Text": null }, "geometry": { "type": "LineString", "coordinates": [ [ -73.995256074620357, 40.675876126219435, 0.0 ], [ -73.99525119359707, 40.675877729592422, 0.0 ] ] } },
{ "type": "Feature", "properties": { "Layer": "DRAWINGS$OUTLINE", "PaperSpace": null, "SubClasses": null, "Linetype": null, "EntityHandle": "2DD", "Text": null }, "geometry": { "type": "LineString", "coordinates": [ [ -73.99525119359707, 40.675877729592422, 0.0 ], [ -73.995246316075239, 40.675879339031141, 0.0 ] ] } },
{ "type": "Feature", "properties": { "Layer": "DRAWINGS$OUTLINE", "PaperSpace": null, "SubClasses": null, "Linetype": null, "EntityHandle": "2DE", "Text": null }, "geometry": { "type": "LineString", "coordinates": [ [ -73.995246316075239, 40.675879339031141, 0.0 ], [ -73.99524144233817, 40.675880955192262, 0.0 ] ] } },
{ "type": "Feature", "properties": { "Layer": "DRAWINGS$OUTLINE", "PaperSpace": null, "SubClasses": null, "Linetype": null, "EntityHandle": "2DF", "Text": null }, "geometry": { "type": "LineString", "coordinates": [ [ -73.99524144233817, 40.675880955192262, 0.0 ], [ -73.995236572787391, 40.675882578650672, 0.0 ] ] } },
{ "type": "Feature", "properties": { "Layer": "DRAWINGS$OUTLINE", "PaperSpace": null, "SubClasses": null, "Linetype": null, "EntityHandle": "2E0", "Text": null }, "geometry": { "type": "LineString", "coordinates": [ [ -73.995236572787391, 40.675882578650672, 0.0 ], [ -73.995231707758037, 40.675884209947455, 0.0 ] ] } },
{ "type": "Feature", "properties": { "Layer": "DRAWINGS$OUTLINE", "PaperSpace": null, "SubClasses": null, "Linetype": null, "EntityHandle": "2E1", "Text": null }, "geometry": { "type": "LineString", "coordinates": [ [ -73.995231707758037, 40.675884209947455, 0.0 ], [ -73.995226847556978, 40.675885849566143, 0.0 ] ] } },
{ "type": "Feature", "properties": { "Layer": "DRAWINGS$OUTLINE", "PaperSpace": null, "SubClasses": null, "Linetype": null, "EntityHandle": "2E2", "Text": null }, "geometry": { "type": "LineString", "coordinates": [ [ -73.995226847556978, 40.675885849566143, 0.0 ], [ -73.995221992481206, 40.675887497917017, 0.0 ] ] } },
{ "type": "Feature", "properties": { "Layer": "DRAWINGS$OUTLINE", "PaperSpace": null, "SubClasses": null, "Linetype": null, "EntityHandle": "2E3", "Text": null }, "geometry": { "type": "LineString", "coordinates": [ [ -73.995221992481206, 40.675887497917017, 0.0 ], [ -73.995217142697285, 40.675889155371529, 0.0 ] ] } },
{ "type": "Feature", "properties": { "Layer": "DRAWINGS$OUTLINE", "PaperSpace": null, "SubClasses": null, "Linetype": null, "EntityHandle": "2E4", "Text": null }, "geometry": { "type": "LineString", "coordinates": [ [ -73.995217142697285, 40.675889155371529, 0.0 ], [ -73.995212298476815, 40.675890822177813, 0.0 ] ] } },
{ "type": "Feature", "properties": { "Layer": "DRAWINGS$OUTLINE", "PaperSpace": null, "SubClasses": null, "Linetype": null, "EntityHandle": "2E5", "Text": null }, "geometry": { "type": "LineString", "coordinates": [ [ -73.995212298476815, 40.675890822177813, 0.0 ], [ -73.995207459949427, 40.675892498544307, 0.0 ] ] } },
{ "type": "Feature", "properties": { "Layer": "DRAWINGS$OUTLINE", "PaperSpace": null, "SubClasses": null, "Linetype": null, "EntityHandle": "2E6", "Text": null }, "geometry": { "type": "LineString", "coordinates": [ [ -73.995207459949427, 40.675892498544307, 0.0 ], [ -73.995202627388181, 40.675894184833624, 0.0 ] ] } },
{ "type": "Feature", "properties": { "Layer": "DRAWINGS$OUTLINE", "PaperSpace": null, "SubClasses": null, "Linetype": null, "EntityHandle": "2E7", "Text": null }, "geometry": { "type": "LineString", "coordinates": [ [ -73.995202627388181, 40.675894184833624, 0.0 ], [ -73.99519780111298, 40.675895881523516, 0.0 ] ] } },
{ "type": "Feature", "properties": { "Layer": "DRAWINGS$OUTLINE", "PaperSpace": null, "SubClasses": null, "Linetype": null, "EntityHandle": "2E8", "Text": null }, "geometry": { "type": "LineString", "coordinates": [ [ -73.99519780111298, 40.675895881523516, 0.0 ], [ -73.995192981383383, 40.675897588984931, 0.0 ] ] } },
{ "type": "Feature", "properties": { "Layer": "DRAWINGS$OUTLINE", "PaperSpace": null, "SubClasses": null, "Linetype": null, "EntityHandle": "2E9", "Text": null }, "geometry": { "type": "LineString", "coordinates": [ [ -73.995192981383383, 40.675897588984931, 0.0 ], [ -73.995188168467763, 40.675899307603515, 0.0 ] ] } },
{ "type": "Feature", "properties": { "Layer": "DRAWINGS$OUTLINE", "PaperSpace": null, "SubClasses": null, "Linetype": null, "EntityHandle": "2EA", "Text": null }, "geometry": { "type": "LineString", "coordinates": [ [ -73.995188168467763, 40.675899307603515, 0.0 ], [ -73.995183362716517, 40.675901037755189, 0.0 ] ] } },
{ "type": "Feature", "properties": { "Layer": "DRAWINGS$OUTLINE", "PaperSpace": null, "SubClasses": null, "Linetype": null, "EntityHandle": "2EB", "Text": null }, "geometry": { "type": "LineString", "coordinates": [ [ -73.995183362716517, 40.675901037755189, 0.0 ], [ -73.995178564419973, 40.675902779858674, 0.0 ] ] } },
{ "type": "Feature", "properties": { "Layer": "DRAWINGS$OUTLINE", "PaperSpace": null, "SubClasses": null, "Linetype": null, "EntityHandle": "2EC", "Text": null }, "geometry": { "type": "LineString", "coordinates": [ [ -73.995178564419973, 40.675902779858674, 0.0 ], [ -73.995173773910281, 40.67590453434142, 0.0 ] ] } },
{ "type": "Feature", "properties": { "Layer": "DRAWINGS$OUTLINE", "PaperSpace": null, "SubClasses": null, "Linetype": null, "EntityHandle": "2ED", "Text": null }, "geometry": { "type": "LineString", "coordinates": [ [ -73.995173773910281, 40.67590453434142, 0.0 ], [ -73.995168991539558, 40.675906301649533, 0.0 ] ] } },
{ "type": "Feature", "properties": { "Layer": "DRAWINGS$OUTLINE", "PaperSpace": null, "SubClasses": null, "Linetype": null, "EntityHandle": "2EE", "Text": null }, "geometry": { "type": "LineString", "coordinates": [ [ -73.995168991539558, 40.675906301649533, 0.0 ], [ -73.995164217681818, 40.675908082249414, 0.0 ] ] } },
{ "type": "Feature", "properties": { "Layer": "DRAWINGS$OUTLINE", "PaperSpace": null, "SubClasses": null, "Linetype": null, "EntityHandle": "2EF", "Text": null }, "geometry": { "type": "LineString", "coordinates": [ [ -73.995164217681818, 40.675908082249414, 0.0 ], [ -73.995159452734939, 40.675909876629696, 0.0 ] ] } },
{ "type": "Feature", "properties": { "Layer": "DRAWINGS$OUTLINE", "PaperSpace": null, "SubClasses": null, "Linetype": null, "EntityHandle": "2F0", "Text": null }, "geometry": { "type": "LineString", "coordinates": [ [ -73.995159452734939, 40.675909876629696, 0.0 ], [ -73.995154697124619, 40.675911685302523, 0.0 ] ] } },
{ "type": "Feature", "properties": { "Layer": "DRAWINGS$OUTLINE", "PaperSpace": null, "SubClasses": null, "Linetype": null, "EntityHandle": "2F1", "Text": null }, "geometry": { "type": "LineString", "coordinates": [ [ -73.995154697124619, 40.675911685302523, 0.0 ], [ -73.995149951291552, 40.675913508811718, 0.0 ] ] } },
{ "type": "Feature", "properties": { "Layer": "DRAWINGS$OUTLINE", "PaperSpace": null, "SubClasses": null, "Linetype": null, "EntityHandle": "2F2", "Text": null }, "geometry": { "type": "LineString", "coordinates": [ [ -73.995149951291552, 40.675913508811718, 0.0 ], [ -73.995145216129245, 40.675915348289756, 0.0 ] ] } },
{ "type": "Feature", "properties": { "Layer": "DRAWINGS$OUTLINE", "PaperSpace": null, "SubClasses": null, "Linetype": null, "EntityHandle": "2F3", "Text": null }, "geometry": { "type": "LineString", "coordinates": [ [ -73.995145216129245, 40.675915348289756, 0.0 ], [ -73.995140491846016, 40.675917203970251, 0.0 ] ] } },
{ "type": "Feature", "properties": { "Layer": "DRAWINGS$OUTLINE", "PaperSpace": null, "SubClasses": null, "Linetype": null, "EntityHandle": "2F4", "Text": null }, "geometry": { "type": "LineString", "coordinates": [ [ -73.995140491846016, 40.675917203970251, 0.0 ], [ -73.99513577758762, 40.67591907434683, 0.0 ] ] } },
{ "type": "Feature", "properties": { "Layer": "DRAWINGS$OUTLINE", "PaperSpace": null, "SubClasses": null, "Linetype": null, "EntityHandle": "2F5", "Text": null }, "geometry": { "type": "LineString", "coordinates": [ [ -73.99513577758762, 40.67591907434683, 0.0 ], [ -73.995131073432731, 40.675920959388087, 0.0 ] ] } },
{ "type": "Feature", "properties": { "Layer": "DRAWINGS$OUTLINE", "PaperSpace": null, "SubClasses": null, "Linetype": null, "EntityHandle": "2F6", "Text": null }, "geometry": { "type": "LineString", "coordinates": [ [ -73.995131073432731, 40.675920959388087, 0.0 ], [ -73.995126379422402, 40.675922859077666, 0.0 ] ] } },
{ "type": "Feature", "properties": { "Layer": "DRAWINGS$OUTLINE", "PaperSpace": null, "SubClasses": null, "Linetype": null, "EntityHandle": "2F7", "Text": null }, "geometry": { "type": "LineString", "coordinates": [ [ -73.995126379422402, 40.675922859077666, 0.0 ], [ -73.995121695672921, 40.675924773368607, 0.0 ] ] } },
{ "type": "Feature", "properties": { "Layer": "DRAWINGS$OUTLINE", "PaperSpace": null, "SubClasses": null, "Linetype": null, "EntityHandle": "2F8", "Text": null }, "geometry": { "type": "LineString", "coordinates": [ [ -73.995121695672921, 40.675924773368607, 0.0 ], [ -73.995117022250113, 40.675926702233895, 0.0 ] ] } },
{ "type": "Feature", "properties": { "Layer": "DRAWINGS$OUTLINE", "PaperSpace": null, "SubClasses": null, "Linetype": null, "EntityHandle": "2F9", "Text": null }, "geometry": { "type": "LineString", "coordinates": [ [ -73.995117022250113, 40.675926702233895, 0.0 ], [ -73.995112359232238, 40.675928645641221, 0.0 ] ] } },
{ "type": "Feature", "properties": { "Layer": "DRAWINGS$OUTLINE", "PaperSpace": null, "SubClasses": null, "Linetype": null, "EntityHandle": "2FA", "Text": null }, "geometry": { "type": "LineString", "coordinates": [ [ -73.995112359232238, 40.675928645641221, 0.0 ], [ -73.99510770669734, 40.675930603558108, 0.0 ] ] } },
{ "type": "Feature", "properties": { "Layer": "DRAWINGS$OUTLINE", "PaperSpace": null, "SubClasses": null, "Linetype": null, "EntityHandle": "2FB", "Text": null }, "geometry": { "type": "LineString", "coordinates": [ [ -73.99510770669734, 40.675930603558108, 0.0 ], [ -73.995103064723324, 40.675932575951748, 0.0 ] ] } },
{ "type": "Feature", "properties": { "Layer": "DRAWINGS$OUTLINE", "PaperSpace": null, "SubClasses": null, "Linetype": null, "EntityHandle": "2FC", "Text": null }, "geometry": { "type": "LineString", "coordinates": [ [ -73.995103064723324, 40.675932575951748, 0.0 ], [ -73.995098433387881, 40.675934562789116, 0.0 ] ] } },
{ "type": "Feature", "properties": { "Layer": "DRAWINGS$OUTLINE", "PaperSpace": null, "SubClasses": null, "Linetype": null, "EntityHandle": "2FD", "Text": null }, "geometry": { "type": "LineString", "coordinates": [ [ -73.995098433387881, 40.675934562789116, 0.0 ], [ -73.995093812748607, 40.675936564045656, 0.0 ] ] } },
{ "type": "Feature", "properties": { "Layer": "DRAWINGS$OUTLINE", "PaperSpace": null, "SubClasses": null, "Linetype": null, "EntityHandle": "2FE", "Text": null }, "geometry": { "type": "LineString", "coordinates": [ [ -73.995093812748607, 40.675936564045656, 0.0 ], [ -73.995089202050806, 40.67593857843142, 0.0 ] ] } },
{ "type": "Feature", "properties": { "Layer": "DRAWINGS$OUTLINE", "PaperSpace": null, "SubClasses": null, "Linetype": null, "EntityHandle": "2FF", "Text": null }, "geometry": { "type": "LineString", "coordinates": [ [ -73.995089202050806, 40.67593857843142, 0.0 ], [ -73.995084601314659, 40.675940606059548, 0.0 ] ] } },
{ "type": "Feature", "properties": { "Layer": "DRAWINGS$OUTLINE", "PaperSpace": null, "SubClasses": null, "Linetype": null, "EntityHandle": "300", "Text": null }, "geometry": { "type": "LineString", "coordinates": [ [ -73.995084601314659, 40.675940606059548, 0.0 ], [ -73.995080010801914, 40.675942647088682, 0.0 ] ] } },
{ "type": "Feature", "properties": { "Layer": "DRAWINGS$OUTLINE", "PaperSpace": null, "SubClasses": null, "Linetype": null, "EntityHandle": "301", "Text": null }, "geometry": { "type": "LineString", "coordinates": [ [ -73.995080010801914, 40.675942647088682, 0.0 ], [ -73.995075430530548, 40.675944701511092, 0.0 ] ] } },
{ "type": "Feature", "properties": { "Layer": "DRAWINGS$OUTLINE", "PaperSpace": null, "SubClasses": null, "Linetype": null, "EntityHandle": "302", "Text": null }, "geometry": { "type": "LineString", "coordinates": [ [ -73.995075430530548, 40.675944701511092, 0.0 ], [ -73.995070860689935, 40.675946769241854, 0.0 ] ] } },
{ "type": "Feature", "properties": { "Layer": "DRAWINGS$OUTLINE", "PaperSpace": null, "SubClasses": null, "Linetype": null, "EntityHandle": "303", "Text": null }, "geometry": { "type": "LineString", "coordinates": [ [ -73.995070860689935, 40.675946769241854, 0.0 ], [ -73.99506630128198, 40.675948850279674, 0.0 ] ] } },
{ "type": "Feature", "properties": { "Layer": "DRAWINGS$OUTLINE", "PaperSpace": null, "SubClasses": null, "Linetype": null, "EntityHandle": "304", "Text": null }, "geometry": { "type": "LineString", "coordinates": [ [ -73.99506630128198, 40.675948850279674, 0.0 ], [ -73.995061752373559, 40.675950944594106, 0.0 ] ] } },
{ "type": "Feature", "properties": { "Layer": "DRAWINGS$OUTLINE", "PaperSpace": null, "SubClasses": null, "Linetype": null, "EntityHandle": "305", "Text": null }, "geometry": { "type": "LineString", "coordinates": [ [ -73.995061752373559, 40.675950944594106, 0.0 ], [ -73.995057214031334, 40.675953052154377, 0.0 ] ] } },
{ "type": "Feature", "properties": { "Layer": "DRAWINGS$OUTLINE", "PaperSpace": null, "SubClasses": null, "Linetype": null, "EntityHandle": "306", "Text": null }, "geometry": { "type": "LineString", "coordinates": [ [ -73.995057214031334, 40.675953052154377, 0.0 ], [ -73.995052686321856, 40.675955172929626, 0.0 ] ] } },
{ "type": "Feature", "properties": { "Layer": "DRAWINGS$OUTLINE", "PaperSpace": null, "SubClasses": null, "Linetype": null, "EntityHandle": "307", "Text": null }, "geometry": { "type": "LineString", "coordinates": [ [ -73.995052686321856, 40.675955172929626, 0.0 ], [ -73.995048169326679, 40.675957306881557, 0.0 ] ] } },
{ "type": "Feature", "properties": { "Layer": "DRAWINGS$OUTLINE", "PaperSpace": null, "SubClasses": null, "Linetype": null, "EntityHandle": "308", "Text": null }, "geometry": { "type": "LineString", "coordinates": [ [ -73.995048169326679, 40.675957306881557, 0.0 ], [ -73.995043662972648, 40.675959453780898, 0.0 ] ] } },
{ "type": "Feature", "properties": { "Layer": "DRAWINGS$OUTLINE", "PaperSpace": null, "SubClasses": null, "Linetype": null, "EntityHandle": "309", "Text": null }, "geometry": { "type": "LineString", "coordinates": [ [ -73.995043662972648, 40.675959453780898, 0.0 ], [ -73.995039167522236, 40.675961613970358, 0.0 ] ] } },
{ "type": "Feature", "properties": { "Layer": "DRAWINGS$OUTLINE", "PaperSpace": null, "SubClasses": null, "Linetype": null, "EntityHandle": "30A", "Text": null }, "geometry": { "type": "LineString", "coordinates": [ [ -73.995039167522236, 40.675961613970358, 0.0 ], [ -73.995034683139167, 40.675963787514981, 0.0 ] ] } },
{ "type": "Feature", "properties": { "Layer": "DRAWINGS$OUTLINE", "PaperSpace": null, "SubClasses": null, "Linetype": null, "EntityHandle": "30B", "Text": null }, "geometry": { "type": "LineString", "coordinates": [ [ -73.995034683139167, 40.675963787514981, 0.0 ], [ -73.995030209966288, 40.67596597434553, 0.0 ] ] } },
{ "type": "Feature", "properties": { "Layer": "DRAWINGS$OUTLINE", "PaperSpace": null, "SubClasses": null, "Linetype": null, "EntityHandle": "30C", "Text": null }, "geometry": { "type": "LineString", "coordinates": [ [ -73.995030209966288, 40.67596597434553, 0.0 ], [ -73.995025748033981, 40.675968174446908, 0.0 ] ] } },
{ "type": "Feature", "properties": { "Layer": "DRAWINGS$OUTLINE", "PaperSpace": null, "SubClasses": null, "Linetype": null, "EntityHandle": "30D", "Text": null }, "geometry": { "type": "LineString", "coordinates": [ [ -73.995025748033981, 40.675968174446908, 0.0 ], [ -73.995021297377477, 40.675970387801961, 0.0 ] ] } },
{ "type": "Feature", "properties": { "Layer": "DRAWINGS$OUTLINE", "PaperSpace": null, "SubClasses": null, "Linetype": null, "EntityHandle": "30E", "Text": null }, "geometry": { "type": "LineString", "coordinates": [ [ -73.995021297377477, 40.675970387801961, 0.0 ], [ -73.995016858130001, 40.67597261434446, 0.0 ] ] } },
{ "type": "Feature", "properties": { "Layer": "DRAWINGS$OUTLINE", "PaperSpace": null, "SubClasses": null, "Linetype": null, "EntityHandle": "30F", "Text": null }, "geometry": { "type": "LineString", "coordinates": [ [ -73.995016858130001, 40.67597261434446, 0.0 ], [ -73.995012430908204, 40.675974854616463, 0.0 ] ] } },
{ "type": "Feature", "properties": { "Layer": "DRAWINGS$OUTLINE", "PaperSpace": null, "SubClasses": null, "Linetype": null, "EntityHandle": "310", "Text": null }, "geometry": { "type": "LineString", "coordinates": [ [ -73.995012430908204, 40.675974854616463, 0.0 ], [ -73.995008015699284, 40.675977108707194, 0.0 ] ] } },
{ "type": "Feature", "properties": { "Layer": "DRAWINGS$OUTLINE", "PaperSpace": null, "SubClasses": null, "Linetype": null, "EntityHandle": "311", "Text": null }, "geometry": { "type": "LineString", "coordinates": [ [ -73.995008015699284, 40.675977108707194, 0.0 ], [ -73.995003612774497, 40.675979376665858, 0.0 ] ] } },
{ "type": "Feature", "properties": { "Layer": "DRAWINGS$OUTLINE", "PaperSpace": null, "SubClasses": null, "Linetype": null, "EntityHandle": "312", "Text": null }, "geometry": { "type": "LineString", "coordinates": [ [ -73.995003612774497, 40.675979376665858, 0.0 ], [ -73.994999222358274, 40.675981658640531, 0.0 ] ] } },
{ "type": "Feature", "properties": { "Layer": "DRAWINGS$OUTLINE", "PaperSpace": null, "SubClasses": null, "Linetype": null, "EntityHandle": "313", "Text": null }, "geometry": { "type": "LineString", "coordinates": [ [ -73.994999222358274, 40.675981658640531, 0.0 ], [ -73.994994844715166, 40.675983954796394, 0.0 ] ] } },
{ "type": "Feature", "properties": { "Layer": "DRAWINGS$OUTLINE", "PaperSpace": null, "SubClasses": null, "Linetype": null, "EntityHandle": "314", "Text": null }, "geometry": { "type": "LineString", "coordinates": [ [ -73.994994844715166, 40.675983954796394, 0.0 ], [ -73.994990480144196, 40.675986265318571, 0.0 ] ] } },
{ "type": "Feature", "properties": { "Layer": "DRAWINGS$OUTLINE", "PaperSpace": null, "SubClasses": null, "Linetype": null, "EntityHandle": "315", "Text": null }, "geometry": { "type": "LineString", "coordinates": [ [ -73.994990480144196, 40.675986265318571, 0.0 ], [ -73.994986128956072, 40.675988590424922, 0.0 ] ] } },
{ "type": "Feature", "properties": { "Layer": "DRAWINGS$OUTLINE", "PaperSpace": null, "SubClasses": null, "Linetype": null, "EntityHandle": "316", "Text": null }, "geometry": { "type": "LineString", "coordinates": [ [ -73.994986128956072, 40.675988590424922, 0.0 ], [ -73.994981791489224, 40.675990930358566, 0.0 ] ] } },
{ "type": "Feature", "properties": { "Layer": "DRAWINGS$OUTLINE", "PaperSpace": null, "SubClasses": null, "Linetype": null, "EntityHandle": "317", "Text": null }, "geometry": { "type": "LineString", "coordinates": [ [ -73.994981791489224, 40.675990930358566, 0.0 ], [ -73.99497746815328, 40.675993285365479, 0.0 ] ] } },
{ "type": "Feature", "properties": { "Layer": "DRAWINGS$OUTLINE", "PaperSpace": null, "SubClasses": null, "Linetype": null, "EntityHandle": "318", "Text": null }, "geometry": { "type": "LineString", "coordinates": [ [ -73.99497746815328, 40.675993285365479, 0.0 ], [ -73.994973159319088, 40.675995655755806, 0.0 ] ] } },
{ "type": "Feature", "properties": { "Layer": "DRAWINGS$OUTLINE", "PaperSpace": null, "SubClasses": null, "Linetype": null, "EntityHandle": "319", "Text": null }, "geometry": { "type": "LineString", "coordinates": [ [ -73.994973159319088, 40.675995655755806, 0.0 ], [ -73.994968865444619, 40.675998041837438, 0.0 ] ] } },
{ "type": "Feature", "properties": { "Layer": "DRAWINGS$OUTLINE", "PaperSpace": null, "SubClasses": null, "Linetype": null, "EntityHandle": "31A", "Text": null }, "geometry": { "type": "LineString", "coordinates": [ [ -73.994968865444619, 40.675998041837438, 0.0 ], [ -73.994964587017222, 40.676000443949626, 0.0 ] ] } },
{ "type": "Feature", "properties": { "Layer": "DRAWINGS$OUTLINE", "PaperSpace": null, "SubClasses": null, "Linetype": null, "EntityHandle": "31B", "Text": null }, "geometry": { "type": "LineString", "coordinates": [ [ -73.994964587017222, 40.676000443949626, 0.0 ], [ -73.994960324559557, 40.67600286246244, 0.0 ] ] } },
{ "type": "Feature", "properties": { "Layer": "DRAWINGS$OUTLINE", "PaperSpace": null, "SubClasses": null, "Linetype": null, "EntityHandle": "31C", "Text": null }, "geometry": { "type": "LineString", "coordinates": [ [ -73.994960324559557, 40.67600286246244, 0.0 ], [ -73.99495607858448, 40.676005297806178, 0.0 ] ] } },
{ "type": "Feature", "properties": { "Layer": "DRAWINGS$OUTLINE", "PaperSpace": null, "SubClasses": null, "Linetype": null, "EntityHandle": "31D", "Text": null }, "geometry": { "type": "LineString", "coordinates": [ [ -73.99495607858448, 40.676005297806178, 0.0 ], [ -73.99495184979385, 40.676007750360931, 0.0 ] ] } },
{ "type": "Feature", "properties": { "Layer": "DRAWINGS$OUTLINE", "PaperSpace": null, "SubClasses": null, "Linetype": null, "EntityHandle": "31E", "Text": null }, "geometry": { "type": "LineString", "coordinates": [ [ -73.99495184979385, 40.676007750360931, 0.0 ], [ -73.994947638806963, 40.676010220616135, 0.0 ] ] } },
{ "type": "Feature", "properties": { "Layer": "DRAWINGS$OUTLINE", "PaperSpace": null, "SubClasses": null, "Linetype": null, "EntityHandle": "31F", "Text": null }, "geometry": { "type": "LineString", "coordinates": [ [ -73.994947638806963, 40.676010220616135, 0.0 ], [ -73.994943446342575, 40.676012709071422, 0.0 ] ] } },
{ "type": "Feature", "properties": { "Layer": "DRAWINGS$OUTLINE", "PaperSpace": null, "SubClasses": null, "Linetype": null, "EntityHandle": "320", "Text": null }, "geometry": { "type": "LineString", "coordinates": [ [ -73.994943446342575, 40.676012709071422, 0.0 ], [ -73.994939273180435, 40.676015216263842, 0.0 ] ] } },
{ "type": "Feature", "properties": { "Layer": "DRAWINGS$OUTLINE", "PaperSpace": null, "SubClasses": null, "Linetype": null, "EntityHandle": "321", "Text": null }, "geometry": { "type": "LineString", "coordinates": [ [ -73.994939273180435, 40.676015216263842, 0.0 ], [ -73.994935120167185, 40.676017742770426, 0.0 ] ] } },
{ "type": "Feature", "properties": { "Layer": "DRAWINGS$OUTLINE", "PaperSpace": null, "SubClasses": null, "Linetype": null, "EntityHandle": "322", "Text": null }, "geometry": { "type": "LineString", "coordinates": [ [ -73.994935120167185, 40.676017742770426, 0.0 ], [ -73.99493098822316, 40.67602028921133, 0.0 ] ] } },
{ "type": "Feature", "properties": { "Layer": "DRAWINGS$OUTLINE", "PaperSpace": null, "SubClasses": null, "Linetype": null, "EntityHandle": "323", "Text": null }, "geometry": { "type": "LineString", "coordinates": [ [ -73.99493098822316, 40.67602028921133, 0.0 ], [ -73.994926878350185, 40.676022856253098, 0.0 ] ] } },
{ "type": "Feature", "properties": { "Layer": "DRAWINGS$OUTLINE", "PaperSpace": null, "SubClasses": null, "Linetype": null, "EntityHandle": "324", "Text": null }, "geometry": { "type": "LineString", "coordinates": [ [ -73.994926878350185, 40.676022856253098, 0.0 ], [ -73.994922791711232, 40.676025444567195, 0.0 ] ] } },
{ "type": "Feature", "properties": { "Layer": "DRAWINGS$OUTLINE", "PaperSpace": null, "SubClasses": null, "Linetype": null, "EntityHandle": "325", "Text": null }, "geometry": { "type": "LineString", "coordinates": [ [ -73.994922791711232, 40.676025444567195, 0.0 ], [ -73.994918729278993, 40.676028055065032, 0.0 ] ] } },
{ "type": "Feature", "properties": { "Layer": "DRAWINGS$OUTLINE", "PaperSpace": null, "SubClasses": null, "Linetype": null, "EntityHandle": "326", "Text": null }, "geometry": { "type": "LineString", "coordinates": [ [ -73.994918729278993, 40.676028055065032, 0.0 ], [ -73.994914692497133, 40.676030688489895, 0.0 ] ] } },
{ "type": "Feature", "properties": { "Layer": "DRAWINGS$OUTLINE", "PaperSpace": null, "SubClasses": null, "Linetype": null, "EntityHandle": "327", "Text": null }, "geometry": { "type": "LineString", "coordinates": [ [ -73.994914692497133, 40.676030688489895, 0.0 ], [ -73.994910682873453, 40.676033345705868, 0.0 ] ] } },
{ "type": "Feature", "properties": { "Layer": "DRAWINGS$OUTLINE", "PaperSpace": null, "SubClasses": null, "Linetype": null, "EntityHandle": "328", "Text": null }, "geometry": { "type": "LineString", "coordinates": [ [ -73.994910682873453, 40.676033345705868, 0.0 ], [ -73.994906701739097, 40.67603602779041, 0.0 ] ] } },
{ "type": "Feature", "properties": { "Layer": "DRAWINGS$OUTLINE", "PaperSpace": null, "SubClasses": null, "Linetype": null, "EntityHandle": "329", "Text": null }, "geometry": { "type": "LineString", "coordinates": [ [ -73.994906701739097, 40.67603602779041, 0.0 ], [ -73.994902750550452, 40.67603873539877, 0.0 ] ] } },
{ "type": "Feature", "properties": { "Layer": "DRAWINGS$OUTLINE", "PaperSpace": null, "SubClasses": null, "Linetype": null, "EntityHandle": "32A", "Text": null }, "geometry": { "type": "LineString", "coordinates": [ [ -73.994902750550452, 40.67603873539877, 0.0 ], [ -73.994898830536982, 40.676041469107162, 0.0 ] ] } },
{ "type": "Feature", "properties": { "Layer": "DRAWINGS$OUTLINE", "PaperSpace": null, "SubClasses": null, "Linetype": null, "EntityHandle": "32B", "Text": null }, "geometry": { "type": "LineString", "coordinates": [ [ -73.994898830536982, 40.676041469107162, 0.0 ], [ -73.994894942743144, 40.6760442293861, 0.0 ] ] } },
{ "type": "Feature", "properties": { "Layer": "DRAWINGS$OUTLINE", "PaperSpace": null, "SubClasses": null, "Linetype": null, "EntityHandle": "32C", "Text": null }, "geometry": { "type": "LineString", "coordinates": [ [ -73.994894942743144, 40.6760442293861, 0.0 ], [ -73.994891088134437, 40.67604701650427, 0.0 ] ] } },
{ "type": "Feature", "properties": { "Layer": "DRAWINGS$OUTLINE", "PaperSpace": null, "SubClasses": null, "Linetype": null, "EntityHandle": "32D", "Text": null }, "geometry": { "type": "LineString", "coordinates": [ [ -73.994891088134437, 40.67604701650427, 0.0 ], [ -73.994887267478418, 40.676049830595367, 0.0 ] ] } },
{ "type": "Feature", "properties": { "Layer": "DRAWINGS$OUTLINE", "PaperSpace": null, "SubClasses": null, "Linetype": null, "EntityHandle": "32E", "Text": null }, "geometry": { "type": "LineString", "coordinates": [ [ -73.994887267478418, 40.676049830595367, 0.0 ], [ -73.994883481378849, 40.676052671624063, 0.0 ] ] } },
{ "type": "Feature", "properties": { "Layer": "DRAWINGS$OUTLINE", "PaperSpace": null, "SubClasses": null, "Linetype": null, "EntityHandle": "32F", "Text": null }, "geometry": { "type": "LineString", "coordinates": [ [ -73.994883481378849, 40.676052671624063, 0.0 ], [ -73.994879730268607, 40.676055539387391, 0.0 ] ] } },
{ "type": "Feature", "properties": { "Layer": "DRAWINGS$OUTLINE", "PaperSpace": null, "SubClasses": null, "Linetype": null, "EntityHandle": "330", "Text": null }, "geometry": { "type": "LineString", "coordinates": [ [ -73.994879730268607, 40.676055539387391, 0.0 ], [ -73.994876014301894, 40.676058433602087, 0.0 ] ] } },
{ "type": "Feature", "properties": { "Layer": "DRAWINGS$OUTLINE", "PaperSpace": null, "SubClasses": null, "Linetype": null, "EntityHandle": "331", "Text": null }, "geometry": { "type": "LineString", "coordinates": [ [ -73.994876014301894, 40.676058433602087, 0.0 ], [ -73.994872333431815, 40.676061353784718, 0.0 ] ] } },
{ "type": "Feature", "properties": { "Layer": "DRAWINGS$OUTLINE", "PaperSpace": null, "SubClasses": null, "Linetype": null, "EntityHandle": "332", "Text": null }, "geometry": { "type": "LineString", "coordinates": [ [ -73.994872333431815, 40.676061353784718, 0.0 ], [ -73.994868687342873, 40.676064299089006, 0.0 ] ] } },
{ "type": "Feature", "properties": { "Layer": "DRAWINGS$OUTLINE", "PaperSpace": null, "SubClasses": null, "Linetype": null, "EntityHandle": "333", "Text": null }, "geometry": { "type": "LineString", "coordinates": [ [ -73.994868687342873, 40.676064299089006, 0.0 ], [ -73.994865075328917, 40.676067268612321, 0.0 ] ] } },
{ "type": "Feature", "properties": { "Layer": "DRAWINGS$OUTLINE", "PaperSpace": null, "SubClasses": null, "Linetype": null, "EntityHandle": "334", "Text": null }, "geometry": { "type": "LineString", "coordinates": [ [ -73.994865075328917, 40.676067268612321, 0.0 ], [ -73.994861496473291, 40.676070261290697, 0.0 ] ] } },
{ "type": "Feature", "properties": { "Layer": "DRAWINGS$OUTLINE", "PaperSpace": null, "SubClasses": null, "Linetype": null, "EntityHandle": "335", "Text": null }, "geometry": { "type": "LineString", "coordinates": [ [ -73.994861496473291, 40.676070261290697, 0.0 ], [ -73.994857949586986, 40.676073275967461, 0.0 ] ] } },
{ "type": "Feature", "properties": { "Layer": "DRAWINGS$OUTLINE", "PaperSpace": null, "SubClasses": null, "Linetype": null, "EntityHandle": "336", "Text": null }, "geometry": { "type": "LineString", "coordinates": [ [ -73.994857949586986, 40.676073275967461, 0.0 ], [ -73.994854433297732, 40.676076311346051, 0.0 ] ] } },
{ "type": "Feature", "properties": { "Layer": "DRAWINGS$OUTLINE", "PaperSpace": null, "SubClasses": null, "Linetype": null, "EntityHandle": "337", "Text": null }, "geometry": { "type": "LineString", "coordinates": [ [ -73.994854433297732, 40.676076311346051, 0.0 ], [ -73.994850946004163, 40.676079366063476, 0.0 ] ] } },
{ "type": "Feature", "properties": { "Layer": "DRAWINGS$OUTLINE", "PaperSpace": null, "SubClasses": null, "Linetype": null, "EntityHandle": "338", "Text": null }, "geometry": { "type": "LineString", "coordinates": [ [ -73.994850946004163, 40.676079366063476, 0.0 ], [ -73.994847485935651, 40.676082438680595, 0.0 ] ] } },
{ "type": "Feature", "properties": { "Layer": "DRAWINGS$OUTLINE", "PaperSpace": null, "SubClasses": null, "Linetype": null, "EntityHandle": "339", "Text": null }, "geometry": { "type": "LineString", "coordinates": [ [ -73.994847485935651, 40.676082438680595, 0.0 ], [ -73.99484405118956, 40.676085527694497, 0.0 ] ] } },
{ "type": "Feature", "properties": { "Layer": "DRAWINGS$OUTLINE", "PaperSpace": null, "SubClasses": null, "Linetype": null, "EntityHandle": "33A", "Text": null }, "geometry": { "type": "LineString", "coordinates": [ [ -73.99484405118956, 40.676085527694497, 0.0 ], [ -73.994840639649041, 40.676088631668584, 0.0 ] ] } },
{ "type": "Feature", "properties": { "Layer": "DRAWINGS$OUTLINE", "PaperSpace": null, "SubClasses": null, "Linetype": null, "EntityHandle": "33B", "Text": null }, "geometry": { "type": "LineString", "coordinates": [ [ -73.994840639649041, 40.676088631668584, 0.0 ], [ -73.994837250237794, 40.676091749614912, 0.0 ] ] } },
{ "type": "Feature", "properties": { "Layer": "DRAWINGS$OUTLINE", "PaperSpace": null, "SubClasses": null, "Linetype": null, "EntityHandle": "33C", "Text": null }, "geometry": { "type": "LineString", "coordinates": [ [ -73.994837250237794, 40.676091749614912, 0.0 ], [ -73.994833883787308, 40.676094881957717, 0.0 ] ] } },
{ "type": "Feature", "properties": { "Layer": "DRAWINGS$OUTLINE", "PaperSpace": null, "SubClasses": null, "Linetype": null, "EntityHandle": "33D", "Text": null }, "geometry": { "type": "LineString", "coordinates": [ [ -73.994833883787308, 40.676094881957717, 0.0 ], [ -73.994830541387515, 40.676098029176337, 0.0 ] ] } },
{ "type": "Feature", "properties": { "Layer": "DRAWINGS$OUTLINE", "PaperSpace": null, "SubClasses": null, "Linetype": null, "EntityHandle": "33E", "Text": null }, "geometry": { "type": "LineString", "coordinates": [ [ -73.994830541387515, 40.676098029176337, 0.0 ], [ -73.994827224047228, 40.676101191687955, 0.0 ] ] } },
{ "type": "Feature", "properties": { "Layer": "DRAWINGS$OUTLINE", "PaperSpace": null, "SubClasses": null, "Linetype": null, "EntityHandle": "33F", "Text": null }, "geometry": { "type": "LineString", "coordinates": [ [ -73.994827224047228, 40.676101191687955, 0.0 ], [ -73.994823932634517, 40.676104369884989, 0.0 ] ] } },
{ "type": "Feature", "properties": { "Layer": "DRAWINGS$OUTLINE", "PaperSpace": null, "SubClasses": null, "Linetype": null, "EntityHandle": "340", "Text": null }, "geometry": { "type": "LineString", "coordinates": [ [ -73.994823932634517, 40.676104369884989, 0.0 ], [ -73.994820667978232, 40.67610756402042, 0.0 ] ] } },
{ "type": "Feature", "properties": { "Layer": "DRAWINGS$OUTLINE", "PaperSpace": null, "SubClasses": null, "Linetype": null, "EntityHandle": "341", "Text": null }, "geometry": { "type": "LineString", "coordinates": [ [ -73.994820667978232, 40.67610756402042, 0.0 ], [ -73.994817430757308, 40.676110774299126, 0.0 ] ] } },
{ "type": "Feature", "properties": { "Layer": "DRAWINGS$OUTLINE", "PaperSpace": null, "SubClasses": null, "Linetype": null, "EntityHandle": "342", "Text": null }, "geometry": { "type": "LineString", "coordinates": [ [ -73.994817430757308, 40.676110774299126, 0.0 ], [ -73.994814221527136, 40.676114000842624, 0.0 ] ] } },
{ "type": "Feature", "properties": { "Layer": "DRAWINGS$OUTLINE", "PaperSpace": null, "SubClasses": null, "Linetype": null, "EntityHandle": "343", "Text": null }, "geometry": { "type": "LineString", "coordinates": [ [ -73.994814221527136, 40.676114000842624, 0.0 ], [ -73.994811040724372, 40.676117243677275, 0.0 ] ] } },
{ "type": "Feature", "properties": { "Layer": "DRAWINGS$OUTLINE", "PaperSpace": null, "SubClasses": null, "Linetype": null, "EntityHandle": "344", "Text": null }, "geometry": { "type": "LineString", "coordinates": [ [ -73.994811040724372, 40.676117243677275, 0.0 ], [ -73.994807888631911, 40.67612050276756, 0.0 ] ] } },
{ "type": "Feature", "properties": { "Layer": "DRAWINGS$OUTLINE", "PaperSpace": null, "SubClasses": null, "Linetype": null, "EntityHandle": "345", "Text": null }, "geometry": { "type": "LineString", "coordinates": [ [ -73.994807888631911, 40.67612050276756, 0.0 ], [ -73.994804765474967, 40.676123777918491, 0.0 ] ] } },
{ "type": "Feature", "properties": { "Layer": "DRAWINGS$OUTLINE", "PaperSpace": null, "SubClasses": null, "Linetype": null, "EntityHandle": "346", "Text": null }, "geometry": { "type": "LineString", "coordinates": [ [ -73.994804765474967, 40.676123777918491, 0.0 ], [ -73.994801671314463, 40.676127069028659, 0.0 ] ] } },
{ "type": "Feature", "properties": { "Layer": "DRAWINGS$OUTLINE", "PaperSpace": null, "SubClasses": null, "Linetype": null, "EntityHandle": "347", "Text": null }, "geometry": { "type": "LineString", "coordinates": [ [ -73.994801671314463, 40.676127069028659, 0.0 ], [ -73.994798606336971, 40.676130375888732, 0.0 ] ] } },
{ "type": "Feature", "properties": { "Layer": "DRAWINGS$OUTLINE", "PaperSpace": null, "SubClasses": null, "Linetype": null, "EntityHandle": "348", "Text": null }, "geometry": { "type": "LineString", "coordinates": [ [ -73.994798606336971, 40.676130375888732, 0.0 ], [ -73.994795570488094, 40.676133698285696, 0.0 ] ] } },
{ "type": "Feature", "properties": { "Layer": "DRAWINGS$OUTLINE", "PaperSpace": null, "SubClasses": null, "Linetype": null, "EntityHandle": "349", "Text": null }, "geometry": { "type": "LineString", "coordinates": [ [ -73.994795570488094, 40.676133698285696, 0.0 ], [ -73.994792563674665, 40.676137035979558, 0.0 ] ] } },
{ "type": "Feature", "properties": { "Layer": "DRAWINGS$OUTLINE", "PaperSpace": null, "SubClasses": null, "Linetype": null, "EntityHandle": "34A", "Text": null }, "geometry": { "type": "LineString", "coordinates": [ [ -73.994792563674665, 40.676137035979558, 0.0 ], [ -73.994789585810878, 40.676140388656052, 0.0 ] ] } },
{ "type": "Feature", "properties": { "Layer": "DRAWINGS$OUTLINE", "PaperSpace": null, "SubClasses": null, "Linetype": null, "EntityHandle": "34B", "Text": null }, "geometry": { "type": "LineString", "coordinates": [ [ -73.994789585810878, 40.676140388656052, 0.0 ], [ -73.994786636717876, 40.67614375603933, 0.0 ] ] } },
{ "type": "Feature", "properties": { "Layer": "DRAWINGS$OUTLINE", "PaperSpace": null, "SubClasses": null, "Linetype": null, "EntityHandle": "34C", "Text": null }, "geometry": { "type": "LineString", "coordinates": [ [ -73.994786636717876, 40.67614375603933, 0.0 ], [ -73.994783716189119, 40.676147137821282, 0.0 ] ] } },
{ "type": "Feature", "properties": { "Layer": "DRAWINGS$OUTLINE", "PaperSpace": null, "SubClasses": null, "Linetype": null, "EntityHandle": "34D", "Text": null }, "geometry": { "type": "LineString", "coordinates": [ [ -73.994783716189119, 40.676147137821282, 0.0 ], [ -73.994780823975347, 40.676150533680556, 0.0 ] ] } },
{ "type": "Feature", "properties": { "Layer": "DRAWINGS$OUTLINE", "PaperSpace": null, "SubClasses": null, "Linetype": null, "EntityHandle": "34E", "Text": null }, "geometry": { "type": "LineString", "coordinates": [ [ -73.994780823975347, 40.676150533680556, 0.0 ], [ -73.994777959786347, 40.676153943282607, 0.0 ] ] } },
{ "type": "Feature", "properties": { "Layer": "DRAWINGS$OUTLINE", "PaperSpace": null, "SubClasses": null, "Linetype": null, "EntityHandle": "34F", "Text": null }, "geometry": { "type": "LineString", "coordinates": [ [ -73.994777959786347, 40.676153943282607, 0.0 ], [ -73.994775123302787, 40.676157366268406, 0.0 ] ] } },
{ "type": "Feature", "properties": { "Layer": "DRAWINGS$OUTLINE", "PaperSpace": null, "SubClasses": null, "Linetype": null, "EntityHandle": "350", "Text": null }, "geometry": { "type": "LineString", "coordinates": [ [ -73.994775123302787, 40.676157366268406, 0.0 ], [ -73.994772314137506, 40.676160802304274, 0.0 ] ] } },
{ "type": "Feature", "properties": { "Layer": "DRAWINGS$OUTLINE", "PaperSpace": null, "SubClasses": null, "Linetype": null, "EntityHandle": "351", "Text": null }, "geometry": { "type": "LineString", "coordinates": [ [ -73.994772314137506, 40.676160802304274, 0.0 ], [ -73.994769531923069, 40.676164251026648, 0.0 ] ] } },
{ "type": "Feature", "properties": { "Layer": "DRAWINGS$OUTLINE", "PaperSpace": null, "SubClasses": null, "Linetype": null, "EntityHandle": "352", "Text": null }, "geometry": { "type": "LineString", "coordinates": [ [ -73.994769531923069, 40.676164251026648, 0.0 ], [ -73.994766775642532, 40.676167711803139, 0.0 ] ] } },
{ "type": "Feature", "properties": { "Layer": "DRAWINGS$OUTLINE", "PaperSpace": null, "SubClasses": null, "Linetype": null, "EntityHandle": "353", "Text": null }, "geometry": { "type": "LineString", "coordinates": [ [ -73.994766775642532, 40.676167711803139, 0.0 ], [ -73.994764043274301, 40.676171183514803, 0.0 ] ] } },
{ "type": "Feature", "properties": { "Layer": "DRAWINGS$OUTLINE", "PaperSpace": null, "SubClasses": null, "Linetype": null, "EntityHandle": "354", "Text": null }, "geometry": { "type": "LineString", "coordinates": [ [ -73.994764043274301, 40.676171183514803, 0.0 ], [ -73.994761332839005, 40.676174665216607, 0.0 ] ] } },
{ "type": "Feature", "properties": { "Layer": "DRAWINGS$OUTLINE", "PaperSpace": null, "SubClasses": null, "Linetype": null, "EntityHandle": "355", "Text": null }, "geometry": { "type": "LineString", "coordinates": [ [ -73.994761332839005, 40.676174665216607, 0.0 ], [ -73.994758642582255, 40.676178155991281, 0.0 ] ] } },
{ "type": "Feature", "properties": { "Layer": "DRAWINGS$OUTLINE", "PaperSpace": null, "SubClasses": null, "Linetype": null, "EntityHandle": "356", "Text": null }, "geometry": { "type": "LineString", "coordinates": [ [ -73.994758642582255, 40.676178155991281, 0.0 ], [ -73.994755970888008, 40.676181655005756, 0.0 ] ] } },
{ "type": "Feature", "properties": { "Layer": "DRAWINGS$OUTLINE", "PaperSpace": null, "SubClasses": null, "Linetype": null, "EntityHandle": "357", "Text": null }, "geometry": { "type": "LineString", "coordinates": [ [ -73.994755970888008, 40.676181655005756, 0.0 ], [ -73.994753316229335, 40.676185161530853, 0.0 ] ] } },
{ "type": "Feature", "properties": { "Layer": "DRAWINGS$OUTLINE", "PaperSpace": null, "SubClasses": null, "Linetype": null, "EntityHandle": "358", "Text": null }, "geometry": { "type": "LineString", "coordinates": [ [ -73.994753316229335, 40.676185161530853, 0.0 ], [ -73.994750677184612, 40.676188674881608, 0.0 ] ] } },
{ "type": "Feature", "properties": { "Layer": "DRAWINGS$OUTLINE", "PaperSpace": null, "SubClasses": null, "Linetype": null, "EntityHandle": "359", "Text": null }, "geometry": { "type": "LineString", "coordinates": [ [ -73.994750677184612, 40.676188674881608, 0.0 ], [ -73.994748052378341, 40.676192194460846, 0.0 ] ] } },
{ "type": "Feature", "properties": { "Layer": "DRAWINGS$OUTLINE", "PaperSpace": null, "SubClasses": null, "Linetype": null, "EntityHandle": "35A", "Text": null }, "geometry": { "type": "LineString", "coordinates": [ [ -73.994748052378341, 40.676192194460846, 0.0 ], [ -73.994745440580189, 40.676195719594439, 0.0 ] ] } },
{ "type": "Feature", "properties": { "Layer": "DRAWINGS$OUTLINE", "PaperSpace": null, "SubClasses": null, "Linetype": null, "EntityHandle": "35B", "Text": null }, "geometry": { "type": "LineString", "coordinates": [ [ -73.994745440580189, 40.676195719594439, 0.0 ], [ -73.994742840517489, 40.676199249753438, 0.0 ] ] } },
{ "type": "Feature", "properties": { "Layer": "DRAWINGS$OUTLINE", "PaperSpace": null, "SubClasses": null, "Linetype": null, "EntityHandle": "35C", "Text": null }, "geometry": { "type": "LineString", "coordinates": [ [ -73.994742840517489, 40.676199249753438, 0.0 ], [ -73.994740250974885, 40.676202784392103, 0.0 ] ] } },
{ "type": "Feature", "properties": { "Layer": "DRAWINGS$OUTLINE", "PaperSpace": null, "SubClasses": null, "Linetype": null, "EntityHandle": "35D", "Text": null }, "geometry": { "type": "LineString", "coordinates": [ [ -73.994740250974885, 40.676202784392103, 0.0 ], [ -73.994737670739028, 40.676206322994354, 0.0 ] ] } },
{ "type": "Feature", "properties": { "Layer": "DRAWINGS$OUTLINE", "PaperSpace": null, "SubClasses": null, "Linetype": null, "EntityHandle": "35E", "Text": null }, "geometry": { "type": "LineString", "coordinates": [ [ -73.994737670739028, 40.676206322994354, 0.0 ], [ -73.994735098652214, 40.67620986497046, 0.0 ] ] } },
{ "type": "Feature", "properties": { "Layer": "DRAWINGS$OUTLINE", "PaperSpace": null, "SubClasses": null, "Linetype": null, "EntityHandle": "35F", "Text": null }, "geometry": { "type": "LineString", "coordinates": [ [ -73.994735098652214, 40.67620986497046, 0.0 ], [ -73.994732533593336, 40.676213409945099, 0.0 ] ] } },
{ "type": "Feature", "properties": { "Layer": "DRAWINGS$OUTLINE", "PaperSpace": null, "SubClasses": null, "Linetype": null, "EntityHandle": "360", "Text": null }, "geometry": { "type": "LineString", "coordinates": [ [ -73.994732533593336, 40.676213409945099, 0.0 ], [ -73.994729974889708, 40.676216957578895, 0.0 ] ] } },
{ "type": "Feature", "properties": { "Layer": "DRAWINGS$OUTLINE", "PaperSpace": null, "SubClasses": null, "Linetype": null, "EntityHandle": "361", "Text": null }, "geometry": { "type": "LineString", "coordinates": [ [ -73.994729974889708, 40.676216957578895, 0.0 ], [ -73.994727421866372, 40.676220507625025, 0.0 ] ] } },
{ "type": "Feature", "properties": { "Layer": "DRAWINGS$OUTLINE", "PaperSpace": null, "SubClasses": null, "Linetype": null, "EntityHandle": "362", "Text": null }, "geometry": { "type": "LineString", "coordinates": [ [ -73.994727421866372, 40.676220507625025, 0.0 ], [ -73.994724873916354, 40.676224059742268, 0.0 ] ] } },
{ "type": "Feature", "properties": { "Layer": "DRAWINGS$OUTLINE", "PaperSpace": null, "SubClasses": null, "Linetype": null, "EntityHandle": "363", "Text": null }, "geometry": { "type": "LineString", "coordinates": [ [ -73.994724873916354, 40.676224059742268, 0.0 ], [ -73.994722330363359, 40.676227613685747, 0.0 ] ] } },
{ "type": "Feature", "properties": { "Layer": "DRAWINGS$OUTLINE", "PaperSpace": null, "SubClasses": null, "Linetype": null, "EntityHandle": "364", "Text": null }, "geometry": { "type": "LineString", "coordinates": [ [ -73.994722330363359, 40.676227613685747, 0.0 ], [ -73.994719790552821, 40.676231169180404, 0.0 ] ] } },
{ "type": "Feature", "properties": { "Layer": "DRAWINGS$OUTLINE", "PaperSpace": null, "SubClasses": null, "Linetype": null, "EntityHandle": "365", "Text": null }, "geometry": { "type": "LineString", "coordinates": [ [ -73.994719790552821, 40.676231169180404, 0.0 ], [ -73.994717253806499, 40.676234725984436, 0.0 ] ] } },
{ "type": "Feature", "properties": { "Layer": "DRAWINGS$OUTLINE", "PaperSpace": null, "SubClasses": null, "Linetype": null, "EntityHandle": "366", "Text": null }, "geometry": { "type": "LineString", "coordinates": [ [ -73.994717253806499, 40.676234725984436, 0.0 ], [ -73.994714719523927, 40.676238283746947, 0.0 ] ] } },
{ "type": "Feature", "properties": { "Layer": "DRAWINGS$OUTLINE", "PaperSpace": null, "SubClasses": null, "Linetype": null, "EntityHandle": "367", "Text": null }, "geometry": { "type": "LineString", "coordinates": [ [ -73.994714719523927, 40.676238283746947, 0.0 ], [ -73.994712187045835, 40.676241842205712, 0.0 ] ] } },
{ "type": "Feature", "properties": { "Layer": "DRAWINGS$OUTLINE", "PaperSpace": null, "SubClasses": null, "Linetype": null, "EntityHandle": "368", "Text": null }, "geometry": { "type": "LineString", "coordinates": [ [ -73.994712187045835, 40.676241842205712, 0.0 ], [ -73.994709655849903, 40.676245401268652, 0.0 ] ] } },
{ "type": "Feature", "properties": { "Layer": "DRAWINGS$OUTLINE", "PaperSpace": null, "SubClasses": null, "Linetype": null, "EntityHandle": "369", "Text": null }, "geometry": { "type": "LineString", "coordinates": [ [ -73.994709655849903, 40.676245401268652, 0.0 ], [ -73.994707125703073, 40.676248960754762, 0.0 ] ] } },
{ "type": "Feature", "properties": { "Layer": "DRAWINGS$OUTLINE", "PaperSpace": null, "SubClasses": null, "Linetype": null, "EntityHandle": "36A", "Text": null }, "geometry": { "type": "LineString", "coordinates": [ [ -73.994707125703073, 40.676248960754762, 0.0 ], [ -73.994704596296003, 40.67625252055624, 0.0 ] ] } },
{ "type": "Feature", "properties": { "Layer": "DRAWINGS$OUTLINE", "PaperSpace": null, "SubClasses": null, "Linetype": null, "EntityHandle": "36B", "Text": null }, "geometry": { "type": "LineString", "coordinates": [ [ -73.994704596296003, 40.67625252055624, 0.0 ], [ -73.994702067320802, 40.676256080563256, 0.0 ] ] } },
{ "type": "Feature", "properties": { "Layer": "DRAWINGS$OUTLINE", "PaperSpace": null, "SubClasses": null, "Linetype": null, "EntityHandle": "36C", "Text": null }, "geometry": { "type": "LineString", "coordinates": [ [ -73.994702067320802, 40.676256080563256, 0.0 ], [ -73.994699538503468, 40.67625964061822, 0.0 ] ] } },
{ "type": "Feature", "properties": { "Layer": "DRAWINGS$OUTLINE", "PaperSpace": null, "SubClasses": null, "Linetype": null, "EntityHandle": "36D", "Text": null }, "geometry": { "type": "LineString", "coordinates": [ [ -73.994699538503468, 40.67625964061822, 0.0 ], [ -73.994697009545348, 40.676263200598356, 0.0 ] ] } },
{ "type": "Feature", "properties": { "Layer": "DRAWINGS$OUTLINE", "PaperSpace": null, "SubClasses": null, "Linetype": null, "EntityHandle": "36E", "Text": null }, "geometry": { "type": "LineString", "coordinates": [ [ -73.994697009545348, 40.676263200598356, 0.0 ], [ -73.9946944801477, 40.676266760380834, 0.0 ] ] } },
{ "type": "Feature", "properties": { "Layer": "DRAWINGS$OUTLINE", "PaperSpace": null, "SubClasses": null, "Linetype": null, "EntityHandle": "36F", "Text": null }, "geometry": { "type": "LineString", "coordinates": [ [ -73.9946944801477, 40.676266760380834, 0.0 ], [ -73.99469195001187, 40.676270319842828, 0.0 ] ] } },
{ "type": "Feature", "properties": { "Layer": "DRAWINGS$OUTLINE", "PaperSpace": null, "SubClasses": null, "Linetype": null, "EntityHandle": "370", "Text": null }, "geometry": { "type": "LineString", "coordinates": [ [ -73.99469195001187, 40.676270319842828, 0.0 ], [ -73.994689418555794, 40.676273878751097, 0.0 ] ] } },
{ "type": "Feature", "properties": { "Layer": "DRAWINGS$OUTLINE", "PaperSpace": null, "SubClasses": null, "Linetype": null, "EntityHandle": "371", "Text": null }, "geometry": { "type": "LineString", "coordinates": [ [ -73.994689418555794, 40.676273878751097, 0.0 ], [ -73.994686884545999, 40.676277436644881, 0.0 ] ] } },
{ "type": "Feature", "properties": { "Layer": "DRAWINGS$OUTLINE", "PaperSpace": null, "SubClasses": null, "Linetype": null, "EntityHandle": "372", "Text": null }, "geometry": { "type": "LineString", "coordinates": [ [ -73.994686884545999, 40.676277436644881, 0.0 ], [ -73.994684350535948, 40.676280994538622, 0.0 ] ] } },
{ "type": "Feature", "properties": { "Layer": "DRAWINGS$OUTLINE", "PaperSpace": null, "SubClasses": null, "Linetype": null, "EntityHandle": "373", "Text": null }, "geometry": { "type": "LineString", "coordinates": [ [ -73.994684350535948, 40.676280994538622, 0.0 ], [ -73.994681816525599, 40.6762845524323, 0.0 ] ] } },
{ "type": "Feature", "properties": { "Layer": "DRAWINGS$OUTLINE", "PaperSpace": null, "SubClasses": null, "Linetype": null, "EntityHandle": "374", "Text": null }, "geometry": { "type": "LineString", "coordinates": [ [ -73.994681816525599, 40.6762845524323, 0.0 ], [ -73.994679280557591, 40.676288109518111, 0.0 ] ] } },
{ "type": "Feature", "properties": { "Layer": "DRAWINGS$OUTLINE", "PaperSpace": null, "SubClasses": null, "Linetype": null, "EntityHandle": "375", "Text": null }, "geometry": { "type": "LineString", "coordinates": [ [ -73.994679280557591, 40.676288109518111, 0.0 ], [ -73.994676742344438, 40.676291665691195, 0.0 ] ] } },
{ "type": "Feature", "properties": { "Layer": "DRAWINGS$OUTLINE", "PaperSpace": null, "SubClasses": null, "Linetype": null, "EntityHandle": "376", "Text": null }, "geometry": { "type": "LineString", "coordinates": [ [ -73.994676742344438, 40.676291665691195, 0.0 ], [ -73.994674203022115, 40.676295221395861, 0.0 ] ] } },
{ "type": "Feature", "properties": { "Layer": "DRAWINGS$OUTLINE", "PaperSpace": null, "SubClasses": null, "Linetype": null, "EntityHandle": "377", "Text": null }, "geometry": { "type": "LineString", "coordinates": [ [ -73.994674203022115, 40.676295221395861, 0.0 ], [ -73.99467166281309, 40.67629877671687, 0.0 ] ] } },
{ "type": "Feature", "properties": { "Layer": "DRAWINGS$OUTLINE", "PaperSpace": null, "SubClasses": null, "Linetype": null, "EntityHandle": "378", "Text": null }, "geometry": { "type": "LineString", "coordinates": [ [ -73.99467166281309, 40.67629877671687, 0.0 ], [ -73.994669121909055, 40.676302331781912, 0.0 ] ] } },
{ "type": "Feature", "properties": { "Layer": "DRAWINGS$OUTLINE", "PaperSpace": null, "SubClasses": null, "Linetype": null, "EntityHandle": "379", "Text": null }, "geometry": { "type": "LineString", "coordinates": [ [ -73.994669121909055, 40.676302331781912, 0.0 ], [ -73.994666580558189, 40.676305886639796, 0.0 ] ] } },
{ "type": "Feature", "properties": { "Layer": "DRAWINGS$OUTLINE", "PaperSpace": null, "SubClasses": null, "Linetype": null, "EntityHandle": "37A", "Text": null }, "geometry": { "type": "LineString", "coordinates": [ [ -73.994666580558189, 40.676305886639796, 0.0 ], [ -73.994664038966661, 40.676309441398004, 0.0 ] ] } },
{ "type": "Feature", "properties": { "Layer": "DRAWINGS$OUTLINE", "PaperSpace": null, "SubClasses": null, "Linetype": null, "EntityHandle": "37B", "Text": null }, "geometry": { "type": "LineString", "coordinates": [ [ -73.994664038966661, 40.676309441398004, 0.0 ], [ -73.994661497352837, 40.676312996147011, 0.0 ] ] } },
{ "type": "Feature", "properties": { "Layer": "DRAWINGS$OUTLINE", "PaperSpace": null, "SubClasses": null, "Linetype": null, "EntityHandle": "37C", "Text": null }, "geometry": { "type": "LineString", "coordinates": [ [ -73.994661497352837, 40.676312996147011, 0.0 ], [ -73.994658955935066, 40.67631655097734, 0.0 ] ] } },
{ "type": "Feature", "properties": { "Layer": "DRAWINGS$OUTLINE", "PaperSpace": null, "SubClasses": null, "Linetype": null, "EntityHandle": "37D", "Text": null }, "geometry": { "type": "LineString", "coordinates": [ [ -73.994658955935066, 40.67631655097734, 0.0 ], [ -73.994656414910679, 40.676320106008887, 0.0 ] ] } },
{ "type": "Feature", "properties": { "Layer": "DRAWINGS$OUTLINE", "PaperSpace": null, "SubClasses": null, "Linetype": null, "EntityHandle": "37E", "Text": null }, "geometry": { "type": "LineString", "coordinates": [ [ -73.994656414910679, 40.676320106008887, 0.0 ], [ -73.994653874531295, 40.676323661285657, 0.0 ] ] } },
{ "type": "Feature", "properties": { "Layer": "DRAWINGS$OUTLINE", "PaperSpace": null, "SubClasses": null, "Linetype": null, "EntityHandle": "37F", "Text": null }, "geometry": { "type": "LineString", "coordinates": [ [ -73.994653874531295, 40.676323661285657, 0.0 ], [ -73.994651335015774, 40.676327216897469, 0.0 ] ] } },
{ "type": "Feature", "properties": { "Layer": "DRAWINGS$OUTLINE", "PaperSpace": null, "SubClasses": null, "Linetype": null, "EntityHandle": "380", "Text": null }, "geometry": { "type": "LineString", "coordinates": [ [ -73.994651335015774, 40.676327216897469, 0.0 ], [ -73.994648796582908, 40.676330772934207, 0.0 ] ] } },
{ "type": "Feature", "properties": { "Layer": "DRAWINGS$OUTLINE", "PaperSpace": null, "SubClasses": null, "Linetype": null, "EntityHandle": "381", "Text": null }, "geometry": { "type": "LineString", "coordinates": [ [ -73.994648796582908, 40.676330772934207, 0.0 ], [ -73.994646259422154, 40.676334329526924, 0.0 ] ] } },
{ "type": "Feature", "properties": { "Layer": "DRAWINGS$OUTLINE", "PaperSpace": null, "SubClasses": null, "Linetype": null, "EntityHandle": "382", "Text": null }, "geometry": { "type": "LineString", "coordinates": [ [ -73.994646259422154, 40.676334329526924, 0.0 ], [ -73.994643723721268, 40.67633788667343, 0.0 ] ] } },
{ "type": "Feature", "properties": { "Layer": "DRAWINGS$OUTLINE", "PaperSpace": null, "SubClasses": null, "Linetype": null, "EntityHandle": "383", "Text": null }, "geometry": { "type": "LineString", "coordinates": [ [ -73.994643723721268, 40.67633788667343, 0.0 ], [ -73.994641189490153, 40.676341444494717, 0.0 ] ] } },
{ "type": "Feature", "properties": { "Layer": "DRAWINGS$OUTLINE", "PaperSpace": null, "SubClasses": null, "Linetype": null, "EntityHandle": "384", "Text": null }, "geometry": { "type": "LineString", "coordinates": [ [ -73.994641189490153, 40.676341444494717, 0.0 ], [ -73.994638656893684, 40.676345002974649, 0.0 ] ] } },
{ "type": "Feature", "properties": { "Layer": "DRAWINGS$OUTLINE", "PaperSpace": null, "SubClasses": null, "Linetype": null, "EntityHandle": "385", "Text": null }, "geometry": { "type": "LineString", "coordinates": [ [ -73.994638656893684, 40.676345002974649, 0.0 ], [ -73.994636126052228, 40.676348562159426, 0.0 ] ] } },
{ "type": "Feature", "properties": { "Layer": "DRAWINGS$OUTLINE", "PaperSpace": null, "SubClasses": null, "Linetype": null, "EntityHandle": "386", "Text": null }, "geometry": { "type": "LineString", "coordinates": [ [ -73.994636126052228, 40.676348562159426, 0.0 ], [ -73.994633597068926, 40.676352122119624, 0.0 ] ] } },
{ "type": "Feature", "properties": { "Layer": "DRAWINGS$OUTLINE", "PaperSpace": null, "SubClasses": null, "Linetype": null, "EntityHandle": "387", "Text": null }, "geometry": { "type": "LineString", "coordinates": [ [ -73.994633597068926, 40.676352122119624, 0.0 ], [ -73.994631070064258, 40.676355682901324, 0.0 ] ] } },
{ "type": "Feature", "properties": { "Layer": "DRAWINGS$OUTLINE", "PaperSpace": null, "SubClasses": null, "Linetype": null, "EntityHandle": "388", "Text": null }, "geometry": { "type": "LineString", "coordinates": [ [ -73.994631070064258, 40.676355682901324, 0.0 ], [ -73.994628545161248, 40.676359244547214, 0.0 ] ] } },
{ "type": "Feature", "properties": { "Layer": "DRAWINGS$OUTLINE", "PaperSpace": null, "SubClasses": null, "Linetype": null, "EntityHandle": "389", "Text": null }, "geometry": { "type": "LineString", "coordinates": [ [ -73.994628545161248, 40.676359244547214, 0.0 ], [ -73.994626022479125, 40.676362807105193, 0.0 ] ] } },
{ "type": "Feature", "properties": { "Layer": "DRAWINGS$OUTLINE", "PaperSpace": null, "SubClasses": null, "Linetype": null, "EntityHandle": "38A", "Text": null }, "geometry": { "type": "LineString", "coordinates": [ [ -73.994626022479125, 40.676362807105193, 0.0 ], [ -73.994623502137173, 40.676366370623185, 0.0 ] ] } },
{ "type": "Feature", "properties": { "Layer": "DRAWINGS$OUTLINE", "PaperSpace": null, "SubClasses": null, "Linetype": null, "EntityHandle": "38B", "Text": null }, "geometry": { "type": "LineString", "coordinates": [ [ -73.994623502137173, 40.676366370623185, 0.0 ], [ -73.994620984254752, 40.676369935148898, 0.0 ] ] } },
{ "type": "Feature", "properties": { "Layer": "DRAWINGS$OUTLINE", "PaperSpace": null, "SubClasses": null, "Linetype": null, "EntityHandle": "38C", "Text": null }, "geometry": { "type": "LineString", "coordinates": [ [ -73.994620984254752, 40.676369935148898, 0.0 ], [ -73.994618468951401, 40.676373500729959, 0.0 ] ] } },
{ "type": "Feature", "properties": { "Layer": "DRAWINGS$OUTLINE", "PaperSpace": null, "SubClasses": null, "Linetype": null, "EntityHandle": "38D", "Text": null }, "geometry": { "type": "LineString", "coordinates": [ [ -73.994618468951401, 40.676373500729959, 0.0 ], [ -73.994615956329653, 40.676377067438125, 0.0 ] ] } },
{ "type": "Feature", "properties": { "Layer": "DRAWINGS$OUTLINE", "PaperSpace": null, "SubClasses": null, "Linetype": null, "EntityHandle": "38E", "Text": null }, "geometry": { "type": "LineString", "coordinates": [ [ -73.994615956329653, 40.676377067438125, 0.0 ], [ -73.99461344654695, 40.676380635267051, 0.0 ] ] } },
{ "type": "Feature", "properties": { "Layer": "DRAWINGS$OUTLINE", "PaperSpace": null, "SubClasses": null, "Linetype": null, "EntityHandle": "38F", "Text": null }, "geometry": { "type": "LineString", "coordinates": [ [ -73.99461344654695, 40.676380635267051, 0.0 ], [ -73.994610939727963, 40.676384204253281, 0.0 ] ] } },
{ "type": "Feature", "properties": { "Layer": "DRAWINGS$OUTLINE", "PaperSpace": null, "SubClasses": null, "Linetype": null, "EntityHandle": "390", "Text": null }, "geometry": { "type": "LineString", "coordinates": [ [ -73.994610939727963, 40.676384204253281, 0.0 ], [ -73.994608435898954, 40.676387774518425, 0.0 ] ] } },
{ "type": "Feature", "properties": { "Layer": "DRAWINGS$OUTLINE", "PaperSpace": null, "SubClasses": null, "Linetype": null, "EntityHandle": "391", "Text": null }, "geometry": { "type": "LineString", "coordinates": [ [ -73.994608435898954, 40.676387774518425, 0.0 ], [ -73.994605935171705, 40.676391346063774, 0.0 ] ] } },
{ "type": "Feature", "properties": { "Layer": "DRAWINGS$OUTLINE", "PaperSpace": null, "SubClasses": null, "Linetype": null, "EntityHandle": "392", "Text": null }, "geometry": { "type": "LineString", "coordinates": [ [ -73.994605935171705, 40.676391346063774, 0.0 ], [ -73.994603437665404, 40.676394918889294, 0.0 ] ] } },
{ "type": "Feature", "properties": { "Layer": "DRAWINGS$OUTLINE", "PaperSpace": null, "SubClasses": null, "Linetype": null, "EntityHandle": "393", "Text": null }, "geometry": { "type": "LineString", "coordinates": [ [ -73.994603437665404, 40.676394918889294, 0.0 ], [ -73.99460094345983, 40.676398493051124, 0.0 ] ] } },
{ "type": "Feature", "properties": { "Layer": "DRAWINGS$OUTLINE", "PaperSpace": null, "SubClasses": null, "Linetype": null, "EntityHandle": "394", "Text": null }, "geometry": { "type": "LineString", "coordinates": [ [ -73.99460094345983, 40.676398493051124, 0.0 ], [ -73.994598452649171, 40.676402068585027, 0.0 ] ] } },
{ "type": "Feature", "properties": { "Layer": "DRAWINGS$OUTLINE", "PaperSpace": null, "SubClasses": null, "Linetype": null, "EntityHandle": "395", "Text": null }, "geometry": { "type": "LineString", "coordinates": [ [ -73.994598452649171, 40.676402068585027, 0.0 ], [ -73.99459596532769, 40.676405645526664, 0.0 ] ] } },
{ "type": "Feature", "properties": { "Layer": "DRAWINGS$OUTLINE", "PaperSpace": null, "SubClasses": null, "Linetype": null, "EntityHandle": "396", "Text": null }, "geometry": { "type": "LineString", "coordinates": [ [ -73.99459596532769, 40.676405645526664, 0.0 ], [ -73.994593481603644, 40.676409223891554, 0.0 ] ] } },
{ "type": "Feature", "properties": { "Layer": "DRAWINGS$OUTLINE", "PaperSpace": null, "SubClasses": null, "Linetype": null, "EntityHandle": "397", "Text": null }, "geometry": { "type": "LineString", "coordinates": [ [ -73.994593481603644, 40.676409223891554, 0.0 ], [ -73.994591001532498, 40.676412803771449, 0.0 ] ] } },
{ "type": "Feature", "properties": { "Layer": "DRAWINGS$OUTLINE", "PaperSpace": null, "SubClasses": null, "Linetype": null, "EntityHandle": "398", "Text": null }, "geometry": { "type": "LineString", "coordinates": [ [ -73.994591001532498, 40.676412803771449, 0.0 ], [ -73.994588525243543, 40.67641638515169, 0.0 ] ] } },
{ "type": "Feature", "properties": { "Layer": "DRAWINGS$OUTLINE", "PaperSpace": null, "SubClasses": null, "Linetype": null, "EntityHandle": "399", "Text": null }, "geometry": { "type": "LineString", "coordinates": [ [ -73.994588525243543, 40.67641638515169, 0.0 ], [ -73.994586052824758, 40.676419968077312, 0.0 ] ] } },
{ "type": "Feature", "properties": { "Layer": "DRAWINGS$OUTLINE", "PaperSpace": null, "SubClasses": null, "Linetype": null, "EntityHandle": "39A", "Text": null }, "geometry": { "type": "LineString", "coordinates": [ [ -73.994586052824758, 40.676419968077312, 0.0 ], [ -73.994583584368868, 40.676423552586456, 0.0 ] ] } },
{ "type": "Feature", "properties": { "Layer": "DRAWINGS$OUTLINE", "PaperSpace": null, "SubClasses": null, "Linetype": null, "EntityHandle": "39B", "Text": null }, "geometry": { "type": "LineString", "coordinates": [ [ -73.994583584368868, 40.676423552586456, 0.0 ], [ -73.994581119971102, 40.676427138713848, 0.0 ] ] } },
{ "type": "Feature", "properties": { "Layer": "DRAWINGS$OUTLINE", "PaperSpace": null, "SubClasses": null, "Linetype": null, "EntityHandle": "39C", "Text": null }, "geometry": { "type": "LineString", "coordinates": [ [ -73.994581119971102, 40.676427138713848, 0.0 ], [ -73.994578659726898, 40.67643072649399, 0.0 ] ] } },
{ "type": "Feature", "properties": { "Layer": "DRAWINGS$OUTLINE", "PaperSpace": null, "SubClasses": null, "Linetype": null, "EntityHandle": "39D", "Text": null }, "geometry": { "type": "LineString", "coordinates": [ [ -73.994578659726898, 40.67643072649399, 0.0 ], [ -73.99457620373181, 40.676434315961245, 0.0 ] ] } },
{ "type": "Feature", "properties": { "Layer": "DRAWINGS$OUTLINE", "PaperSpace": null, "SubClasses": null, "Linetype": null, "EntityHandle": "39E", "Text": null }, "geometry": { "type": "LineString", "coordinates": [ [ -73.99457620373181, 40.676434315961245, 0.0 ], [ -73.994573752081592, 40.67643790714979, 0.0 ] ] } },
{ "type": "Feature", "properties": { "Layer": "DRAWINGS$OUTLINE", "PaperSpace": null, "SubClasses": null, "Linetype": null, "EntityHandle": "39F", "Text": null }, "geometry": { "type": "LineString", "coordinates": [ [ -73.994573752081592, 40.67643790714979, 0.0 ], [ -73.994571304872153, 40.676441500093667, 0.0 ] ] } },
{ "type": "Feature", "properties": { "Layer": "DRAWINGS$OUTLINE", "PaperSpace": null, "SubClasses": null, "Linetype": null, "EntityHandle": "3A0", "Text": null }, "geometry": { "type": "LineString", "coordinates": [ [ -73.994571304872153, 40.676441500093667, 0.0 ], [ -73.994568862199671, 40.676445094826661, 0.0 ] ] } },
{ "type": "Feature", "properties": { "Layer": "DRAWINGS$OUTLINE", "PaperSpace": null, "SubClasses": null, "Linetype": null, "EntityHandle": "3A1", "Text": null }, "geometry": { "type": "LineString", "coordinates": [ [ -73.994568862199671, 40.676445094826661, 0.0 ], [ -73.994566424160425, 40.676448691382419, 0.0 ] ] } },
{ "type": "Feature", "properties": { "Layer": "DRAWINGS$OUTLINE", "PaperSpace": null, "SubClasses": null, "Linetype": null, "EntityHandle": "3A2", "Text": null }, "geometry": { "type": "LineString", "coordinates": [ [ -73.994566424160425, 40.676448691382419, 0.0 ], [ -73.994563990850949, 40.676452289794419, 0.0 ] ] } },
{ "type": "Feature", "properties": { "Layer": "DRAWINGS$OUTLINE", "PaperSpace": null, "SubClasses": null, "Linetype": null, "EntityHandle": "3A3", "Text": null }, "geometry": { "type": "LineString", "coordinates": [ [ -73.994563990850949, 40.676452289794419, 0.0 ], [ -73.994561562367963, 40.676455890095873, 0.0 ] ] } },
{ "type": "Feature", "properties": { "Layer": "DRAWINGS$OUTLINE", "PaperSpace": null, "SubClasses": null, "Linetype": null, "EntityHandle": "3A4", "Text": null }, "geometry": { "type": "LineString", "coordinates": [ [ -73.994561562367963, 40.676455890095873, 0.0 ], [ -73.994559138808384, 40.676459492319871, 0.0 ] ] } },
{ "type": "Feature", "properties": { "Layer": "DRAWINGS$OUTLINE", "PaperSpace": null, "SubClasses": null, "Linetype": null, "EntityHandle": "3A5", "Text": null }, "geometry": { "type": "LineString", "coordinates": [ [ -73.994559138808384, 40.676459492319871, 0.0 ], [ -73.994556720269358, 40.676463096499269, 0.0 ] ] } },
{ "type": "Feature", "properties": { "Layer": "DRAWINGS$OUTLINE", "PaperSpace": null, "SubClasses": null, "Linetype": null, "EntityHandle": "3A6", "Text": null }, "geometry": { "type": "LineString", "coordinates": [ [ -73.994556720269358, 40.676463096499269, 0.0 ], [ -73.994554306848187, 40.676466702666723, 0.0 ] ] } },
{ "type": "Feature", "properties": { "Layer": "DRAWINGS$OUTLINE", "PaperSpace": null, "SubClasses": null, "Linetype": null, "EntityHandle": "3A7", "Text": null }, "geometry": { "type": "LineString", "coordinates": [ [ -73.994554306848187, 40.676466702666723, 0.0 ], [ -73.99455189864247, 40.676470310854647, 0.0 ] ] } },
{ "type": "Feature", "properties": { "Layer": "DRAWINGS$OUTLINE", "PaperSpace": null, "SubClasses": null, "Linetype": null, "EntityHandle": "3A8", "Text": null }, "geometry": { "type": "LineString", "coordinates": [ [ -73.99455189864247, 40.676470310854647, 0.0 ], [ -73.994549495739292, 40.676473921111253, 0.0 ] ] } },
{ "type": "Feature", "properties": { "Layer": "DRAWINGS$OUTLINE", "PaperSpace": null, "SubClasses": null, "Linetype": null, "EntityHandle": "3A9", "Text": null }, "geometry": { "type": "LineString", "coordinates": [ [ -73.994549495739292, 40.676473921111253, 0.0 ], [ -73.99454709826864, 40.676477533420559, 0.0 ] ] } },
{ "type": "Feature", "properties": { "Layer": "DRAWINGS$OUTLINE", "PaperSpace": null, "SubClasses": null, "Linetype": null, "EntityHandle": "3AA", "Text": null }, "geometry": { "type": "LineString", "coordinates": [ [ -73.99454709826864, 40.676477533420559, 0.0 ], [ -73.994544706293709, 40.676481147861232, 0.0 ] ] } },
{ "type": "Feature", "properties": { "Layer": "DRAWINGS$OUTLINE", "PaperSpace": null, "SubClasses": null, "Linetype": null, "EntityHandle": "3AB", "Text": null }, "geometry": { "type": "LineString", "coordinates": [ [ -73.994544706293709, 40.676481147861232, 0.0 ], [ -73.994542319943164, 40.676484764456397, 0.0 ] ] } },
{ "type": "Feature", "properties": { "Layer": "DRAWINGS$OUTLINE", "PaperSpace": null, "SubClasses": null, "Linetype": null, "EntityHandle": "3AC", "Text": null }, "geometry": { "type": "LineString", "coordinates": [ [ -73.994542319943164, 40.676484764456397, 0.0 ], [ -73.994539939325051, 40.676488383240581, 0.0 ] ] } },
{ "type": "Feature", "properties": { "Layer": "DRAWINGS$OUTLINE", "PaperSpace": null, "SubClasses": null, "Linetype": null, "EntityHandle": "3AD", "Text": null }, "geometry": { "type": "LineString", "coordinates": [ [ -73.994539939325051, 40.676488383240581, 0.0 ], [ -73.994537564502139, 40.67649200422855, 0.0 ] ] } },
{ "type": "Feature", "properties": { "Layer": "DRAWINGS$OUTLINE", "PaperSpace": null, "SubClasses": null, "Linetype": null, "EntityHandle": "3AE", "Text": null }, "geometry": { "type": "LineString", "coordinates": [ [ -73.994537564502139, 40.67649200422855, 0.0 ], [ -73.994535195397972, 40.676495627358172, 0.0 ] ] } },
{ "type": "Feature", "properties": { "Layer": "DRAWINGS$OUTLINE", "PaperSpace": null, "SubClasses": null, "Linetype": null, "EntityHandle": "3AF", "Text": null }, "geometry": { "type": "LineString", "coordinates": [ [ -73.994535195397972, 40.676495627358172, 0.0 ], [ -73.994532831826973, 40.67649925261351, 0.0 ] ] } },
{ "type": "Feature", "properties": { "Layer": "DRAWINGS$OUTLINE", "PaperSpace": null, "SubClasses": null, "Linetype": null, "EntityHandle": "3B0", "Text": null }, "geometry": { "type": "LineString", "coordinates": [ [ -73.994532831826973, 40.67649925261351, 0.0 ], [ -73.994530473661214, 40.676502879908874, 0.0 ] ] } },
{ "type": "Feature", "properties": { "Layer": "DRAWINGS$OUTLINE", "PaperSpace": null, "SubClasses": null, "Linetype": null, "EntityHandle": "3B1", "Text": null }, "geometry": { "type": "LineString", "coordinates": [ [ -73.994530473661214, 40.676502879908874, 0.0 ], [ -73.994528120774049, 40.676506509166451, 0.0 ] ] } },
{ "type": "Feature", "properties": { "Layer": "DRAWINGS$OUTLINE", "PaperSpace": null, "SubClasses": null, "Linetype": null, "EntityHandle": "3B2", "Text": null }, "geometry": { "type": "LineString", "coordinates": [ [ -73.994528120774049, 40.676506509166451, 0.0 ], [ -73.994525773010935, 40.67651014036101, 0.0 ] ] } },
{ "type": "Feature", "properties": { "Layer": "DRAWINGS$OUTLINE", "PaperSpace": null, "SubClasses": null, "Linetype": null, "EntityHandle": "3B3", "Text": null }, "geometry": { "type": "LineString", "coordinates": [ [ -73.994525773010935, 40.67651014036101, 0.0 ], [ -73.994523430245209, 40.676513773433314, 0.0 ] ] } },
{ "type": "Feature", "properties": { "Layer": "DRAWINGS$OUTLINE", "PaperSpace": null, "SubClasses": null, "Linetype": null, "EntityHandle": "3B4", "Text": null }, "geometry": { "type": "LineString", "coordinates": [ [ -73.994523430245209, 40.676513773433314, 0.0 ], [ -73.994521092353295, 40.676517408327868, 0.0 ] ] } },
{ "type": "Feature", "properties": { "Layer": "DRAWINGS$OUTLINE", "PaperSpace": null, "SubClasses": null, "Linetype": null, "EntityHandle": "3B5", "Text": null }, "geometry": { "type": "LineString", "coordinates": [ [ -73.994521092353295, 40.676517408327868, 0.0 ], [ -73.994518759176913, 40.676521045051409, 0.0 ] ] } },
{ "type": "Feature", "properties": { "Layer": "DRAWINGS$OUTLINE", "PaperSpace": null, "SubClasses": null, "Linetype": null, "EntityHandle": "3B6", "Text": null }, "geometry": { "type": "LineString", "coordinates": [ [ -73.994518759176913, 40.676521045051409, 0.0 ], [ -73.994516430673514, 40.676524683437641, 0.0 ] ] } },
{ "type": "Feature", "properties": { "Layer": "DRAWINGS$OUTLINE", "PaperSpace": null, "SubClasses": null, "Linetype": null, "EntityHandle": "3B7", "Text": null }, "geometry": { "type": "LineString", "coordinates": [ [ -73.994516430673514, 40.676524683437641, 0.0 ], [ -73.994514106690801, 40.676528323498438, 0.0 ] ] } },
{ "type": "Feature", "properties": { "Layer": "DRAWINGS$OUTLINE", "PaperSpace": null, "SubClasses": null, "Linetype": null, "EntityHandle": "3B8", "Text": null }, "geometry": { "type": "LineString", "coordinates": [ [ -73.994514106690801, 40.676528323498438, 0.0 ], [ -73.994511787117247, 40.676531965189042, 0.0 ] ] } },
{ "type": "Feature", "properties": { "Layer": "DRAWINGS$OUTLINE", "PaperSpace": null, "SubClasses": null, "Linetype": null, "EntityHandle": "3B9", "Text": null }, "geometry": { "type": "LineString", "coordinates": [ [ -73.994511787117247, 40.676531965189042, 0.0 ], [ -73.994509471844466, 40.676535608465962, 0.0 ] ] } },
{ "type": "Feature", "properties": { "Layer": "DRAWINGS$OUTLINE", "PaperSpace": null, "SubClasses": null, "Linetype": null, "EntityHandle": "3BA", "Text": null }, "geometry": { "type": "LineString", "coordinates": [ [ -73.994509471844466, 40.676535608465962, 0.0 ], [ -73.994507160767071, 40.676539253287054, 0.0 ] ] } },
{ "type": "Feature", "properties": { "Layer": "DRAWINGS$OUTLINE", "PaperSpace": null, "SubClasses": null, "Linetype": null, "EntityHandle": "3BB", "Text": null }, "geometry": { "type": "LineString", "coordinates": [ [ -73.994507160767071, 40.676539253287054, 0.0 ], [ -73.994504853782502, 40.67654289961142, 0.0 ] ] } },
{ "type": "Feature", "properties": { "Layer": "DRAWINGS$OUTLINE", "PaperSpace": null, "SubClasses": null, "Linetype": null, "EntityHandle": "3BC", "Text": null }, "geometry": { "type": "LineString", "coordinates": [ [ -73.994504853782502, 40.67654289961142, 0.0 ], [ -73.994502550790841, 40.676546547399241, 0.0 ] ] } },
{ "type": "Feature", "properties": { "Layer": "DRAWINGS$OUTLINE", "PaperSpace": null, "SubClasses": null, "Linetype": null, "EntityHandle": "3BD", "Text": null }, "geometry": { "type": "LineString", "coordinates": [ [ -73.994502550790841, 40.676546547399241, 0.0 ], [ -73.994500251694674, 40.676550196611728, 0.0 ] ] } },
{ "type": "Feature", "properties": { "Layer": "DRAWINGS$OUTLINE", "PaperSpace": null, "SubClasses": null, "Linetype": null, "EntityHandle": "3BE", "Text": null }, "geometry": { "type": "LineString", "coordinates": [ [ -73.994500251694674, 40.676550196611728, 0.0 ], [ -73.994497956398916, 40.676553847211196, 0.0 ] ] } },
{ "type": "Feature", "properties": { "Layer": "DRAWINGS$OUTLINE", "PaperSpace": null, "SubClasses": null, "Linetype": null, "EntityHandle": "3BF", "Text": null }, "geometry": { "type": "LineString", "coordinates": [ [ -73.994497956398916, 40.676553847211196, 0.0 ], [ -73.994495664810657, 40.676557499160779, 0.0 ] ] } },
{ "type": "Feature", "properties": { "Layer": "DRAWINGS$OUTLINE", "PaperSpace": null, "SubClasses": null, "Linetype": null, "EntityHandle": "3C0", "Text": null }, "geometry": { "type": "LineString", "coordinates": [ [ -73.994495664810657, 40.676557499160779, 0.0 ], [ -73.994493376839046, 40.676561152424519, 0.0 ] ] } },
{ "type": "Feature", "properties": { "Layer": "DRAWINGS$OUTLINE", "PaperSpace": null, "SubClasses": null, "Linetype": null, "EntityHandle": "3C1", "Text": null }, "geometry": { "type": "LineString", "coordinates": [ [ -73.994493376839046, 40.676561152424519, 0.0 ], [ -73.994491092395123, 40.676564806967193, 0.0 ] ] } },
{ "type": "Feature", "properties": { "Layer": "DRAWINGS$OUTLINE", "PaperSpace": null, "SubClasses": null, "Linetype": null, "EntityHandle": "3C2", "Text": null }, "geometry": { "type": "LineString", "coordinates": [ [ -73.994491092395123, 40.676564806967193, 0.0 ], [ -73.994488811391733, 40.676568462754389, 0.0 ] ] } },
{ "type": "Feature", "properties": { "Layer": "DRAWINGS$OUTLINE", "PaperSpace": null, "SubClasses": null, "Linetype": null, "EntityHandle": "3C3", "Text": null }, "geometry": { "type": "LineString", "coordinates": [ [ -73.994488811391733, 40.676568462754389, 0.0 ], [ -73.994486533748244, 40.676572119744421, 0.0 ] ] } },
{ "type": "Feature", "properties": { "Layer": "DRAWINGS$OUTLINE", "PaperSpace": null, "SubClasses": null, "Linetype": null, "EntityHandle": "3C4", "Text": null }, "geometry": { "type": "LineString", "coordinates": [ [ -73.994486533748244, 40.676572119744421, 0.0 ], [ -73.99448425936491, 40.676575777929465, 0.0 ] ] } },
{ "type": "Feature", "properties": { "Layer": "DRAWINGS$OUTLINE", "PaperSpace": null, "SubClasses": null, "Linetype": null, "EntityHandle": "3C5", "Text": null }, "geometry": { "type": "LineString", "coordinates": [ [ -73.99448425936491, 40.676575777929465, 0.0 ], [ -73.994481988169156, 40.676579437260784, 0.0 ] ] } },
{ "type": "Feature", "properties": { "Layer": "DRAWINGS$OUTLINE", "PaperSpace": null, "SubClasses": null, "Linetype": null, "EntityHandle": "3C6", "Text": null }, "geometry": { "type": "LineString", "coordinates": [ [ -73.994481988169156, 40.676579437260784, 0.0 ], [ -73.994479720079582, 40.676583097706391, 0.0 ] ] } },
{ "type": "Feature", "properties": { "Layer": "DRAWINGS$OUTLINE", "PaperSpace": null, "SubClasses": null, "Linetype": null, "EntityHandle": "3C7", "Text": null }, "geometry": { "type": "LineString", "coordinates": [ [ -73.994479720079582, 40.676583097706391, 0.0 ], [ -73.994477455015982, 40.676586759234674, 0.0 ] ] } },
{ "type": "Feature", "properties": { "Layer": "DRAWINGS$OUTLINE", "PaperSpace": null, "SubClasses": null, "Linetype": null, "EntityHandle": "3C8", "Text": null }, "geometry": { "type": "LineString", "coordinates": [ [ -73.994477455015982, 40.676586759234674, 0.0 ], [ -73.994475192914507, 40.676590421799958, 0.0 ] ] } },
{ "type": "Feature", "properties": { "Layer": "DRAWINGS$OUTLINE", "PaperSpace": null, "SubClasses": null, "Linetype": null, "EntityHandle": "3C9", "Text": null }, "geometry": { "type": "LineString", "coordinates": [ [ -73.994475192914507, 40.676590421799958, 0.0 ], [ -73.994472933678267, 40.67659408543048, 0.0 ] ] } },
{ "type": "Feature", "properties": { "Layer": "DRAWINGS$OUTLINE", "PaperSpace": null, "SubClasses": null, "Linetype": null, "EntityHandle": "3CA", "Text": null }, "geometry": { "type": "LineString", "coordinates": [ [ -73.994472933678267, 40.67659408543048, 0.0 ], [ -73.994470677239619, 40.676597750051386, 0.0 ] ] } },
{ "type": "Feature", "properties": { "Layer": "DRAWINGS$OUTLINE", "PaperSpace": null, "SubClasses": null, "Linetype": null, "EntityHandle": "3CB", "Text": null }, "geometry": { "type": "LineString", "coordinates": [ [ -73.994470677239619, 40.676597750051386, 0.0 ], [ -73.994468423508138, 40.676601415619075, 0.0 ] ] } },
{ "type": "Feature", "properties": { "Layer": "DRAWINGS$OUTLINE", "PaperSpace": null, "SubClasses": null, "Linetype": null, "EntityHandle": "3CC", "Text": null }, "geometry": { "type": "LineString", "coordinates": [ [ -73.994468423508138, 40.676601415619075, 0.0 ], [ -73.994466172382303, 40.67660508210794, 0.0 ] ] } },
{ "type": "Feature", "properties": { "Layer": "DRAWINGS$OUTLINE", "PaperSpace": null, "SubClasses": null, "Linetype": null, "EntityHandle": "3CD", "Text": null }, "geometry": { "type": "LineString", "coordinates": [ [ -73.994466172382303, 40.67660508210794, 0.0 ], [ -73.994463923754552, 40.676608749502272, 0.0 ] ] } },
{ "type": "Feature", "properties": { "Layer": "DRAWINGS$OUTLINE", "PaperSpace": null, "SubClasses": null, "Linetype": null, "EntityHandle": "3CE", "Text": null }, "geometry": { "type": "LineString", "coordinates": [ [ -73.994463923754552, 40.676608749502272, 0.0 ], [ -73.994461677537856, 40.676612417752942, 0.0 ] ] } },
{ "type": "Feature", "properties": { "Layer": "DRAWINGS$OUTLINE", "PaperSpace": null, "SubClasses": null, "Linetype": null, "EntityHandle": "3CF", "Text": null }, "geometry": { "type": "LineString", "coordinates": [ [ -73.994461677537856, 40.676612417752942, 0.0 ], [ -73.99445943363655, 40.676616086824978, 0.0 ] ] } },
{ "type": "Feature", "properties": { "Layer": "DRAWINGS$OUTLINE", "PaperSpace": null, "SubClasses": null, "Linetype": null, "EntityHandle": "3D0", "Text": null }, "geometry": { "type": "LineString", "coordinates": [ [ -73.99445943363655, 40.676616086824978, 0.0 ], [ -73.994457191954865, 40.676619756683415, 0.0 ] ] } },
{ "type": "Feature", "properties": { "Layer": "DRAWINGS$OUTLINE", "PaperSpace": null, "SubClasses": null, "Linetype": null, "EntityHandle": "3D1", "Text": null }, "geometry": { "type": "LineString", "coordinates": [ [ -73.994457191954865, 40.676619756683415, 0.0 ], [ -73.994454952397007, 40.676623427293435, 0.0 ] ] } },
{ "type": "Feature", "properties": { "Layer": "DRAWINGS$OUTLINE", "PaperSpace": null, "SubClasses": null, "Linetype": null, "EntityHandle": "3D2", "Text": null }, "geometry": { "type": "LineString", "coordinates": [ [ -73.994454952397007, 40.676623427293435, 0.0 ], [ -73.994452714867109, 40.676627098620308, 0.0 ] ] } },
{ "type": "Feature", "properties": { "Layer": "DRAWINGS$OUTLINE", "PaperSpace": null, "SubClasses": null, "Linetype": null, "EntityHandle": "3D3", "Text": null }, "geometry": { "type": "LineString", "coordinates": [ [ -73.994452714867109, 40.676627098620308, 0.0 ], [ -73.994450479247718, 40.676630770664751, 0.0 ] ] } },
{ "type": "Feature", "properties": { "Layer": "DRAWINGS$OUTLINE", "PaperSpace": null, "SubClasses": null, "Linetype": null, "EntityHandle": "3D4", "Text": null }, "geometry": { "type": "LineString", "coordinates": [ [ -73.994450479247718, 40.676630770664751, 0.0 ], [ -73.994448245484932, 40.676634443323181, 0.0 ] ] } },
{ "type": "Feature", "properties": { "Layer": "DRAWINGS$OUTLINE", "PaperSpace": null, "SubClasses": null, "Linetype": null, "EntityHandle": "3D5", "Text": null }, "geometry": { "type": "LineString", "coordinates": [ [ -73.994448245484932, 40.676634443323181, 0.0 ], [ -73.994446013484165, 40.676638116558578, 0.0 ] ] } },
{ "type": "Feature", "properties": { "Layer": "DRAWINGS$OUTLINE", "PaperSpace": null, "SubClasses": null, "Linetype": null, "EntityHandle": "3D6", "Text": null }, "geometry": { "type": "LineString", "coordinates": [ [ -73.994446013484165, 40.676638116558578, 0.0 ], [ -73.99444378309289, 40.676641790407054, 0.0 ] ] } },
{ "type": "Feature", "properties": { "Layer": "DRAWINGS$OUTLINE", "PaperSpace": null, "SubClasses": null, "Linetype": null, "EntityHandle": "3D7", "Text": null }, "geometry": { "type": "LineString", "coordinates": [ [ -73.99444378309289, 40.676641790407054, 0.0 ], [ -73.994441554169555, 40.676645464762913, 0.0 ] ] } },
{ "type": "Feature", "properties": { "Layer": "DRAWINGS$OUTLINE", "PaperSpace": null, "SubClasses": null, "Linetype": null, "EntityHandle": "3D8", "Text": null }, "geometry": { "type": "LineString", "coordinates": [ [ -73.994441554169555, 40.676645464762913, 0.0 ], [ -73.994439326498792, 40.676649139600997, 0.0 ] ] } },
{ "type": "Feature", "properties": { "Layer": "DRAWINGS$OUTLINE", "PaperSpace": null, "SubClasses": null, "Linetype": null, "EntityHandle": "3D9", "Text": null }, "geometry": { "type": "LineString", "coordinates": [ [ -73.994439326498792, 40.676649139600997, 0.0 ], [ -73.994437099917377, 40.676652814810097, 0.0 ] ] } },
{ "type": "Feature", "properties": { "Layer": "DRAWINGS$OUTLINE", "PaperSpace": null, "SubClasses": null, "Linetype": null, "EntityHandle": "3DA", "Text": null }, "geometry": { "type": "LineString", "coordinates": [ [ -73.994437099917377, 40.676652814810097, 0.0 ], [ -73.994434874241776, 40.67665649031246, 0.0 ] ] } },
{ "type": "Feature", "properties": { "Layer": "DRAWINGS$OUTLINE", "PaperSpace": null, "SubClasses": null, "Linetype": null, "EntityHandle": "3DB", "Text": null }, "geometry": { "type": "LineString", "coordinates": [ [ -73.994434874241776, 40.67665649031246, 0.0 ], [ -73.994432649282132, 40.676660166040726, 0.0 ] ] } },
{ "type": "Feature", "properties": { "Layer": "DRAWINGS$OUTLINE", "PaperSpace": null, "SubClasses": null, "Linetype": null, "EntityHandle": "3DC", "Text": null }, "geometry": { "type": "LineString", "coordinates": [ [ -73.994432649282132, 40.676660166040726, 0.0 ], [ -73.99443042484657, 40.676663841935515, 0.0 ] ] } },
{ "type": "Feature", "properties": { "Layer": "DRAWINGS$OUTLINE", "PaperSpace": null, "SubClasses": null, "Linetype": null, "EntityHandle": "3DD", "Text": null }, "geometry": { "type": "LineString", "coordinates": [ [ -73.99443042484657, 40.676663841935515, 0.0 ], [ -73.994428200794786, 40.676667518014227, 0.0 ] ] } },
{ "type": "Feature", "properties": { "Layer": "DRAWINGS$OUTLINE", "PaperSpace": null, "SubClasses": null, "Linetype": null, "EntityHandle": "3DE", "Text": null }, "geometry": { "type": "LineString", "coordinates": [ [ -73.994428200794786, 40.676667518014227, 0.0 ], [ -73.994425976742306, 40.67667119407848, 0.0 ] ] } },
{ "type": "Feature", "properties": { "Layer": "DRAWINGS$OUTLINE", "PaperSpace": null, "SubClasses": null, "Linetype": null, "EntityHandle": "3DF", "Text": null }, "geometry": { "type": "LineString", "coordinates": [ [ -73.994425976742306, 40.67667119407848, 0.0 ], [ -73.994423752096026, 40.676674869981298, 0.0 ] ] } },
{ "type": "Feature", "properties": { "Layer": "DRAWINGS$OUTLINE", "PaperSpace": null, "SubClasses": null, "Linetype": null, "EntityHandle": "3E0", "Text": null }, "geometry": { "type": "LineString", "coordinates": [ [ -73.994423752096026, 40.676674869981298, 0.0 ], [ -73.994421526327898, 40.676678545468256, 0.0 ] ] } },
{ "type": "Feature", "properties": { "Layer": "DRAWINGS$OUTLINE", "PaperSpace": null, "SubClasses": null, "Linetype": null, "EntityHandle": "3E1", "Text": null }, "geometry": { "type": "LineString", "coordinates": [ [ -73.994421526327898, 40.676678545468256, 0.0 ], [ -73.994419298875428, 40.676682220341803, 0.0 ] ] } },
{ "type": "Feature", "properties": { "Layer": "DRAWINGS$OUTLINE", "PaperSpace": null, "SubClasses": null, "Linetype": null, "EntityHandle": "3E2", "Text": null }, "geometry": { "type": "LineString", "coordinates": [ [ -73.994419298875428, 40.676682220341803, 0.0 ], [ -73.994417069176137, 40.676685894404372, 0.0 ] ] } },
{ "type": "Feature", "properties": { "Layer": "DRAWINGS$OUTLINE", "PaperSpace": null, "SubClasses": null, "Linetype": null, "EntityHandle": "3E3", "Text": null }, "geometry": { "type": "LineString", "coordinates": [ [ -73.994417069176137, 40.676685894404372, 0.0 ], [ -73.994414836668895, 40.676689567474426, 0.0 ] ] } },
{ "type": "Feature", "properties": { "Layer": "DRAWINGS$OUTLINE", "PaperSpace": null, "SubClasses": null, "Linetype": null, "EntityHandle": "3E4", "Text": null }, "geometry": { "type": "LineString", "coordinates": [ [ -73.994414836668895, 40.676689567474426, 0.0 ], [ -73.994412600796082, 40.676693239386076, 0.0 ] ] } },
{ "type": "Feature", "properties": { "Layer": "DRAWINGS$OUTLINE", "PaperSpace": null, "SubClasses": null, "Linetype": null, "EntityHandle": "3E5", "Text": null }, "geometry": { "type": "LineString", "coordinates": [ [ -73.994412600796082, 40.676693239386076, 0.0 ], [ -73.994410360680519, 40.676696909809159, 0.0 ] ] } },
{ "type": "Feature", "properties": { "Layer": "DRAWINGS$OUTLINE", "PaperSpace": null, "SubClasses": null, "Linetype": null, "EntityHandle": "3E6", "Text": null }, "geometry": { "type": "LineString", "coordinates": [ [ -73.994410360680519, 40.676696909809159, 0.0 ], [ -73.994408115370746, 40.676700578382466, 0.0 ] ] } },
{ "type": "Feature", "properties": { "Layer": "DRAWINGS$OUTLINE", "PaperSpace": null, "SubClasses": null, "Linetype": null, "EntityHandle": "3E7", "Text": null }, "geometry": { "type": "LineString", "coordinates": [ [ -73.994408115370746, 40.676700578382466, 0.0 ], [ -73.994405863901662, 40.676704244766981, 0.0 ] ] } },
{ "type": "Feature", "properties": { "Layer": "DRAWINGS$OUTLINE", "PaperSpace": null, "SubClasses": null, "Linetype": null, "EntityHandle": "3E8", "Text": null }, "geometry": { "type": "LineString", "coordinates": [ [ -73.994405863901662, 40.676704244766981, 0.0 ], [ -73.994403605296611, 40.676707908642072, 0.0 ] ] } },
{ "type": "Feature", "properties": { "Layer": "DRAWINGS$OUTLINE", "PaperSpace": null, "SubClasses": null, "Linetype": null, "EntityHandle": "3E9", "Text": null }, "geometry": { "type": "LineString", "coordinates": [ [ -73.994403605296611, 40.676707908642072, 0.0 ], [ -73.994401338638454, 40.676711569590459, 0.0 ] ] } },
{ "type": "Feature", "properties": { "Layer": "DRAWINGS$OUTLINE", "PaperSpace": null, "SubClasses": null, "Linetype": null, "EntityHandle": "3EA", "Text": null }, "geometry": { "type": "LineString", "coordinates": [ [ -73.994401338638454, 40.676711569590459, 0.0 ], [ -73.99439906298187, 40.676715227271814, 0.0 ] ] } },
{ "type": "Feature", "properties": { "Layer": "DRAWINGS$OUTLINE", "PaperSpace": null, "SubClasses": null, "Linetype": null, "EntityHandle": "3EB", "Text": null }, "geometry": { "type": "LineString", "coordinates": [ [ -73.99439906298187, 40.676715227271814, 0.0 ], [ -73.994396776613911, 40.676718881124437, 0.0 ] ] } },
{ "type": "Feature", "properties": { "Layer": "DRAWINGS$OUTLINE", "PaperSpace": null, "SubClasses": null, "Linetype": null, "EntityHandle": "3EC", "Text": null }, "geometry": { "type": "LineString", "coordinates": [ [ -73.994396776613911, 40.676718881124437, 0.0 ], [ -73.994394474642945, 40.676722529283936, 0.0 ] ] } },
{ "type": "Feature", "properties": { "Layer": "DRAWINGS$OUTLINE", "PaperSpace": null, "SubClasses": null, "Linetype": null, "EntityHandle": "3ED", "Text": null }, "geometry": { "type": "LineString", "coordinates": [ [ -73.994394474642945, 40.676722529283936, 0.0 ], [ -73.994392151505451, 40.676726169656199, 0.0 ] ] } },
{ "type": "Feature", "properties": { "Layer": "DRAWINGS$OUTLINE", "PaperSpace": null, "SubClasses": null, "Linetype": null, "EntityHandle": "3EE", "Text": null }, "geometry": { "type": "LineString", "coordinates": [ [ -73.994392151505451, 40.676726169656199, 0.0 ], [ -73.994389800337487, 40.676729799566751, 0.0 ] ] } },
{ "type": "Feature", "properties": { "Layer": "DRAWINGS$OUTLINE", "PaperSpace": null, "SubClasses": null, "Linetype": null, "EntityHandle": "3EF", "Text": null }, "geometry": { "type": "LineString", "coordinates": [ [ -73.994389800337487, 40.676729799566751, 0.0 ], [ -73.994387403700912, 40.676733412200178, 0.0 ] ] } },
{ "type": "Feature", "properties": { "Layer": "DRAWINGS$OUTLINE", "PaperSpace": null, "SubClasses": null, "Linetype": null, "EntityHandle": "3F0", "Text": null }, "geometry": { "type": "LineString", "coordinates": [ [ -73.994387403700912, 40.676733412200178, 0.0 ], [ -73.994384921543002, 40.676736991094444, 0.0 ] ] } },
{ "type": "Feature", "properties": { "Layer": "DRAWINGS$OUTLINE", "PaperSpace": null, "SubClasses": null, "Linetype": null, "EntityHandle": "3F1", "Text": null }, "geometry": { "type": "LineString", "coordinates": [ [ -73.994384921543002, 40.676736991094444, 0.0 ], [ -73.994382263525821, 40.676740495746031, 0.0 ] ] } },
{ "type": "Feature", "properties": { "Layer": "DRAWINGS$OUTLINE", "PaperSpace": null, "SubClasses": null, "Linetype": null, "EntityHandle": "3F2", "Text": null }, "geometry": { "type": "LineString", "coordinates": [ [ -73.994382263525821, 40.676740495746031, 0.0 ], [ -73.994377875797554, 40.676742229734685, 0.0 ] ] } },
{ "type": "Feature", "properties": { "Layer": "DRAWINGS$OUTLINE", "PaperSpace": null, "SubClasses": null, "Linetype": null, "EntityHandle": "3F3", "Text": null }, "geometry": { "type": "LineString", "coordinates": [ [ -73.994377875797554, 40.676742229734685, 0.0 ], [ -73.994372774857084, 40.676741129588827, 0.0 ] ] } },
{ "type": "Feature", "properties": { "Layer": "DRAWINGS$OUTLINE", "PaperSpace": null, "SubClasses": null, "Linetype": null, "EntityHandle": "3F4", "Text": null }, "geometry": { "type": "LineString", "coordinates": [ [ -73.994372774857084, 40.676741129588827, 0.0 ], [ -73.994367904582077, 40.67673950921224, 0.0 ] ] } },
{ "type": "Feature", "properties": { "Layer": "DRAWINGS$OUTLINE", "PaperSpace": null, "SubClasses": null, "Linetype": null, "EntityHandle": "3F5", "Text": null }, "geometry": { "type": "LineString", "coordinates": [ [ -73.994367904582077, 40.67673950921224, 0.0 ], [ -73.994363137151282, 40.676737718961128, 0.0 ] ] } },
{ "type": "Feature", "properties": { "Layer": "DRAWINGS$OUTLINE", "PaperSpace": null, "SubClasses": null, "Linetype": null, "EntityHandle": "3F6", "Text": null }, "geometry": { "type": "LineString", "coordinates": [ [ -73.994363137151282, 40.676737718961128, 0.0 ], [ -73.994358425304512, 40.676735845049464, 0.0 ] ] } },
{ "type": "Feature", "properties": { "Layer": "DRAWINGS$OUTLINE", "PaperSpace": null, "SubClasses": null, "Linetype": null, "EntityHandle": "3F7", "Text": null }, "geometry": { "type": "LineString", "coordinates": [ [ -73.994358425304512, 40.676735845049464, 0.0 ], [ -73.994353747519241, 40.676733922238782, 0.0 ] ] } },
{ "type": "Feature", "properties": { "Layer": "DRAWINGS$OUTLINE", "PaperSpace": null, "SubClasses": null, "Linetype": null, "EntityHandle": "3F8", "Text": null }, "geometry": { "type": "LineString", "coordinates": [ [ -73.994353747519241, 40.676733922238782, 0.0 ], [ -73.994349092809628, 40.676731967269482, 0.0 ] ] } },
{ "type": "Feature", "properties": { "Layer": "DRAWINGS$OUTLINE", "PaperSpace": null, "SubClasses": null, "Linetype": null, "EntityHandle": "3F9", "Text": null }, "geometry": { "type": "LineString", "coordinates": [ [ -73.994349092809628, 40.676731967269482, 0.0 ], [ -73.994344454788234, 40.676729989445541, 0.0 ] ] } },
{ "type": "Feature", "properties": { "Layer": "DRAWINGS$OUTLINE", "PaperSpace": null, "SubClasses": null, "Linetype": null, "EntityHandle": "3FA", "Text": null }, "geometry": { "type": "LineString", "coordinates": [ [ -73.994344454788234, 40.676729989445541, 0.0 ], [ -73.99433982765774, 40.676727996850147, 0.0 ] ] } },
{ "type": "Feature", "properties": { "Layer": "DRAWINGS$OUTLINE", "PaperSpace": null, "SubClasses": null, "Linetype": null, "EntityHandle": "3FB", "Text": null }, "geometry": { "type": "LineString", "coordinates": [ [ -73.99433982765774, 40.676727996850147, 0.0 ], [ -73.994335209799559, 40.676725991826672, 0.0 ] ] } },
{ "type": "Feature", "properties": { "Layer": "DRAWINGS$OUTLINE", "PaperSpace": null, "SubClasses": null, "Linetype": null, "EntityHandle": "3FC", "Text": null }, "geometry": { "type": "LineString", "coordinates": [ [ -73.994335209799559, 40.676725991826672, 0.0 ], [ -73.994330600269805, 40.676723975745738, 0.0 ] ] } },
{ "type": "Feature", "properties": { "Layer": "DRAWINGS$OUTLINE", "PaperSpace": null, "SubClasses": null, "Linetype": null, "EntityHandle": "3FD", "Text": null }, "geometry": { "type": "LineString", "coordinates": [ [ -73.994330600269805, 40.676723975745738, 0.0 ], [ -73.99432599601478, 40.676721952693377, 0.0 ] ] } },
{ "type": "Feature", "properties": { "Layer": "DRAWINGS$OUTLINE", "PaperSpace": null, "SubClasses": null, "Linetype": null, "EntityHandle": "3FE", "Text": null }, "geometry": { "type": "LineString", "coordinates": [ [ -73.99432599601478, 40.676721952693377, 0.0 ], [ -73.994321396973504, 40.676719922706006, 0.0 ] ] } },
{ "type": "Feature", "properties": { "Layer": "DRAWINGS$OUTLINE", "PaperSpace": null, "SubClasses": null, "Linetype": null, "EntityHandle": "3FF", "Text": null }, "geometry": { "type": "LineString", "coordinates": [ [ -73.994321396973504, 40.676719922706006, 0.0 ], [ -73.99431680273581, 40.676717886478578, 0.0 ] ] } },
{ "type": "Feature", "properties": { "Layer": "DRAWINGS$OUTLINE", "PaperSpace": null, "SubClasses": null, "Linetype": null, "EntityHandle": "400", "Text": null }, "geometry": { "type": "LineString", "coordinates": [ [ -73.99431680273581, 40.676717886478578, 0.0 ], [ -73.994312212782731, 40.676715844657991, 0.0 ] ] } },
{ "type": "Feature", "properties": { "Layer": "DRAWINGS$OUTLINE", "PaperSpace": null, "SubClasses": null, "Linetype": null, "EntityHandle": "401", "Text": null }, "geometry": { "type": "LineString", "coordinates": [ [ -73.994312212782731, 40.676715844657991, 0.0 ], [ -73.99430762657822, 40.676713797883096, 0.0 ] ] } },
{ "type": "Feature", "properties": { "Layer": "DRAWINGS$OUTLINE", "PaperSpace": null, "SubClasses": null, "Linetype": null, "EntityHandle": "402", "Text": null }, "geometry": { "type": "LineString", "coordinates": [ [ -73.99430762657822, 40.676713797883096, 0.0 ], [ -73.994303043753703, 40.676711746867447, 0.0 ] ] } },
{ "type": "Feature", "properties": { "Layer": "DRAWINGS$OUTLINE", "PaperSpace": null, "SubClasses": null, "Linetype": null, "EntityHandle": "403", "Text": null }, "geometry": { "type": "LineString", "coordinates": [ [ -73.994303043753703, 40.676711746867447, 0.0 ], [ -73.994298463825601, 40.676709692093986, 0.0 ] ] } },
{ "type": "Feature", "properties": { "Layer": "DRAWINGS$OUTLINE", "PaperSpace": null, "SubClasses": null, "Linetype": null, "EntityHandle": "404", "Text": null }, "geometry": { "type": "LineString", "coordinates": [ [ -73.994298463825601, 40.676709692093986, 0.0 ], [ -73.994293886736912, 40.676707633601893, 0.0 ] ] } },
{ "type": "Feature", "properties": { "Layer": "DRAWINGS$OUTLINE", "PaperSpace": null, "SubClasses": null, "Linetype": null, "EntityHandle": "405", "Text": null }, "geometry": { "type": "LineString", "coordinates": [ [ -73.994293886736912, 40.676707633601893, 0.0 ], [ -73.994289312415148, 40.676705571520209, 0.0 ] ] } },
{ "type": "Feature", "properties": { "Layer": "DRAWINGS$OUTLINE", "PaperSpace": null, "SubClasses": null, "Linetype": null, "EntityHandle": "406", "Text": null }, "geometry": { "type": "LineString", "coordinates": [ [ -73.994289312415148, 40.676705571520209, 0.0 ], [ -73.994284740775868, 40.676703505987746, 0.0 ] ] } },
{ "type": "Feature", "properties": { "Layer": "DRAWINGS$OUTLINE", "PaperSpace": null, "SubClasses": null, "Linetype": null, "EntityHandle": "407", "Text": null }, "geometry": { "type": "LineString", "coordinates": [ [ -73.994284740775868, 40.676703505987746, 0.0 ], [ -73.994280171734559, 40.676701437143294, 0.0 ] ] } },
{ "type": "Feature", "properties": { "Layer": "DRAWINGS$OUTLINE", "PaperSpace": null, "SubClasses": null, "Linetype": null, "EntityHandle": "408", "Text": null }, "geometry": { "type": "LineString", "coordinates": [ [ -73.994280171734559, 40.676701437143294, 0.0 ], [ -73.994275605202333, 40.676699365123675, 0.0 ] ] } },
{ "type": "Feature", "properties": { "Layer": "DRAWINGS$OUTLINE", "PaperSpace": null, "SubClasses": null, "Linetype": null, "EntityHandle": "409", "Text": null }, "geometry": { "type": "LineString", "coordinates": [ [ -73.994275605202333, 40.676699365123675, 0.0 ], [ -73.994271041087003, 40.676697290064197, 0.0 ] ] } },
{ "type": "Feature", "properties": { "Layer": "DRAWINGS$OUTLINE", "PaperSpace": null, "SubClasses": null, "Linetype": null, "EntityHandle": "40A", "Text": null }, "geometry": { "type": "LineString", "coordinates": [ [ -73.994271041087003, 40.676697290064197, 0.0 ], [ -73.994266479268518, 40.67669521202459, 0.0 ] ] } },
{ "type": "Feature", "properties": { "Layer": "DRAWINGS$OUTLINE", "PaperSpace": null, "SubClasses": null, "Linetype": null, "EntityHandle": "40B", "Text": null }, "geometry": { "type": "LineString", "coordinates": [ [ -73.994266479268518, 40.67669521202459, 0.0 ], [ -73.994261919804558, 40.676693130980716, 0.0 ] ] } },
{ "type": "Feature", "properties": { "Layer": "DRAWINGS$OUTLINE", "PaperSpace": null, "SubClasses": null, "Linetype": null, "EntityHandle": "40C", "Text": null }, "geometry": { "type": "LineString", "coordinates": [ [ -73.994261919804558, 40.676693130980716, 0.0 ], [ -73.994257362733947, 40.676691046875014, 0.0 ] ] } },
{ "type": "Feature", "properties": { "Layer": "DRAWINGS$OUTLINE", "PaperSpace": null, "SubClasses": null, "Linetype": null, "EntityHandle": "40D", "Text": null }, "geometry": { "type": "LineString", "coordinates": [ [ -73.994257362733947, 40.676691046875014, 0.0 ], [ -73.994252808122596, 40.676688959662272, 0.0 ] ] } },
{ "type": "Feature", "properties": { "Layer": "DRAWINGS$OUTLINE", "PaperSpace": null, "SubClasses": null, "Linetype": null, "EntityHandle": "40E", "Text": null }, "geometry": { "type": "LineString", "coordinates": [ [ -73.994252808122596, 40.676688959662272, 0.0 ], [ -73.994248256025287, 40.676686869292205, 0.0 ] ] } },
{ "type": "Feature", "properties": { "Layer": "DRAWINGS$OUTLINE", "PaperSpace": null, "SubClasses": null, "Linetype": null, "EntityHandle": "40F", "Text": null }, "geometry": { "type": "LineString", "coordinates": [ [ -73.994248256025287, 40.676686869292205, 0.0 ], [ -73.99424370649669, 40.67668477571452, 0.0 ] ] } },
{ "type": "Feature", "properties": { "Layer": "DRAWINGS$OUTLINE", "PaperSpace": null, "SubClasses": null, "Linetype": null, "EntityHandle": "410", "Text": null }, "geometry": { "type": "LineString", "coordinates": [ [ -73.99424370649669, 40.67668477571452, 0.0 ], [ -73.994239159562014, 40.676682678883935, 0.0 ] ] } },
{ "type": "Feature", "properties": { "Layer": "DRAWINGS$OUTLINE", "PaperSpace": null, "SubClasses": null, "Linetype": null, "EntityHandle": "411", "Text": null }, "geometry": { "type": "LineString", "coordinates": [ [ -73.994239159562014, 40.676682678883935, 0.0 ], [ -73.994234615235143, 40.676680578752716, 0.0 ] ] } },
{ "type": "Feature", "properties": { "Layer": "DRAWINGS$OUTLINE", "PaperSpace": null, "SubClasses": null, "Linetype": null, "EntityHandle": "412", "Text": null }, "geometry": { "type": "LineString", "coordinates": [ [ -73.994234615235143, 40.676680578752716, 0.0 ], [ -73.994230073804573, 40.676678474950016, 0.0 ] ] } },
{ "type": "Feature", "properties": { "Layer": "DRAWINGS$OUTLINE", "PaperSpace": null, "SubClasses": null, "Linetype": null, "EntityHandle": "413", "Text": null }, "geometry": { "type": "LineString", "coordinates": [ [ -73.994230073804573, 40.676678474950016, 0.0 ], [ -73.994225535620998, 40.676676367055059, 0.0 ] ] } },
{ "type": "Feature", "properties": { "Layer": "DRAWINGS$OUTLINE", "PaperSpace": null, "SubClasses": null, "Linetype": null, "EntityHandle": "414", "Text": null }, "geometry": { "type": "LineString", "coordinates": [ [ -73.994225535620998, 40.676676367055059, 0.0 ], [ -73.994221001069974, 40.676674254663141, 0.0 ] ] } },
{ "type": "Feature", "properties": { "Layer": "DRAWINGS$OUTLINE", "PaperSpace": null, "SubClasses": null, "Linetype": null, "EntityHandle": "415", "Text": null }, "geometry": { "type": "LineString", "coordinates": [ [ -73.994221001069974, 40.676674254663141, 0.0 ], [ -73.994216470514601, 40.676672137359233, 0.0 ] ] } },
{ "type": "Feature", "properties": { "Layer": "DRAWINGS$OUTLINE", "PaperSpace": null, "SubClasses": null, "Linetype": null, "EntityHandle": "416", "Text": null }, "geometry": { "type": "LineString", "coordinates": [ [ -73.994216470514601, 40.676672137359233, 0.0 ], [ -73.994211944270248, 40.676670014705941, 0.0 ] ] } },
{ "type": "Feature", "properties": { "Layer": "DRAWINGS$OUTLINE", "PaperSpace": null, "SubClasses": null, "Linetype": null, "EntityHandle": "417", "Text": null }, "geometry": { "type": "LineString", "coordinates": [ [ -73.994211944270248, 40.676670014705941, 0.0 ], [ -73.994207422833483, 40.676667886241397, 0.0 ] ] } },
{ "type": "Feature", "properties": { "Layer": "DRAWINGS$OUTLINE", "PaperSpace": null, "SubClasses": null, "Linetype": null, "EntityHandle": "418", "Text": null }, "geometry": { "type": "LineString", "coordinates": [ [ -73.994207422833483, 40.676667886241397, 0.0 ], [ -73.994202905809047, 40.676665752224579, 0.0 ] ] } },
{ "type": "Feature", "properties": { "Layer": "DRAWINGS$OUTLINE", "PaperSpace": null, "SubClasses": null, "Linetype": null, "EntityHandle": "419", "Text": null }, "geometry": { "type": "LineString", "coordinates": [ [ -73.994202905809047, 40.676665752224579, 0.0 ], [ -73.994198392064376, 40.676663614208586, 0.0 ] ] } },
{ "type": "Feature", "properties": { "Layer": "DRAWINGS$OUTLINE", "PaperSpace": null, "SubClasses": null, "Linetype": null, "EntityHandle": "41A", "Text": null }, "geometry": { "type": "LineString", "coordinates": [ [ -73.994198392064376, 40.676663614208586, 0.0 ], [ -73.994193879999401, 40.676661474133383, 0.0 ] ] } },
{ "type": "Feature", "properties": { "Layer": "DRAWINGS$OUTLINE", "PaperSpace": null, "SubClasses": null, "Linetype": null, "EntityHandle": "41B", "Text": null }, "geometry": { "type": "LineString", "coordinates": [ [ -73.994193879999401, 40.676661474133383, 0.0 ], [ -73.994189367070717, 40.676659335110003, 0.0 ] ] } },
{ "type": "Feature", "properties": { "Layer": "DRAWINGS$OUTLINE", "PaperSpace": null, "SubClasses": null, "Linetype": null, "EntityHandle": "41C", "Text": null }, "geometry": { "type": "LineString", "coordinates": [ [ -73.994189367070717, 40.676659335110003, 0.0 ], [ -73.994184850537223, 40.676657200548114, 0.0 ] ] } },
{ "type": "Feature", "properties": { "Layer": "DRAWINGS$OUTLINE", "PaperSpace": null, "SubClasses": null, "Linetype": null, "EntityHandle": "41D", "Text": null }, "geometry": { "type": "LineString", "coordinates": [ [ -73.994184850537223, 40.676657200548114, 0.0 ], [ -73.994180326407786, 40.676655075237328, 0.0 ] ] } },
{ "type": "Feature", "properties": { "Layer": "DRAWINGS$OUTLINE", "PaperSpace": null, "SubClasses": null, "Linetype": null, "EntityHandle": "41E", "Text": null }, "geometry": { "type": "LineString", "coordinates": [ [ -73.994180326407786, 40.676655075237328, 0.0 ], [ -73.994175790023974, 40.676652965177709, 0.0 ] ] } },
{ "type": "Feature", "properties": { "Layer": "DRAWINGS$OUTLINE", "PaperSpace": null, "SubClasses": null, "Linetype": null, "EntityHandle": "41F", "Text": null }, "geometry": { "type": "LineString", "coordinates": [ [ -73.994175790023974, 40.676652965177709, 0.0 ], [ -73.994171236546364, 40.676650876573348, 0.0 ] ] } },
{ "type": "Feature", "properties": { "Layer": "DRAWINGS$OUTLINE", "PaperSpace": null, "SubClasses": null, "Linetype": null, "EntityHandle": "420", "Text": null }, "geometry": { "type": "LineString", "coordinates": [ [ -73.994171236546364, 40.676650876573348, 0.0 ], [ -73.994166660860415, 40.676648816243123, 0.0 ] ] } },
{ "type": "Feature", "properties": { "Layer": "DRAWINGS$OUTLINE", "PaperSpace": null, "SubClasses": null, "Linetype": null, "EntityHandle": "421", "Text": null }, "geometry": { "type": "LineString", "coordinates": [ [ -73.994166660860415, 40.676648816243123, 0.0 ], [ -73.994162057678054, 40.676646791820836, 0.0 ] ] } },
{ "type": "Feature", "properties": { "Layer": "DRAWINGS$OUTLINE", "PaperSpace": null, "SubClasses": null, "Linetype": null, "EntityHandle": "422", "Text": null }, "geometry": { "type": "LineString", "coordinates": [ [ -73.994162057678054, 40.676646791820836, 0.0 ], [ -73.994157422936425, 40.676644809627874, 0.0 ] ] } },
{ "type": "Feature", "properties": { "Layer": "DRAWINGS$OUTLINE", "PaperSpace": null, "SubClasses": null, "Linetype": null, "EntityHandle": "423", "Text": null }, "geometry": { "type": "LineString", "coordinates": [ [ -73.994157422936425, 40.676644809627874, 0.0 ], [ -73.994152753967867, 40.676642874537819, 0.0 ] ] } },
{ "type": "Feature", "properties": { "Layer": "DRAWINGS$OUTLINE", "PaperSpace": null, "SubClasses": null, "Linetype": null, "EntityHandle": "424", "Text": null }, "geometry": { "type": "LineString", "coordinates": [ [ -73.994152753967867, 40.676642874537819, 0.0 ], [ -73.994148049638525, 40.676640989723225, 0.0 ] ] } },
{ "type": "Feature", "properties": { "Layer": "DRAWINGS$OUTLINE", "PaperSpace": null, "SubClasses": null, "Linetype": null, "EntityHandle": "425", "Text": null }, "geometry": { "type": "LineString", "coordinates": [ [ -73.994148049638525, 40.676640989723225, 0.0 ], [ -73.994143310449388, 40.676639156184926, 0.0 ] ] } },
{ "type": "Feature", "properties": { "Layer": "DRAWINGS$OUTLINE", "PaperSpace": null, "SubClasses": null, "Linetype": null, "EntityHandle": "426", "Text": null }, "geometry": { "type": "LineString", "coordinates": [ [ -73.994143310449388, 40.676639156184926, 0.0 ], [ -73.994138538350271, 40.676637372838513, 0.0 ] ] } },
{ "type": "Feature", "properties": { "Layer": "DRAWINGS$OUTLINE", "PaperSpace": null, "SubClasses": null, "Linetype": null, "EntityHandle": "427", "Text": null }, "geometry": { "type": "LineString", "coordinates": [ [ -73.994138538350271, 40.676637372838513, 0.0 ], [ -73.994133736060789, 40.676635637077851, 0.0 ] ] } },
{ "type": "Feature", "properties": { "Layer": "DRAWINGS$OUTLINE", "PaperSpace": null, "SubClasses": null, "Linetype": null, "EntityHandle": "428", "Text": null }, "geometry": { "type": "LineString", "coordinates": [ [ -73.994133736060789, 40.676635637077851, 0.0 ], [ -73.994128906819071, 40.676633945222761, 0.0 ] ] } },
{ "type": "Feature", "properties": { "Layer": "DRAWINGS$OUTLINE", "PaperSpace": null, "SubClasses": null, "Linetype": null, "EntityHandle": "429", "Text": null }, "geometry": { "type": "LineString", "coordinates": [ [ -73.994128906819071, 40.676633945222761, 0.0 ], [ -73.994124053777085, 40.676632293304174, 0.0 ] ] } },
{ "type": "Feature", "properties": { "Layer": "DRAWINGS$OUTLINE", "PaperSpace": null, "SubClasses": null, "Linetype": null, "EntityHandle": "42A", "Text": null }, "geometry": { "type": "LineString", "coordinates": [ [ -73.994124053777085, 40.676632293304174, 0.0 ], [ -73.994119179993291, 40.676630677176519, 0.0 ] ] } },
{ "type": "Feature", "properties": { "Layer": "DRAWINGS$OUTLINE", "PaperSpace": null, "SubClasses": null, "Linetype": null, "EntityHandle": "42B", "Text": null }, "geometry": { "type": "LineString", "coordinates": [ [ -73.994119179993291, 40.676630677176519, 0.0 ], [ -73.994114288337215, 40.676629092633895, 0.0 ] ] } },
{ "type": "Feature", "properties": { "Layer": "DRAWINGS$OUTLINE", "PaperSpace": null, "SubClasses": null, "Linetype": null, "EntityHandle": "42C", "Text": null }, "geometry": { "type": "LineString", "coordinates": [ [ -73.994114288337215, 40.676629092633895, 0.0 ], [ -73.994109381571107, 40.676627535395937, 0.0 ] ] } },
{ "type": "Feature", "properties": { "Layer": "DRAWINGS$OUTLINE", "PaperSpace": null, "SubClasses": null, "Linetype": null, "EntityHandle": "42D", "Text": null }, "geometry": { "type": "LineString", "coordinates": [ [ -73.994109381571107, 40.676627535395937, 0.0 ], [ -73.994104462414072, 40.676626001020004, 0.0 ] ] } },
{ "type": "Feature", "properties": { "Layer": "DRAWINGS$OUTLINE", "PaperSpace": null, "SubClasses": null, "Linetype": null, "EntityHandle": "42E", "Text": null }, "geometry": { "type": "LineString", "coordinates": [ [ -73.994104462414072, 40.676626001020004, 0.0 ], [ -73.994099532941689, 40.676624485908015, 0.0 ] ] } },
{ "type": "Feature", "properties": { "Layer": "DRAWINGS$OUTLINE", "PaperSpace": null, "SubClasses": null, "Linetype": null, "EntityHandle": "42F", "Text": null }, "geometry": { "type": "LineString", "coordinates": [ [ -73.994099532941689, 40.676624485908015, 0.0 ], [ -73.994094594837819, 40.676622987129278, 0.0 ] ] } },
{ "type": "Feature", "properties": { "Layer": "DRAWINGS$OUTLINE", "PaperSpace": null, "SubClasses": null, "Linetype": null, "EntityHandle": "430", "Text": null }, "geometry": { "type": "LineString", "coordinates": [ [ -73.994094594837819, 40.676622987129278, 0.0 ], [ -73.9940896495402, 40.676621502205123, 0.0 ] ] } },
{ "type": "Feature", "properties": { "Layer": "DRAWINGS$OUTLINE", "PaperSpace": null, "SubClasses": null, "Linetype": null, "EntityHandle": "431", "Text": null }, "geometry": { "type": "LineString", "coordinates": [ [ -73.9940896495402, 40.676621502205123, 0.0 ], [ -73.994084698241622, 40.676620028915934, 0.0 ] ] } },
{ "type": "Feature", "properties": { "Layer": "DRAWINGS$OUTLINE", "PaperSpace": null, "SubClasses": null, "Linetype": null, "EntityHandle": "432", "Text": null }, "geometry": { "type": "LineString", "coordinates": [ [ -73.994084698241622, 40.676620028915934, 0.0 ], [ -73.994079742065153, 40.676618565170259, 0.0 ] ] } },
{ "type": "Feature", "properties": { "Layer": "DRAWINGS$OUTLINE", "PaperSpace": null, "SubClasses": null, "Linetype": null, "EntityHandle": "433", "Text": null }, "geometry": { "type": "LineString", "coordinates": [ [ -73.994079742065153, 40.676618565170259, 0.0 ], [ -73.994074781976096, 40.676617109173606, 0.0 ] ] } },
{ "type": "Feature", "properties": { "Layer": "DRAWINGS$OUTLINE", "PaperSpace": null, "SubClasses": null, "Linetype": null, "EntityHandle": "434", "Text": null }, "geometry": { "type": "LineString", "coordinates": [ [ -73.994074781976096, 40.676617109173606, 0.0 ], [ -73.994069818423426, 40.676615659932288, 0.0 ] ] } },
{ "type": "Feature", "properties": { "Layer": "DRAWINGS$OUTLINE", "PaperSpace": null, "SubClasses": null, "Linetype": null, "EntityHandle": "435", "Text": null }, "geometry": { "type": "LineString", "coordinates": [ [ -73.994069818423426, 40.676615659932288, 0.0 ], [ -73.994064851915738, 40.676614216584959, 0.0 ] ] } },
{ "type": "Feature", "properties": { "Layer": "DRAWINGS$OUTLINE", "PaperSpace": null, "SubClasses": null, "Linetype": null, "EntityHandle": "436", "Text": null }, "geometry": { "type": "LineString", "coordinates": [ [ -73.994064851915738, 40.676614216584959, 0.0 ], [ -73.994059882881245, 40.676612778247033, 0.0 ] ] } },
{ "type": "Feature", "properties": { "Layer": "DRAWINGS$OUTLINE", "PaperSpace": null, "SubClasses": null, "Linetype": null, "EntityHandle": "437", "Text": null }, "geometry": { "type": "LineString", "coordinates": [ [ -73.994059882881245, 40.676612778247033, 0.0 ], [ -73.994054911794663, 40.676611344047515, 0.0 ] ] } },
{ "type": "Feature", "properties": { "Layer": "DRAWINGS$OUTLINE", "PaperSpace": null, "SubClasses": null, "Linetype": null, "EntityHandle": "438", "Text": null }, "geometry": { "type": "LineString", "coordinates": [ [ -73.994054911794663, 40.676611344047515, 0.0 ], [ -73.994049939130718, 40.67660991311535, 0.0 ] ] } },
{ "type": "Feature", "properties": { "Layer": "DRAWINGS$OUTLINE", "PaperSpace": null, "SubClasses": null, "Linetype": null, "EntityHandle": "439", "Text": null }, "geometry": { "type": "LineString", "coordinates": [ [ -73.994049939130718, 40.67660991311535, 0.0 ], [ -73.994044965319802, 40.676608484583902, 0.0 ] ] } },
{ "type": "Feature", "properties": { "Layer": "DRAWINGS$OUTLINE", "PaperSpace": null, "SubClasses": null, "Linetype": null, "EntityHandle": "43A", "Text": null }, "geometry": { "type": "LineString", "coordinates": [ [ -73.994044965319802, 40.676608484583902, 0.0 ], [ -73.994039990496262, 40.676607057979659, 0.0 ] ] } },
{ "type": "Feature", "properties": { "Layer": "DRAWINGS$OUTLINE", "PaperSpace": null, "SubClasses": null, "Linetype": null, "EntityHandle": "43B", "Text": null }, "geometry": { "type": "LineString", "coordinates": [ [ -73.994039990496262, 40.676607057979659, 0.0 ], [ -73.994035014823851, 40.676605633075248, 0.0 ] ] } },
{ "type": "Feature", "properties": { "Layer": "DRAWINGS$OUTLINE", "PaperSpace": null, "SubClasses": null, "Linetype": null, "EntityHandle": "43C", "Text": null }, "geometry": { "type": "LineString", "coordinates": [ [ -73.994035014823851, 40.676605633075248, 0.0 ], [ -73.994030038468892, 40.676604209586507, 0.0 ] ] } },
{ "type": "Feature", "properties": { "Layer": "DRAWINGS$OUTLINE", "PaperSpace": null, "SubClasses": null, "Linetype": null, "EntityHandle": "43D", "Text": null }, "geometry": { "type": "LineString", "coordinates": [ [ -73.994030038468892, 40.676604209586507, 0.0 ], [ -73.994025061553089, 40.676602787216574, 0.0 ] ] } },
{ "type": "Feature", "properties": { "Layer": "DRAWINGS$OUTLINE", "PaperSpace": null, "SubClasses": null, "Linetype": null, "EntityHandle": "43E", "Text": null }, "geometry": { "type": "LineString", "coordinates": [ [ -73.994025061553089, 40.676602787216574, 0.0 ], [ -73.994020084222257, 40.676601365675467, 0.0 ] ] } },
{ "type": "Feature", "properties": { "Layer": "DRAWINGS$OUTLINE", "PaperSpace": null, "SubClasses": null, "Linetype": null, "EntityHandle": "43F", "Text": null }, "geometry": { "type": "LineString", "coordinates": [ [ -73.994020084222257, 40.676601365675467, 0.0 ], [ -73.994015106622157, 40.676599944673235, 0.0 ] ] } },
{ "type": "Feature", "properties": { "Layer": "DRAWINGS$OUTLINE", "PaperSpace": null, "SubClasses": null, "Linetype": null, "EntityHandle": "440", "Text": null }, "geometry": { "type": "LineString", "coordinates": [ [ -73.994015106622157, 40.676599944673235, 0.0 ], [ -73.994010128899177, 40.676598523921136, 0.0 ] ] } },
{ "type": "Feature", "properties": { "Layer": "DRAWINGS$OUTLINE", "PaperSpace": null, "SubClasses": null, "Linetype": null, "EntityHandle": "441", "Text": null }, "geometry": { "type": "LineString", "coordinates": [ [ -73.994010128899177, 40.676598523921136, 0.0 ], [ -73.994005151153203, 40.676597103233696, 0.0 ] ] } },
{ "type": "Feature", "properties": { "Layer": "DRAWINGS$OUTLINE", "PaperSpace": null, "SubClasses": null, "Linetype": null, "EntityHandle": "442", "Text": null }, "geometry": { "type": "LineString", "coordinates": [ [ -73.994005151153203, 40.676597103233696, 0.0 ], [ -73.994000173417902, 40.676595682517537, 0.0 ] ] } },
{ "type": "Feature", "properties": { "Layer": "DRAWINGS$OUTLINE", "PaperSpace": null, "SubClasses": null, "Linetype": null, "EntityHandle": "443", "Text": null }, "geometry": { "type": "LineString", "coordinates": [ [ -73.994000173417902, 40.676595682517537, 0.0 ], [ -73.993995195755986, 40.67659426167085, 0.0 ] ] } },
{ "type": "Feature", "properties": { "Layer": "DRAWINGS$OUTLINE", "PaperSpace": null, "SubClasses": null, "Linetype": null, "EntityHandle": "444", "Text": null }, "geometry": { "type": "LineString", "coordinates": [ [ -73.993995195755986, 40.67659426167085, 0.0 ], [ -73.993990218208339, 40.676592840585549, 0.0 ] ] } },
{ "type": "Feature", "properties": { "Layer": "DRAWINGS$OUTLINE", "PaperSpace": null, "SubClasses": null, "Linetype": null, "EntityHandle": "445", "Text": null }, "geometry": { "type": "LineString", "coordinates": [ [ -73.993990218208339, 40.676592840585549, 0.0 ], [ -73.993985240826007, 40.676591419156466, 0.0 ] ] } },
{ "type": "Feature", "properties": { "Layer": "DRAWINGS$OUTLINE", "PaperSpace": null, "SubClasses": null, "Linetype": null, "EntityHandle": "446", "Text": null }, "geometry": { "type": "LineString", "coordinates": [ [ -73.993985240826007, 40.676591419156466, 0.0 ], [ -73.993980263661086, 40.676589997278768, 0.0 ] ] } },
{ "type": "Feature", "properties": { "Layer": "DRAWINGS$OUTLINE", "PaperSpace": null, "SubClasses": null, "Linetype": null, "EntityHandle": "447", "Text": null }, "geometry": { "type": "LineString", "coordinates": [ [ -73.993980263661086, 40.676589997278768, 0.0 ], [ -73.993975286765647, 40.676588574847464, 0.0 ] ] } },
{ "type": "Feature", "properties": { "Layer": "DRAWINGS$OUTLINE", "PaperSpace": null, "SubClasses": null, "Linetype": null, "EntityHandle": "448", "Text": null }, "geometry": { "type": "LineString", "coordinates": [ [ -73.991477231187218, 40.675117407637721, 0.0 ], [ -73.991481513413291, 40.675113155456671, 0.0 ] ] } },
{ "type": "Feature", "properties": { "Layer": "DRAWINGS$OUTLINE", "PaperSpace": null, "SubClasses": null, "Linetype": null, "EntityHandle": "449", "Text": null }, "geometry": { "type": "LineString", "coordinates": [ [ -73.991481513413291, 40.675113155456671, 0.0 ], [ -73.991485842242795, 40.675108930683855, 0.0 ] ] } },
{ "type": "Feature", "properties": { "Layer": "DRAWINGS$OUTLINE", "PaperSpace": null, "SubClasses": null, "Linetype": null, "EntityHandle": "44A", "Text": null }, "geometry": { "type": "LineString", "coordinates": [ [ -73.991485842242795, 40.675108930683855, 0.0 ], [ -73.991490218919964, 40.675104734681568, 0.0 ] ] } },
{ "type": "Feature", "properties": { "Layer": "DRAWINGS$OUTLINE", "PaperSpace": null, "SubClasses": null, "Linetype": null, "EntityHandle": "44B", "Text": null }, "geometry": { "type": "LineString", "coordinates": [ [ -73.991490218919964, 40.675104734681568, 0.0 ], [ -73.991494656157727, 40.675100575646887, 0.0 ] ] } },
{ "type": "Feature", "properties": { "Layer": "DRAWINGS$OUTLINE", "PaperSpace": null, "SubClasses": null, "Linetype": null, "EntityHandle": "44C", "Text": null }, "geometry": { "type": "LineString", "coordinates": [ [ -73.991494656157727, 40.675100575646887, 0.0 ], [ -73.991499160286466, 40.675096458568603, 0.0 ] ] } },
{ "type": "Feature", "properties": { "Layer": "DRAWINGS$OUTLINE", "PaperSpace": null, "SubClasses": null, "Linetype": null, "EntityHandle": "44D", "Text": null }, "geometry": { "type": "LineString", "coordinates": [ [ -73.991499160286466, 40.675096458568603, 0.0 ], [ -73.99150374440903, 40.675092393013657, 0.0 ] ] } },
{ "type": "Feature", "properties": { "Layer": "DRAWINGS$OUTLINE", "PaperSpace": null, "SubClasses": null, "Linetype": null, "EntityHandle": "44E", "Text": null }, "geometry": { "type": "LineString", "coordinates": [ [ -73.99150374440903, 40.675092393013657, 0.0 ], [ -73.991508421777567, 40.675088389505213, 0.0 ] ] } },
{ "type": "Feature", "properties": { "Layer": "DRAWINGS$OUTLINE", "PaperSpace": null, "SubClasses": null, "Linetype": null, "EntityHandle": "44F", "Text": null }, "geometry": { "type": "LineString", "coordinates": [ [ -73.991508421777567, 40.675088389505213, 0.0 ], [ -73.991513208488399, 40.675084461587069, 0.0 ] ] } },
{ "type": "Feature", "properties": { "Layer": "DRAWINGS$OUTLINE", "PaperSpace": null, "SubClasses": null, "Linetype": null, "EntityHandle": "450", "Text": null }, "geometry": { "type": "LineString", "coordinates": [ [ -73.991513208488399, 40.675084461587069, 0.0 ], [ -73.991518124130167, 40.675080627306471, 0.0 ] ] } },
{ "type": "Feature", "properties": { "Layer": "DRAWINGS$OUTLINE", "PaperSpace": null, "SubClasses": null, "Linetype": null, "EntityHandle": "451", "Text": null }, "geometry": { "type": "LineString", "coordinates": [ [ -73.991518124130167, 40.675080627306471, 0.0 ], [ -73.991523193842767, 40.675076911239501, 0.0 ] ] } },
{ "type": "Feature", "properties": { "Layer": "DRAWINGS$OUTLINE", "PaperSpace": null, "SubClasses": null, "Linetype": null, "EntityHandle": "452", "Text": null }, "geometry": { "type": "LineString", "coordinates": [ [ -73.991523193842767, 40.675076911239501, 0.0 ], [ -73.991528448085887, 40.675073347039095, 0.0 ] ] } },
{ "type": "Feature", "properties": { "Layer": "DRAWINGS$OUTLINE", "PaperSpace": null, "SubClasses": null, "Linetype": null, "EntityHandle": "453", "Text": null }, "geometry": { "type": "LineString", "coordinates": [ [ -73.991528448085887, 40.675073347039095, 0.0 ], [ -73.991533923041231, 40.675069981302144, 0.0 ] ] } },
{ "type": "Feature", "properties": { "Layer": "DRAWINGS$OUTLINE", "PaperSpace": null, "SubClasses": null, "Linetype": null, "EntityHandle": "454", "Text": null }, "geometry": { "type": "LineString", "coordinates": [ [ -73.991533923041231, 40.675069981302144, 0.0 ], [ -73.991539660077706, 40.67506687966943, 0.0 ] ] } },
{ "type": "Feature", "properties": { "Layer": "DRAWINGS$OUTLINE", "PaperSpace": null, "SubClasses": null, "Linetype": null, "EntityHandle": "455", "Text": null }, "geometry": { "type": "LineString", "coordinates": [ [ -73.991539660077706, 40.67506687966943, 0.0 ], [ -73.991545701089578, 40.675064134241737, 0.0 ] ] } },
{ "type": "Feature", "properties": { "Layer": "DRAWINGS$OUTLINE", "PaperSpace": null, "SubClasses": null, "Linetype": null, "EntityHandle": "456", "Text": null }, "geometry": { "type": "LineString", "coordinates": [ [ -73.991545701089578, 40.675064134241737, 0.0 ], [ -73.991552073714033, 40.675061867109818, 0.0 ] ] } },
{ "type": "Feature", "properties": { "Layer": "DRAWINGS$OUTLINE", "PaperSpace": null, "SubClasses": null, "Linetype": null, "EntityHandle": "457", "Text": null }, "geometry": { "type": "LineString", "coordinates": [ [ -73.991552073714033, 40.675061867109818, 0.0 ], [ -73.991558766786824, 40.675060224466961, 0.0 ] ] } },
{ "type": "Feature", "properties": { "Layer": "DRAWINGS$OUTLINE", "PaperSpace": null, "SubClasses": null, "Linetype": null, "EntityHandle": "458", "Text": null }, "geometry": { "type": "LineString", "coordinates": [ [ -73.991558766786824, 40.675060224466961, 0.0 ], [ -73.991565700693016, 40.675059338132861, 0.0 ] ] } },
{ "type": "Feature", "properties": { "Layer": "DRAWINGS$OUTLINE", "PaperSpace": null, "SubClasses": null, "Linetype": null, "EntityHandle": "459", "Text": null }, "geometry": { "type": "LineString", "coordinates": [ [ -73.991565700693016, 40.675059338132861, 0.0 ], [ -73.991572731146519, 40.675059263218159, 0.0 ] ] } },
{ "type": "Feature", "properties": { "Layer": "DRAWINGS$OUTLINE", "PaperSpace": null, "SubClasses": null, "Linetype": null, "EntityHandle": "45A", "Text": null }, "geometry": { "type": "LineString", "coordinates": [ [ -73.991572731146519, 40.675059263218159, 0.0 ], [ -73.991579707449034, 40.675059940285031, 0.0 ] ] } },
{ "type": "Feature", "properties": { "Layer": "DRAWINGS$OUTLINE", "PaperSpace": null, "SubClasses": null, "Linetype": null, "EntityHandle": "45B", "Text": null }, "geometry": { "type": "LineString", "coordinates": [ [ -73.991579707449034, 40.675059940285031, 0.0 ], [ -73.991586536154657, 40.675061227165656, 0.0 ] ] } },
{ "type": "Feature", "properties": { "Layer": "DRAWINGS$OUTLINE", "PaperSpace": null, "SubClasses": null, "Linetype": null, "EntityHandle": "45C", "Text": null }, "geometry": { "type": "LineString", "coordinates": [ [ -73.991586536154657, 40.675061227165656, 0.0 ], [ -73.991593192525485, 40.67506296331932, 0.0 ] ] } },
{ "type": "Feature", "properties": { "Layer": "DRAWINGS$OUTLINE", "PaperSpace": null, "SubClasses": null, "Linetype": null, "EntityHandle": "45D", "Text": null }, "geometry": { "type": "LineString", "coordinates": [ [ -73.991593192525485, 40.67506296331932, 0.0 ], [ -73.991599695835376, 40.675065009967909, 0.0 ] ] } },
{ "type": "Feature", "properties": { "Layer": "DRAWINGS$OUTLINE", "PaperSpace": null, "SubClasses": null, "Linetype": null, "EntityHandle": "45E", "Text": null }, "geometry": { "type": "LineString", "coordinates": [ [ -73.991599695835376, 40.675065009967909, 0.0 ], [ -73.99160608095481, 40.675067262896114, 0.0 ] ] } },
{ "type": "Feature", "properties": { "Layer": "DRAWINGS$OUTLINE", "PaperSpace": null, "SubClasses": null, "Linetype": null, "EntityHandle": "45F", "Text": null }, "geometry": { "type": "LineString", "coordinates": [ [ -73.99160608095481, 40.675067262896114, 0.0 ], [ -73.99161238474224, 40.67506964501559, 0.0 ] ] } },
{ "type": "Feature", "properties": { "Layer": "DRAWINGS$OUTLINE", "PaperSpace": null, "SubClasses": null, "Linetype": null, "EntityHandle": "460", "Text": null }, "geometry": { "type": "LineString", "coordinates": [ [ -73.99161238474224, 40.67506964501559, 0.0 ], [ -73.991618640011595, 40.675072100473791, 0.0 ] ] } },
{ "type": "Feature", "properties": { "Layer": "DRAWINGS$OUTLINE", "PaperSpace": null, "SubClasses": null, "Linetype": null, "EntityHandle": "461", "Text": null }, "geometry": { "type": "LineString", "coordinates": [ [ -73.991618640011595, 40.675072100473791, 0.0 ], [ -73.991624871983319, 40.675074590064625, 0.0 ] ] } },
{ "type": "Feature", "properties": { "Layer": "DRAWINGS$OUTLINE", "PaperSpace": null, "SubClasses": null, "Linetype": null, "EntityHandle": "462", "Text": null }, "geometry": { "type": "LineString", "coordinates": [ [ -73.991624871983319, 40.675074590064625, 0.0 ], [ -73.991631095319562, 40.675077092118364, 0.0 ] ] } },
{ "type": "Feature", "properties": { "Layer": "DRAWINGS$OUTLINE", "PaperSpace": null, "SubClasses": null, "Linetype": null, "EntityHandle": "463", "Text": null }, "geometry": { "type": "LineString", "coordinates": [ [ -73.991631095319562, 40.675077092118364, 0.0 ], [ -73.991637310279557, 40.67507960625057, 0.0 ] ] } },
{ "type": "Feature", "properties": { "Layer": "DRAWINGS$OUTLINE", "PaperSpace": null, "SubClasses": null, "Linetype": null, "EntityHandle": "464", "Text": null }, "geometry": { "type": "LineString", "coordinates": [ [ -73.991637310279557, 40.67507960625057, 0.0 ], [ -73.991643515932878, 40.675082133607305, 0.0 ] ] } },
{ "type": "Feature", "properties": { "Layer": "DRAWINGS$OUTLINE", "PaperSpace": null, "SubClasses": null, "Linetype": null, "EntityHandle": "465", "Text": null }, "geometry": { "type": "LineString", "coordinates": [ [ -73.991643515932878, 40.675082133607305, 0.0 ], [ -73.991649711685028, 40.675084674998409, 0.0 ] ] } },
{ "type": "Feature", "properties": { "Layer": "DRAWINGS$OUTLINE", "PaperSpace": null, "SubClasses": null, "Linetype": null, "EntityHandle": "466", "Text": null }, "geometry": { "type": "LineString", "coordinates": [ [ -73.991649711685028, 40.675084674998409, 0.0 ], [ -73.991655897233514, 40.675087230763559, 0.0 ] ] } },
{ "type": "Feature", "properties": { "Layer": "DRAWINGS$OUTLINE", "PaperSpace": null, "SubClasses": null, "Linetype": null, "EntityHandle": "467", "Text": null }, "geometry": { "type": "LineString", "coordinates": [ [ -73.991655897233514, 40.675087230763559, 0.0 ], [ -73.99166207262563, 40.675089800759963, 0.0 ] ] } },
{ "type": "Feature", "properties": { "Layer": "DRAWINGS$OUTLINE", "PaperSpace": null, "SubClasses": null, "Linetype": null, "EntityHandle": "468", "Text": null }, "geometry": { "type": "LineString", "coordinates": [ [ -73.99166207262563, 40.675089800759963, 0.0 ], [ -73.991668238264907, 40.675092384417646, 0.0 ] ] } },
{ "type": "Feature", "properties": { "Layer": "DRAWINGS$OUTLINE", "PaperSpace": null, "SubClasses": null, "Linetype": null, "EntityHandle": "469", "Text": null }, "geometry": { "type": "LineString", "coordinates": [ [ -73.991668238264907, 40.675092384417646, 0.0 ], [ -73.99167439443724, 40.67509498094352, 0.0 ] ] } },
{ "type": "Feature", "properties": { "Layer": "DRAWINGS$OUTLINE", "PaperSpace": null, "SubClasses": null, "Linetype": null, "EntityHandle": "46A", "Text": null }, "geometry": { "type": "LineString", "coordinates": [ [ -73.99167439443724, 40.67509498094352, 0.0 ], [ -73.991680541577537, 40.675097589934218, 0.0 ] ] } },
{ "type": "Feature", "properties": { "Layer": "DRAWINGS$OUTLINE", "PaperSpace": null, "SubClasses": null, "Linetype": null, "EntityHandle": "46B", "Text": null }, "geometry": { "type": "LineString", "coordinates": [ [ -73.991680541577537, 40.675097589934218, 0.0 ], [ -73.991686680036224, 40.675100210787697, 0.0 ] ] } },
{ "type": "Feature", "properties": { "Layer": "DRAWINGS$OUTLINE", "PaperSpace": null, "SubClasses": null, "Linetype": null, "EntityHandle": "46C", "Text": null }, "geometry": { "type": "LineString", "coordinates": [ [ -73.991686680036224, 40.675100210787697, 0.0 ], [ -73.991692810143448, 40.675102842890759, 0.0 ] ] } },
{ "type": "Feature", "properties": { "Layer": "DRAWINGS$OUTLINE", "PaperSpace": null, "SubClasses": null, "Linetype": null, "EntityHandle": "46D", "Text": null }, "geometry": { "type": "LineString", "coordinates": [ [ -73.991692810143448, 40.675102842890759, 0.0 ], [ -73.991698932321668, 40.675105485670237, 0.0 ] ] } },
{ "type": "Feature", "properties": { "Layer": "DRAWINGS$OUTLINE", "PaperSpace": null, "SubClasses": null, "Linetype": null, "EntityHandle": "46E", "Text": null }, "geometry": { "type": "LineString", "coordinates": [ [ -73.991698932321668, 40.675105485670237, 0.0 ], [ -73.991705046965691, 40.675108138541965, 0.0 ] ] } },
{ "type": "Feature", "properties": { "Layer": "DRAWINGS$OUTLINE", "PaperSpace": null, "SubClasses": null, "Linetype": null, "EntityHandle": "46F", "Text": null }, "geometry": { "type": "LineString", "coordinates": [ [ -73.991705046965691, 40.675108138541965, 0.0 ], [ -73.991711154474942, 40.675110800924223, 0.0 ] ] } },
{ "type": "Feature", "properties": { "Layer": "DRAWINGS$OUTLINE", "PaperSpace": null, "SubClasses": null, "Linetype": null, "EntityHandle": "470", "Text": null }, "geometry": { "type": "LineString", "coordinates": [ [ -73.991711154474942, 40.675110800924223, 0.0 ], [ -73.9917172552355, 40.675113472256164, 0.0 ] ] } },
{ "type": "Feature", "properties": { "Layer": "DRAWINGS$OUTLINE", "PaperSpace": null, "SubClasses": null, "Linetype": null, "EntityHandle": "471", "Text": null }, "geometry": { "type": "LineString", "coordinates": [ [ -73.9917172552355, 40.675113472256164, 0.0 ], [ -73.991723349561497, 40.67511615209721, 0.0 ] ] } },
{ "type": "Feature", "properties": { "Layer": "DRAWINGS$OUTLINE", "PaperSpace": null, "SubClasses": null, "Linetype": null, "EntityHandle": "472", "Text": null }, "geometry": { "type": "LineString", "coordinates": [ [ -73.991723349561497, 40.67511615209721, 0.0 ], [ -73.991729437767248, 40.675118839986659, 0.0 ] ] } },
{ "type": "Feature", "properties": { "Layer": "DRAWINGS$OUTLINE", "PaperSpace": null, "SubClasses": null, "Linetype": null, "EntityHandle": "473", "Text": null }, "geometry": { "type": "LineString", "coordinates": [ [ -73.991729437767248, 40.675118839986659, 0.0 ], [ -73.991735520146577, 40.675121535490142, 0.0 ] ] } },
{ "type": "Feature", "properties": { "Layer": "DRAWINGS$OUTLINE", "PaperSpace": null, "SubClasses": null, "Linetype": null, "EntityHandle": "474", "Text": null }, "geometry": { "type": "LineString", "coordinates": [ [ -73.991735520146577, 40.675121535490142, 0.0 ], [ -73.991741597010176, 40.675124238225955, 0.0 ] ] } },
{ "type": "Feature", "properties": { "Layer": "DRAWINGS$OUTLINE", "PaperSpace": null, "SubClasses": null, "Linetype": null, "EntityHandle": "475", "Text": null }, "geometry": { "type": "LineString", "coordinates": [ [ -73.991741597010176, 40.675124238225955, 0.0 ], [ -73.991747668595195, 40.675126947819592, 0.0 ] ] } },
{ "type": "Feature", "properties": { "Layer": "DRAWINGS$OUTLINE", "PaperSpace": null, "SubClasses": null, "Linetype": null, "EntityHandle": "476", "Text": null }, "geometry": { "type": "LineString", "coordinates": [ [ -73.991747668595195, 40.675126947819592, 0.0 ], [ -73.991753735148137, 40.675129663936048, 0.0 ] ] } },
{ "type": "Feature", "properties": { "Layer": "DRAWINGS$OUTLINE", "PaperSpace": null, "SubClasses": null, "Linetype": null, "EntityHandle": "477", "Text": null }, "geometry": { "type": "LineString", "coordinates": [ [ -73.991753735148137, 40.675129663936048, 0.0 ], [ -73.991759796900027, 40.675132386264721, 0.0 ] ] } },
{ "type": "Feature", "properties": { "Layer": "DRAWINGS$OUTLINE", "PaperSpace": null, "SubClasses": null, "Linetype": null, "EntityHandle": "478", "Text": null }, "geometry": { "type": "LineString", "coordinates": [ [ -73.991759796900027, 40.675132386264721, 0.0 ], [ -73.991765854064809, 40.675135114515406, 0.0 ] ] } },
{ "type": "Feature", "properties": { "Layer": "DRAWINGS$OUTLINE", "PaperSpace": null, "SubClasses": null, "Linetype": null, "EntityHandle": "479", "Text": null }, "geometry": { "type": "LineString", "coordinates": [ [ -73.991765854064809, 40.675135114515406, 0.0 ], [ -73.99177190684091, 40.675137848415716, 0.0 ] ] } },
{ "type": "Feature", "properties": { "Layer": "DRAWINGS$OUTLINE", "PaperSpace": null, "SubClasses": null, "Linetype": null, "EntityHandle": "47A", "Text": null }, "geometry": { "type": "LineString", "coordinates": [ [ -73.99177190684091, 40.675137848415716, 0.0 ], [ -73.991777955412786, 40.675140587709045, 0.0 ] ] } },
{ "type": "Feature", "properties": { "Layer": "DRAWINGS$OUTLINE", "PaperSpace": null, "SubClasses": null, "Linetype": null, "EntityHandle": "47B", "Text": null }, "geometry": { "type": "LineString", "coordinates": [ [ -73.991777955412786, 40.675140587709045, 0.0 ], [ -73.991783999951892, 40.675143332152594, 0.0 ] ] } },
{ "type": "Feature", "properties": { "Layer": "DRAWINGS$OUTLINE", "PaperSpace": null, "SubClasses": null, "Linetype": null, "EntityHandle": "47C", "Text": null }, "geometry": { "type": "LineString", "coordinates": [ [ -73.991783999951892, 40.675143332152594, 0.0 ], [ -73.991790040595063, 40.675146081505055, 0.0 ] ] } },
{ "type": "Feature", "properties": { "Layer": "DRAWINGS$OUTLINE", "PaperSpace": null, "SubClasses": null, "Linetype": null, "EntityHandle": "47D", "Text": null }, "geometry": { "type": "LineString", "coordinates": [ [ -73.991790040595063, 40.675146081505055, 0.0 ], [ -73.991796077590593, 40.675148835591401, 0.0 ] ] } },
{ "type": "Feature", "properties": { "Layer": "DRAWINGS$OUTLINE", "PaperSpace": null, "SubClasses": null, "Linetype": null, "EntityHandle": "47E", "Text": null }, "geometry": { "type": "LineString", "coordinates": [ [ -73.991796077590593, 40.675148835591401, 0.0 ], [ -73.991802111013072, 40.675151594170877, 0.0 ] ] } },
{ "type": "Feature", "properties": { "Layer": "DRAWINGS$OUTLINE", "PaperSpace": null, "SubClasses": null, "Linetype": null, "EntityHandle": "47F", "Text": null }, "geometry": { "type": "LineString", "coordinates": [ [ -73.991802111013072, 40.675151594170877, 0.0 ], [ -73.991808140725851, 40.675154357376314, 0.0 ] ] } },
{ "type": "Feature", "properties": { "Layer": "DRAWINGS$OUTLINE", "PaperSpace": null, "SubClasses": null, "Linetype": null, "EntityHandle": "480", "Text": null }, "geometry": { "type": "LineString", "coordinates": [ [ -73.991808140725851, 40.675154357376314, 0.0 ], [ -73.991814167423229, 40.675157124456376, 0.0 ] ] } },
{ "type": "Feature", "properties": { "Layer": "DRAWINGS$OUTLINE", "PaperSpace": null, "SubClasses": null, "Linetype": null, "EntityHandle": "481", "Text": null }, "geometry": { "type": "LineString", "coordinates": [ [ -73.991814167423229, 40.675157124456376, 0.0 ], [ -73.991820191144299, 40.675159895294556, 0.0 ] ] } },
{ "type": "Feature", "properties": { "Layer": "DRAWINGS$OUTLINE", "PaperSpace": null, "SubClasses": null, "Linetype": null, "EntityHandle": "482", "Text": null }, "geometry": { "type": "LineString", "coordinates": [ [ -73.991820191144299, 40.675159895294556, 0.0 ], [ -73.991826211883563, 40.675162669888337, 0.0 ] ] } },
{ "type": "Feature", "properties": { "Layer": "DRAWINGS$OUTLINE", "PaperSpace": null, "SubClasses": null, "Linetype": null, "EntityHandle": "483", "Text": null }, "geometry": { "type": "LineString", "coordinates": [ [ -73.991826211883563, 40.675162669888337, 0.0 ], [ -73.991832229635719, 40.675165448235283, 0.0 ] ] } },
{ "type": "Feature", "properties": { "Layer": "DRAWINGS$OUTLINE", "PaperSpace": null, "SubClasses": null, "Linetype": null, "EntityHandle": "484", "Text": null }, "geometry": { "type": "LineString", "coordinates": [ [ -73.991832229635719, 40.675165448235283, 0.0 ], [ -73.991838244394728, 40.675168230332581, 0.0 ] ] } },
{ "type": "Feature", "properties": { "Layer": "DRAWINGS$OUTLINE", "PaperSpace": null, "SubClasses": null, "Linetype": null, "EntityHandle": "485", "Text": null }, "geometry": { "type": "LineString", "coordinates": [ [ -73.991838244394728, 40.675168230332581, 0.0 ], [ -73.991844256154522, 40.675171016177437, 0.0 ] ] } },
{ "type": "Feature", "properties": { "Layer": "DRAWINGS$OUTLINE", "PaperSpace": null, "SubClasses": null, "Linetype": null, "EntityHandle": "486", "Text": null }, "geometry": { "type": "LineString", "coordinates": [ [ -73.991844256154522, 40.675171016177437, 0.0 ], [ -73.991850265384571, 40.675173805178204, 0.0 ] ] } },
{ "type": "Feature", "properties": { "Layer": "DRAWINGS$OUTLINE", "PaperSpace": null, "SubClasses": null, "Linetype": null, "EntityHandle": "487", "Text": null }, "geometry": { "type": "LineString", "coordinates": [ [ -73.991850265384571, 40.675173805178204, 0.0 ], [ -73.991856272181053, 40.675176597143889, 0.0 ] ] } },
{ "type": "Feature", "properties": { "Layer": "DRAWINGS$OUTLINE", "PaperSpace": null, "SubClasses": null, "Linetype": null, "EntityHandle": "488", "Text": null }, "geometry": { "type": "LineString", "coordinates": [ [ -73.991856272181053, 40.675176597143889, 0.0 ], [ -73.991862276541582, 40.675179392161155, 0.0 ] ] } },
{ "type": "Feature", "properties": { "Layer": "DRAWINGS$OUTLINE", "PaperSpace": null, "SubClasses": null, "Linetype": null, "EntityHandle": "489", "Text": null }, "geometry": { "type": "LineString", "coordinates": [ [ -73.991862276541582, 40.675179392161155, 0.0 ], [ -73.991868278559878, 40.675182190170794, 0.0 ] ] } },
{ "type": "Feature", "properties": { "Layer": "DRAWINGS$OUTLINE", "PaperSpace": null, "SubClasses": null, "Linetype": null, "EntityHandle": "48A", "Text": null }, "geometry": { "type": "LineString", "coordinates": [ [ -73.991868278559878, 40.675182190170794, 0.0 ], [ -73.991874278289401, 40.675184991094767, 0.0 ] ] } },
{ "type": "Feature", "properties": { "Layer": "DRAWINGS$OUTLINE", "PaperSpace": null, "SubClasses": null, "Linetype": null, "EntityHandle": "48B", "Text": null }, "geometry": { "type": "LineString", "coordinates": [ [ -73.991874278289401, 40.675184991094767, 0.0 ], [ -73.991880275729415, 40.675187794829725, 0.0 ] ] } },
{ "type": "Feature", "properties": { "Layer": "DRAWINGS$OUTLINE", "PaperSpace": null, "SubClasses": null, "Linetype": null, "EntityHandle": "48C", "Text": null }, "geometry": { "type": "LineString", "coordinates": [ [ -73.991880275729415, 40.675187794829725, 0.0 ], [ -73.991886270879235, 40.675190601272213, 0.0 ] ] } },
{ "type": "Feature", "properties": { "Layer": "DRAWINGS$OUTLINE", "PaperSpace": null, "SubClasses": null, "Linetype": null, "EntityHandle": "48D", "Text": null }, "geometry": { "type": "LineString", "coordinates": [ [ -73.991886270879235, 40.675190601272213, 0.0 ], [ -73.991892263900652, 40.675193410394833, 0.0 ] ] } },
{ "type": "Feature", "properties": { "Layer": "DRAWINGS$OUTLINE", "PaperSpace": null, "SubClasses": null, "Linetype": null, "EntityHandle": "48E", "Text": null }, "geometry": { "type": "LineString", "coordinates": [ [ -73.991892263900652, 40.675193410394833, 0.0 ], [ -73.991898254847058, 40.675196222119631, 0.0 ] ] } },
{ "type": "Feature", "properties": { "Layer": "DRAWINGS$OUTLINE", "PaperSpace": null, "SubClasses": null, "Linetype": null, "EntityHandle": "48F", "Text": null }, "geometry": { "type": "LineString", "coordinates": [ [ -73.991898254847058, 40.675196222119631, 0.0 ], [ -73.991904243771913, 40.675199036368554, 0.0 ] ] } },
{ "type": "Feature", "properties": { "Layer": "DRAWINGS$OUTLINE", "PaperSpace": null, "SubClasses": null, "Linetype": null, "EntityHandle": "490", "Text": null }, "geometry": { "type": "LineString", "coordinates": [ [ -73.991904243771913, 40.675199036368554, 0.0 ], [ -73.991910230728607, 40.675201853063605, 0.0 ] ] } },
{ "type": "Feature", "properties": { "Layer": "DRAWINGS$OUTLINE", "PaperSpace": null, "SubClasses": null, "Linetype": null, "EntityHandle": "491", "Text": null }, "geometry": { "type": "LineString", "coordinates": [ [ -73.991910230728607, 40.675201853063605, 0.0 ], [ -73.991916215770559, 40.675204672126767, 0.0 ] ] } },
{ "type": "Feature", "properties": { "Layer": "DRAWINGS$OUTLINE", "PaperSpace": null, "SubClasses": null, "Linetype": null, "EntityHandle": "492", "Text": null }, "geometry": { "type": "LineString", "coordinates": [ [ -73.991916215770559, 40.675204672126767, 0.0 ], [ -73.991922198951215, 40.675207493480094, 0.0 ] ] } },
{ "type": "Feature", "properties": { "Layer": "DRAWINGS$OUTLINE", "PaperSpace": null, "SubClasses": null, "Linetype": null, "EntityHandle": "493", "Text": null }, "geometry": { "type": "LineString", "coordinates": [ [ -73.991922198951215, 40.675207493480094, 0.0 ], [ -73.991928180323939, 40.675210317045497, 0.0 ] ] } },
{ "type": "Feature", "properties": { "Layer": "DRAWINGS$OUTLINE", "PaperSpace": null, "SubClasses": null, "Linetype": null, "EntityHandle": "494", "Text": null }, "geometry": { "type": "LineString", "coordinates": [ [ -73.991928180323939, 40.675210317045497, 0.0 ], [ -73.99193415994219, 40.675213142745051, 0.0 ] ] } },
{ "type": "Feature", "properties": { "Layer": "DRAWINGS$OUTLINE", "PaperSpace": null, "SubClasses": null, "Linetype": null, "EntityHandle": "495", "Text": null }, "geometry": { "type": "LineString", "coordinates": [ [ -73.99193415994219, 40.675213142745051, 0.0 ], [ -73.991940137859373, 40.675215970500673, 0.0 ] ] } },
{ "type": "Feature", "properties": { "Layer": "DRAWINGS$OUTLINE", "PaperSpace": null, "SubClasses": null, "Linetype": null, "EntityHandle": "496", "Text": null }, "geometry": { "type": "LineString", "coordinates": [ [ -73.991940137859373, 40.675215970500673, 0.0 ], [ -73.991946114128922, 40.675218800234411, 0.0 ] ] } },
{ "type": "Feature", "properties": { "Layer": "DRAWINGS$OUTLINE", "PaperSpace": null, "SubClasses": null, "Linetype": null, "EntityHandle": "497", "Text": null }, "geometry": { "type": "LineString", "coordinates": [ [ -73.991946114128922, 40.675218800234411, 0.0 ], [ -73.991952088822771, 40.675221631878863, 0.0 ] ] } },
{ "type": "Feature", "properties": { "Layer": "DRAWINGS$OUTLINE", "PaperSpace": null, "SubClasses": null, "Linetype": null, "EntityHandle": "498", "Text": null }, "geometry": { "type": "LineString", "coordinates": [ [ -73.991952088822771, 40.675221631878863, 0.0 ], [ -73.991958062014859, 40.675224465393519, 0.0 ] ] } },
{ "type": "Feature", "properties": { "Layer": "DRAWINGS$OUTLINE", "PaperSpace": null, "SubClasses": null, "Linetype": null, "EntityHandle": "499", "Text": null }, "geometry": { "type": "LineString", "coordinates": [ [ -73.991958062014859, 40.675224465393519, 0.0 ], [ -73.991964033749142, 40.675227300709572, 0.0 ] ] } },
{ "type": "Feature", "properties": { "Layer": "DRAWINGS$OUTLINE", "PaperSpace": null, "SubClasses": null, "Linetype": null, "EntityHandle": "49A", "Text": null }, "geometry": { "type": "LineString", "coordinates": [ [ -73.991964033749142, 40.675227300709572, 0.0 ], [ -73.991970004091201, 40.675230137760408, 0.0 ] ] } },
{ "type": "Feature", "properties": { "Layer": "DRAWINGS$OUTLINE", "PaperSpace": null, "SubClasses": null, "Linetype": null, "EntityHandle": "49B", "Text": null }, "geometry": { "type": "LineString", "coordinates": [ [ -73.991970004091201, 40.675230137760408, 0.0 ], [ -73.991975973016579, 40.675232976436583, 0.0 ] ] } },
{ "type": "Feature", "properties": { "Layer": "DRAWINGS$OUTLINE", "PaperSpace": null, "SubClasses": null, "Linetype": null, "EntityHandle": "49C", "Text": null }, "geometry": { "type": "LineString", "coordinates": [ [ -73.991975973016579, 40.675232976436583, 0.0 ], [ -73.991981940660949, 40.675235816704848, 0.0 ] ] } },
{ "type": "Feature", "properties": { "Layer": "DRAWINGS$OUTLINE", "PaperSpace": null, "SubClasses": null, "Linetype": null, "EntityHandle": "49D", "Text": null }, "geometry": { "type": "LineString", "coordinates": [ [ -73.991981940660949, 40.675235816704848, 0.0 ], [ -73.991987907078752, 40.675238658493271, 0.0 ] ] } },
{ "type": "Feature", "properties": { "Layer": "DRAWINGS$OUTLINE", "PaperSpace": null, "SubClasses": null, "Linetype": null, "EntityHandle": "49E", "Text": null }, "geometry": { "type": "LineString", "coordinates": [ [ -73.991987907078752, 40.675238658493271, 0.0 ], [ -73.991993872324429, 40.67524150173, 0.0 ] ] } },
{ "type": "Feature", "properties": { "Layer": "DRAWINGS$OUTLINE", "PaperSpace": null, "SubClasses": null, "Linetype": null, "EntityHandle": "49F", "Text": null }, "geometry": { "type": "LineString", "coordinates": [ [ -73.991993872324429, 40.67524150173, 0.0 ], [ -73.991999836452479, 40.675244346343185, 0.0 ] ] } },
{ "type": "Feature", "properties": { "Layer": "DRAWINGS$OUTLINE", "PaperSpace": null, "SubClasses": null, "Linetype": null, "EntityHandle": "4A0", "Text": null }, "geometry": { "type": "LineString", "coordinates": [ [ -73.991999836452479, 40.675244346343185, 0.0 ], [ -73.992005799517329, 40.675247192260926, 0.0 ] ] } },
{ "type": "Feature", "properties": { "Layer": "DRAWINGS$OUTLINE", "PaperSpace": null, "SubClasses": null, "Linetype": null, "EntityHandle": "4A1", "Text": null }, "geometry": { "type": "LineString", "coordinates": [ [ -73.992005799517329, 40.675247192260926, 0.0 ], [ -73.992011761573451, 40.675250039411388, 0.0 ] ] } },
{ "type": "Feature", "properties": { "Layer": "DRAWINGS$OUTLINE", "PaperSpace": null, "SubClasses": null, "Linetype": null, "EntityHandle": "4A2", "Text": null }, "geometry": { "type": "LineString", "coordinates": [ [ -73.992011761573451, 40.675250039411388, 0.0 ], [ -73.992017722647589, 40.675252887720262, 0.0 ] ] } },
{ "type": "Feature", "properties": { "Layer": "DRAWINGS$OUTLINE", "PaperSpace": null, "SubClasses": null, "Linetype": null, "EntityHandle": "4A3", "Text": null }, "geometry": { "type": "LineString", "coordinates": [ [ -73.992017722647589, 40.675252887720262, 0.0 ], [ -73.992023682764284, 40.675255737155858, 0.0 ] ] } },
{ "type": "Feature", "properties": { "Layer": "DRAWINGS$OUTLINE", "PaperSpace": null, "SubClasses": null, "Linetype": null, "EntityHandle": "4A4", "Text": null }, "geometry": { "type": "LineString", "coordinates": [ [ -73.992023682764284, 40.675255737155858, 0.0 ], [ -73.992029641990868, 40.675258587701791, 0.0 ] ] } },
{ "type": "Feature", "properties": { "Layer": "DRAWINGS$OUTLINE", "PaperSpace": null, "SubClasses": null, "Linetype": null, "EntityHandle": "4A5", "Text": null }, "geometry": { "type": "LineString", "coordinates": [ [ -73.992029641990868, 40.675258587701791, 0.0 ], [ -73.99203560032808, 40.675261439308635, 0.0 ] ] } },
{ "type": "Feature", "properties": { "Layer": "DRAWINGS$OUTLINE", "PaperSpace": null, "SubClasses": null, "Linetype": null, "EntityHandle": "4A6", "Text": null }, "geometry": { "type": "LineString", "coordinates": [ [ -73.99203560032808, 40.675261439308635, 0.0 ], [ -73.992041557791808, 40.675264291934177, 0.0 ] ] } },
{ "type": "Feature", "properties": { "Layer": "DRAWINGS$OUTLINE", "PaperSpace": null, "SubClasses": null, "Linetype": null, "EntityHandle": "4A7", "Text": null }, "geometry": { "type": "LineString", "coordinates": [ [ -73.992041557791808, 40.675264291934177, 0.0 ], [ -73.992047514447862, 40.675267145560099, 0.0 ] ] } },
{ "type": "Feature", "properties": { "Layer": "DRAWINGS$OUTLINE", "PaperSpace": null, "SubClasses": null, "Linetype": null, "EntityHandle": "4A8", "Text": null }, "geometry": { "type": "LineString", "coordinates": [ [ -73.992047514447862, 40.675267145560099, 0.0 ], [ -73.992053470323668, 40.675270000149794, 0.0 ] ] } },
{ "type": "Feature", "properties": { "Layer": "DRAWINGS$OUTLINE", "PaperSpace": null, "SubClasses": null, "Linetype": null, "EntityHandle": "4A9", "Text": null }, "geometry": { "type": "LineString", "coordinates": [ [ -73.992053470323668, 40.675270000149794, 0.0 ], [ -73.992059425446726, 40.675272855666577, 0.0 ] ] } },
{ "type": "Feature", "properties": { "Layer": "DRAWINGS$OUTLINE", "PaperSpace": null, "SubClasses": null, "Linetype": null, "EntityHandle": "4AA", "Text": null }, "geometry": { "type": "LineString", "coordinates": [ [ -73.992059425446726, 40.675272855666577, 0.0 ], [ -73.992065379844504, 40.675275712073855, 0.0 ] ] } },
{ "type": "Feature", "properties": { "Layer": "DRAWINGS$OUTLINE", "PaperSpace": null, "SubClasses": null, "Linetype": null, "EntityHandle": "4AB", "Text": null }, "geometry": { "type": "LineString", "coordinates": [ [ -73.992065379844504, 40.675275712073855, 0.0 ], [ -73.992071333544445, 40.675278569334921, 0.0 ] ] } },
{ "type": "Feature", "properties": { "Layer": "DRAWINGS$OUTLINE", "PaperSpace": null, "SubClasses": null, "Linetype": null, "EntityHandle": "4AC", "Text": null }, "geometry": { "type": "LineString", "coordinates": [ [ -73.992071333544445, 40.675278569334921, 0.0 ], [ -73.992077286570861, 40.675281427411598, 0.0 ] ] } },
{ "type": "Feature", "properties": { "Layer": "DRAWINGS$OUTLINE", "PaperSpace": null, "SubClasses": null, "Linetype": null, "EntityHandle": "4AD", "Text": null }, "geometry": { "type": "LineString", "coordinates": [ [ -73.992077286570861, 40.675281427411598, 0.0 ], [ -73.992083238931755, 40.675284286253991, 0.0 ] ] } },
{ "type": "Feature", "properties": { "Layer": "DRAWINGS$OUTLINE", "PaperSpace": null, "SubClasses": null, "Linetype": null, "EntityHandle": "4AE", "Text": null }, "geometry": { "type": "LineString", "coordinates": [ [ -73.992083238931755, 40.675284286253991, 0.0 ], [ -73.992089190644592, 40.675287145835824, 0.0 ] ] } },
{ "type": "Feature", "properties": { "Layer": "DRAWINGS$OUTLINE", "PaperSpace": null, "SubClasses": null, "Linetype": null, "EntityHandle": "4AF", "Text": null }, "geometry": { "type": "LineString", "coordinates": [ [ -73.992089190644592, 40.675287145835824, 0.0 ], [ -73.992095141756167, 40.675290006154889, 0.0 ] ] } },
{ "type": "Feature", "properties": { "Layer": "DRAWINGS$OUTLINE", "PaperSpace": null, "SubClasses": null, "Linetype": null, "EntityHandle": "4B0", "Text": null }, "geometry": { "type": "LineString", "coordinates": [ [ -73.992095141756167, 40.675290006154889, 0.0 ], [ -73.992101092289843, 40.675292867197768, 0.0 ] ] } },
{ "type": "Feature", "properties": { "Layer": "DRAWINGS$OUTLINE", "PaperSpace": null, "SubClasses": null, "Linetype": null, "EntityHandle": "4B1", "Text": null }, "geometry": { "type": "LineString", "coordinates": [ [ -73.992101092289843, 40.675292867197768, 0.0 ], [ -73.99210704225878, 40.675295728946061, 0.0 ] ] } },
{ "type": "Feature", "properties": { "Layer": "DRAWINGS$OUTLINE", "PaperSpace": null, "SubClasses": null, "Linetype": null, "EntityHandle": "4B2", "Text": null }, "geometry": { "type": "LineString", "coordinates": [ [ -73.99210704225878, 40.675295728946061, 0.0 ], [ -73.99211299167618, 40.675298591381484, 0.0 ] ] } },
{ "type": "Feature", "properties": { "Layer": "DRAWINGS$OUTLINE", "PaperSpace": null, "SubClasses": null, "Linetype": null, "EntityHandle": "4B3", "Text": null }, "geometry": { "type": "LineString", "coordinates": [ [ -73.99211299167618, 40.675298591381484, 0.0 ], [ -73.992118940520911, 40.675301454469079, 0.0 ] ] } },
{ "type": "Feature", "properties": { "Layer": "DRAWINGS$OUTLINE", "PaperSpace": null, "SubClasses": null, "Linetype": null, "EntityHandle": "4B4", "Text": null }, "geometry": { "type": "LineString", "coordinates": [ [ -73.992118940520911, 40.675301454469079, 0.0 ], [ -73.992124888806586, 40.675304318190761, 0.0 ] ] } },
{ "type": "Feature", "properties": { "Layer": "DRAWINGS$OUTLINE", "PaperSpace": null, "SubClasses": null, "Linetype": null, "EntityHandle": "4B5", "Text": null }, "geometry": { "type": "LineString", "coordinates": [ [ -73.992124888806586, 40.675304318190761, 0.0 ], [ -73.992130836580259, 40.675307182544458, 0.0 ] ] } },
{ "type": "Feature", "properties": { "Layer": "DRAWINGS$OUTLINE", "PaperSpace": null, "SubClasses": null, "Linetype": null, "EntityHandle": "4B6", "Text": null }, "geometry": { "type": "LineString", "coordinates": [ [ -73.992130836580259, 40.675307182544458, 0.0 ], [ -73.99213678385513, 40.675310047511879, 0.0 ] ] } },
{ "type": "Feature", "properties": { "Layer": "DRAWINGS$OUTLINE", "PaperSpace": null, "SubClasses": null, "Linetype": null, "EntityHandle": "4B7", "Text": null }, "geometry": { "type": "LineString", "coordinates": [ [ -73.99213678385513, 40.675310047511879, 0.0 ], [ -73.992142730644346, 40.675312913074592, 0.0 ] ] } },
{ "type": "Feature", "properties": { "Layer": "DRAWINGS$OUTLINE", "PaperSpace": null, "SubClasses": null, "Linetype": null, "EntityHandle": "4B8", "Text": null }, "geometry": { "type": "LineString", "coordinates": [ [ -73.992142730644346, 40.675312913074592, 0.0 ], [ -73.992148676961122, 40.67531577921428, 0.0 ] ] } },
{ "type": "Feature", "properties": { "Layer": "DRAWINGS$OUTLINE", "PaperSpace": null, "SubClasses": null, "Linetype": null, "EntityHandle": "4B9", "Text": null }, "geometry": { "type": "LineString", "coordinates": [ [ -73.992148676961122, 40.67531577921428, 0.0 ], [ -73.992154622818617, 40.675318645912604, 0.0 ] ] } },
{ "type": "Feature", "properties": { "Layer": "DRAWINGS$OUTLINE", "PaperSpace": null, "SubClasses": null, "Linetype": null, "EntityHandle": "4BA", "Text": null }, "geometry": { "type": "LineString", "coordinates": [ [ -73.992154622818617, 40.675318645912604, 0.0 ], [ -73.992160568230005, 40.675321513151204, 0.0 ] ] } },
{ "type": "Feature", "properties": { "Layer": "DRAWINGS$OUTLINE", "PaperSpace": null, "SubClasses": null, "Linetype": null, "EntityHandle": "4BB", "Text": null }, "geometry": { "type": "LineString", "coordinates": [ [ -73.992160568230005, 40.675321513151204, 0.0 ], [ -73.992166513208488, 40.675324380911746, 0.0 ] ] } },
{ "type": "Feature", "properties": { "Layer": "DRAWINGS$OUTLINE", "PaperSpace": null, "SubClasses": null, "Linetype": null, "EntityHandle": "4BC", "Text": null }, "geometry": { "type": "LineString", "coordinates": [ [ -73.992166513208488, 40.675324380911746, 0.0 ], [ -73.992172457767225, 40.675327249175886, 0.0 ] ] } },
{ "type": "Feature", "properties": { "Layer": "DRAWINGS$OUTLINE", "PaperSpace": null, "SubClasses": null, "Linetype": null, "EntityHandle": "4BD", "Text": null }, "geometry": { "type": "LineString", "coordinates": [ [ -73.992172457767225, 40.675327249175886, 0.0 ], [ -73.992178401919404, 40.67533011792522, 0.0 ] ] } },
{ "type": "Feature", "properties": { "Layer": "DRAWINGS$OUTLINE", "PaperSpace": null, "SubClasses": null, "Linetype": null, "EntityHandle": "4BE", "Text": null }, "geometry": { "type": "LineString", "coordinates": [ [ -73.992178401919404, 40.67533011792522, 0.0 ], [ -73.992184345678211, 40.675332987141466, 0.0 ] ] } },
{ "type": "Feature", "properties": { "Layer": "DRAWINGS$OUTLINE", "PaperSpace": null, "SubClasses": null, "Linetype": null, "EntityHandle": "4BF", "Text": null }, "geometry": { "type": "LineString", "coordinates": [ [ -73.992184345678211, 40.675332987141466, 0.0 ], [ -73.992190289056822, 40.67533585680625, 0.0 ] ] } },
{ "type": "Feature", "properties": { "Layer": "DRAWINGS$OUTLINE", "PaperSpace": null, "SubClasses": null, "Linetype": null, "EntityHandle": "4C0", "Text": null }, "geometry": { "type": "LineString", "coordinates": [ [ -73.992190289056822, 40.67533585680625, 0.0 ], [ -73.992196232068409, 40.675338726901224, 0.0 ] ] } },
{ "type": "Feature", "properties": { "Layer": "DRAWINGS$OUTLINE", "PaperSpace": null, "SubClasses": null, "Linetype": null, "EntityHandle": "4C1", "Text": null }, "geometry": { "type": "LineString", "coordinates": [ [ -73.992196232068409, 40.675338726901224, 0.0 ], [ -73.99220217472616, 40.675341597408021, 0.0 ] ] } },
{ "type": "Feature", "properties": { "Layer": "DRAWINGS$OUTLINE", "PaperSpace": null, "SubClasses": null, "Linetype": null, "EntityHandle": "4C2", "Text": null }, "geometry": { "type": "LineString", "coordinates": [ [ -73.99220217472616, 40.675341597408021, 0.0 ], [ -73.992208116644164, 40.675344468818906, 0.0 ] ] } },
{ "type": "Feature", "properties": { "Layer": "DRAWINGS$OUTLINE", "PaperSpace": null, "SubClasses": null, "Linetype": null, "EntityHandle": "4C3", "Text": null }, "geometry": { "type": "LineString", "coordinates": [ [ -73.992208116644164, 40.675344468818906, 0.0 ], [ -73.99221405825854, 40.675347340598663, 0.0 ] ] } },
{ "type": "Feature", "properties": { "Layer": "DRAWINGS$OUTLINE", "PaperSpace": null, "SubClasses": null, "Linetype": null, "EntityHandle": "4C4", "Text": null }, "geometry": { "type": "LineString", "coordinates": [ [ -73.99221405825854, 40.675347340598663, 0.0 ], [ -73.992219999646153, 40.675350212650159, 0.0 ] ] } },
{ "type": "Feature", "properties": { "Layer": "DRAWINGS$OUTLINE", "PaperSpace": null, "SubClasses": null, "Linetype": null, "EntityHandle": "4C5", "Text": null }, "geometry": { "type": "LineString", "coordinates": [ [ -73.992219999646153, 40.675350212650159, 0.0 ], [ -73.99222594080743, 40.675353084973587, 0.0 ] ] } },
{ "type": "Feature", "properties": { "Layer": "DRAWINGS$OUTLINE", "PaperSpace": null, "SubClasses": null, "Linetype": null, "EntityHandle": "4C6", "Text": null }, "geometry": { "type": "LineString", "coordinates": [ [ -73.99222594080743, 40.675353084973587, 0.0 ], [ -73.992231881742285, 40.675355957568925, 0.0 ] ] } },
{ "type": "Feature", "properties": { "Layer": "DRAWINGS$OUTLINE", "PaperSpace": null, "SubClasses": null, "Linetype": null, "EntityHandle": "4C7", "Text": null }, "geometry": { "type": "LineString", "coordinates": [ [ -73.992231881742285, 40.675355957568925, 0.0 ], [ -73.992237822450704, 40.675358830436181, 0.0 ] ] } },
{ "type": "Feature", "properties": { "Layer": "DRAWINGS$OUTLINE", "PaperSpace": null, "SubClasses": null, "Linetype": null, "EntityHandle": "4C8", "Text": null }, "geometry": { "type": "LineString", "coordinates": [ [ -73.992237822450704, 40.675358830436181, 0.0 ], [ -73.992243762932688, 40.675361703575305, 0.0 ] ] } },
{ "type": "Feature", "properties": { "Layer": "DRAWINGS$OUTLINE", "PaperSpace": null, "SubClasses": null, "Linetype": null, "EntityHandle": "4C9", "Text": null }, "geometry": { "type": "LineString", "coordinates": [ [ -73.992243762932688, 40.675361703575305, 0.0 ], [ -73.992249703188165, 40.675364576986333, 0.0 ] ] } },
{ "type": "Feature", "properties": { "Layer": "DRAWINGS$OUTLINE", "PaperSpace": null, "SubClasses": null, "Linetype": null, "EntityHandle": "4CA", "Text": null }, "geometry": { "type": "LineString", "coordinates": [ [ -73.992249703188165, 40.675364576986333, 0.0 ], [ -73.992255643217106, 40.675367450669178, 0.0 ] ] } },
{ "type": "Feature", "properties": { "Layer": "DRAWINGS$OUTLINE", "PaperSpace": null, "SubClasses": null, "Linetype": null, "EntityHandle": "4CB", "Text": null }, "geometry": { "type": "LineString", "coordinates": [ [ -73.992255643217106, 40.675367450669178, 0.0 ], [ -73.992261583019342, 40.675370324623806, 0.0 ] ] } },
{ "type": "Feature", "properties": { "Layer": "DRAWINGS$OUTLINE", "PaperSpace": null, "SubClasses": null, "Linetype": null, "EntityHandle": "4CC", "Text": null }, "geometry": { "type": "LineString", "coordinates": [ [ -73.992261583019342, 40.675370324623806, 0.0 ], [ -73.992267522594972, 40.675373198850231, 0.0 ] ] } },
{ "type": "Feature", "properties": { "Layer": "DRAWINGS$OUTLINE", "PaperSpace": null, "SubClasses": null, "Linetype": null, "EntityHandle": "4CD", "Text": null }, "geometry": { "type": "LineString", "coordinates": [ [ -73.992267522594972, 40.675373198850231, 0.0 ], [ -73.992273461944009, 40.675376073348481, 0.0 ] ] } },
{ "type": "Feature", "properties": { "Layer": "DRAWINGS$OUTLINE", "PaperSpace": null, "SubClasses": null, "Linetype": null, "EntityHandle": "4CE", "Text": null }, "geometry": { "type": "LineString", "coordinates": [ [ -73.992273461944009, 40.675376073348481, 0.0 ], [ -73.992279401066369, 40.675378948118535, 0.0 ] ] } },
{ "type": "Feature", "properties": { "Layer": "DRAWINGS$OUTLINE", "PaperSpace": null, "SubClasses": null, "Linetype": null, "EntityHandle": "4CF", "Text": null }, "geometry": { "type": "LineString", "coordinates": [ [ -73.992279401066369, 40.675378948118535, 0.0 ], [ -73.992285339962052, 40.675381823160343, 0.0 ] ] } },
{ "type": "Feature", "properties": { "Layer": "DRAWINGS$OUTLINE", "PaperSpace": null, "SubClasses": null, "Linetype": null, "EntityHandle": "4D0", "Text": null }, "geometry": { "type": "LineString", "coordinates": [ [ -73.992285339962052, 40.675381823160343, 0.0 ], [ -73.992291278631029, 40.675384698473913, 0.0 ] ] } },
{ "type": "Feature", "properties": { "Layer": "DRAWINGS$OUTLINE", "PaperSpace": null, "SubClasses": null, "Linetype": null, "EntityHandle": "4D1", "Text": null }, "geometry": { "type": "LineString", "coordinates": [ [ -73.992291278631029, 40.675384698473913, 0.0 ], [ -73.992297217073258, 40.675387574059222, 0.0 ] ] } },
{ "type": "Feature", "properties": { "Layer": "DRAWINGS$OUTLINE", "PaperSpace": null, "SubClasses": null, "Linetype": null, "EntityHandle": "4D2", "Text": null }, "geometry": { "type": "LineString", "coordinates": [ [ -73.992297217073258, 40.675387574059222, 0.0 ], [ -73.992303155288681, 40.675390449916286, 0.0 ] ] } },
{ "type": "Feature", "properties": { "Layer": "DRAWINGS$OUTLINE", "PaperSpace": null, "SubClasses": null, "Linetype": null, "EntityHandle": "4D3", "Text": null }, "geometry": { "type": "LineString", "coordinates": [ [ -73.992303155288681, 40.675390449916286, 0.0 ], [ -73.992309093277328, 40.675393326045047, 0.0 ] ] } },
{ "type": "Feature", "properties": { "Layer": "DRAWINGS$OUTLINE", "PaperSpace": null, "SubClasses": null, "Linetype": null, "EntityHandle": "4D4", "Text": null }, "geometry": { "type": "LineString", "coordinates": [ [ -73.992309093277328, 40.675393326045047, 0.0 ], [ -73.992315031039112, 40.675396202445512, 0.0 ] ] } },
{ "type": "Feature", "properties": { "Layer": "DRAWINGS$OUTLINE", "PaperSpace": null, "SubClasses": null, "Linetype": null, "EntityHandle": "4D5", "Text": null }, "geometry": { "type": "LineString", "coordinates": [ [ -73.992315031039112, 40.675396202445512, 0.0 ], [ -73.99232096857402, 40.675399079117675, 0.0 ] ] } },
{ "type": "Feature", "properties": { "Layer": "DRAWINGS$OUTLINE", "PaperSpace": null, "SubClasses": null, "Linetype": null, "EntityHandle": "4D6", "Text": null }, "geometry": { "type": "LineString", "coordinates": [ [ -73.99232096857402, 40.675399079117675, 0.0 ], [ -73.99232690588201, 40.675401956061492, 0.0 ] ] } },
{ "type": "Feature", "properties": { "Layer": "DRAWINGS$OUTLINE", "PaperSpace": null, "SubClasses": null, "Linetype": null, "EntityHandle": "4D7", "Text": null }, "geometry": { "type": "LineString", "coordinates": [ [ -73.99232690588201, 40.675401956061492, 0.0 ], [ -73.992332842963066, 40.675404833276964, 0.0 ] ] } },
{ "type": "Feature", "properties": { "Layer": "DRAWINGS$OUTLINE", "PaperSpace": null, "SubClasses": null, "Linetype": null, "EntityHandle": "4D8", "Text": null }, "geometry": { "type": "LineString", "coordinates": [ [ -73.992332842963066, 40.675404833276964, 0.0 ], [ -73.992338779817146, 40.675407710764055, 0.0 ] ] } },
{ "type": "Feature", "properties": { "Layer": "DRAWINGS$OUTLINE", "PaperSpace": null, "SubClasses": null, "Linetype": null, "EntityHandle": "4D9", "Text": null }, "geometry": { "type": "LineString", "coordinates": [ [ -73.992338779817146, 40.675407710764055, 0.0 ], [ -73.992344716444222, 40.675410588522816, 0.0 ] ] } },
{ "type": "Feature", "properties": { "Layer": "DRAWINGS$OUTLINE", "PaperSpace": null, "SubClasses": null, "Linetype": null, "EntityHandle": "4DA", "Text": null }, "geometry": { "type": "LineString", "coordinates": [ [ -73.992344716444222, 40.675410588522816, 0.0 ], [ -73.992350652844266, 40.675413466553138, 0.0 ] ] } },
{ "type": "Feature", "properties": { "Layer": "DRAWINGS$OUTLINE", "PaperSpace": null, "SubClasses": null, "Linetype": null, "EntityHandle": "4DB", "Text": null }, "geometry": { "type": "LineString", "coordinates": [ [ -73.992350652844266, 40.675413466553138, 0.0 ], [ -73.992356589017234, 40.67541634485508, 0.0 ] ] } },
{ "type": "Feature", "properties": { "Layer": "DRAWINGS$OUTLINE", "PaperSpace": null, "SubClasses": null, "Linetype": null, "EntityHandle": "4DC", "Text": null }, "geometry": { "type": "LineString", "coordinates": [ [ -73.992356589017234, 40.67541634485508, 0.0 ], [ -73.992362524963099, 40.67541922342857, 0.0 ] ] } },
{ "type": "Feature", "properties": { "Layer": "DRAWINGS$OUTLINE", "PaperSpace": null, "SubClasses": null, "Linetype": null, "EntityHandle": "4DD", "Text": null }, "geometry": { "type": "LineString", "coordinates": [ [ -73.992362524963099, 40.67541922342857, 0.0 ], [ -73.992368460681817, 40.675422102273629, 0.0 ] ] } },
{ "type": "Feature", "properties": { "Layer": "DRAWINGS$OUTLINE", "PaperSpace": null, "SubClasses": null, "Linetype": null, "EntityHandle": "4DE", "Text": null }, "geometry": { "type": "LineString", "coordinates": [ [ -73.992368460681817, 40.675422102273629, 0.0 ], [ -73.992374396352986, 40.675424981169975, 0.0 ] ] } },
{ "type": "Feature", "properties": { "Layer": "DRAWINGS$OUTLINE", "PaperSpace": null, "SubClasses": null, "Linetype": null, "EntityHandle": "4DF", "Text": null }, "geometry": { "type": "LineString", "coordinates": [ [ -73.992374396352986, 40.675424981169975, 0.0 ], [ -73.992380332224883, 40.675427859831068, 0.0 ] ] } },
{ "type": "Feature", "properties": { "Layer": "DRAWINGS$OUTLINE", "PaperSpace": null, "SubClasses": null, "Linetype": null, "EntityHandle": "4E0", "Text": null }, "geometry": { "type": "LineString", "coordinates": [ [ -73.992380332224883, 40.675427859831068, 0.0 ], [ -73.992386267954842, 40.675430738640031, 0.0 ] ] } },
{ "type": "Feature", "properties": { "Layer": "DRAWINGS$OUTLINE", "PaperSpace": null, "SubClasses": null, "Linetype": null, "EntityHandle": "4E1", "Text": null }, "geometry": { "type": "LineString", "coordinates": [ [ -73.992386267954842, 40.675430738640031, 0.0 ], [ -73.992392203545023, 40.675433617580261, 0.0 ] ] } },
{ "type": "Feature", "properties": { "Layer": "DRAWINGS$OUTLINE", "PaperSpace": null, "SubClasses": null, "Linetype": null, "EntityHandle": "4E2", "Text": null }, "geometry": { "type": "LineString", "coordinates": [ [ -73.992392203545023, 40.675433617580261, 0.0 ], [ -73.992398139040219, 40.675436496655735, 0.0 ] ] } },
{ "type": "Feature", "properties": { "Layer": "DRAWINGS$OUTLINE", "PaperSpace": null, "SubClasses": null, "Linetype": null, "EntityHandle": "4E3", "Text": null }, "geometry": { "type": "LineString", "coordinates": [ [ -73.992398139040219, 40.675436496655735, 0.0 ], [ -73.992404074450548, 40.675439375853664, 0.0 ] ] } },
{ "type": "Feature", "properties": { "Layer": "DRAWINGS$OUTLINE", "PaperSpace": null, "SubClasses": null, "Linetype": null, "EntityHandle": "4E4", "Text": null }, "geometry": { "type": "LineString", "coordinates": [ [ -73.992404074450548, 40.675439375853664, 0.0 ], [ -73.992410009786127, 40.675442255161229, 0.0 ] ] } },
{ "type": "Feature", "properties": { "Layer": "DRAWINGS$OUTLINE", "PaperSpace": null, "SubClasses": null, "Linetype": null, "EntityHandle": "4E5", "Text": null }, "geometry": { "type": "LineString", "coordinates": [ [ -73.992410009786127, 40.675442255161229, 0.0 ], [ -73.99241594505709, 40.675445134565649, 0.0 ] ] } },
{ "type": "Feature", "properties": { "Layer": "DRAWINGS$OUTLINE", "PaperSpace": null, "SubClasses": null, "Linetype": null, "EntityHandle": "4E6", "Text": null }, "geometry": { "type": "LineString", "coordinates": [ [ -73.99241594505709, 40.675445134565649, 0.0 ], [ -73.99242188027354, 40.675448014054105, 0.0 ] ] } },
{ "type": "Feature", "properties": { "Layer": "DRAWINGS$OUTLINE", "PaperSpace": null, "SubClasses": null, "Linetype": null, "EntityHandle": "4E7", "Text": null }, "geometry": { "type": "LineString", "coordinates": [ [ -73.99242188027354, 40.675448014054105, 0.0 ], [ -73.992427815445609, 40.675450893613757, 0.0 ] ] } },
{ "type": "Feature", "properties": { "Layer": "DRAWINGS$OUTLINE", "PaperSpace": null, "SubClasses": null, "Linetype": null, "EntityHandle": "4E8", "Text": null }, "geometry": { "type": "LineString", "coordinates": [ [ -73.992427815445609, 40.675450893613757, 0.0 ], [ -73.992433750520703, 40.675453773201376, 0.0 ] ] } },
{ "type": "Feature", "properties": { "Layer": "DRAWINGS$OUTLINE", "PaperSpace": null, "SubClasses": null, "Linetype": null, "EntityHandle": "4E9", "Text": null }, "geometry": { "type": "LineString", "coordinates": [ [ -73.992433750520703, 40.675453773201376, 0.0 ], [ -73.992439685580266, 40.675456652838854, 0.0 ] ] } },
{ "type": "Feature", "properties": { "Layer": "DRAWINGS$OUTLINE", "PaperSpace": null, "SubClasses": null, "Linetype": null, "EntityHandle": "4EA", "Text": null }, "geometry": { "type": "LineString", "coordinates": [ [ -73.992439685580266, 40.675456652838854, 0.0 ], [ -73.992445620616451, 40.67545953250454, 0.0 ] ] } },
{ "type": "Feature", "properties": { "Layer": "DRAWINGS$OUTLINE", "PaperSpace": null, "SubClasses": null, "Linetype": null, "EntityHandle": "4EB", "Text": null }, "geometry": { "type": "LineString", "coordinates": [ [ -73.992445620616451, 40.67545953250454, 0.0 ], [ -73.992451555586271, 40.675462412159938, 0.0 ] ] } },
{ "type": "Feature", "properties": { "Layer": "DRAWINGS$OUTLINE", "PaperSpace": null, "SubClasses": null, "Linetype": null, "EntityHandle": "4EC", "Text": null }, "geometry": { "type": "LineString", "coordinates": [ [ -73.992451555586271, 40.675462412159938, 0.0 ], [ -73.992457490562316, 40.675465291822519, 0.0 ] ] } },
{ "type": "Feature", "properties": { "Layer": "DRAWINGS$OUTLINE", "PaperSpace": null, "SubClasses": null, "Linetype": null, "EntityHandle": "4ED", "Text": null }, "geometry": { "type": "LineString", "coordinates": [ [ -73.992457490562316, 40.675465291822519, 0.0 ], [ -73.992463425554661, 40.67546817147948, 0.0 ] ] } },
{ "type": "Feature", "properties": { "Layer": "DRAWINGS$OUTLINE", "PaperSpace": null, "SubClasses": null, "Linetype": null, "EntityHandle": "4EE", "Text": null }, "geometry": { "type": "LineString", "coordinates": [ [ -73.992463425554661, 40.67546817147948, 0.0 ], [ -73.99246936057348, 40.675471051118031, 0.0 ] ] } },
{ "type": "Feature", "properties": { "Layer": "DRAWINGS$OUTLINE", "PaperSpace": null, "SubClasses": null, "Linetype": null, "EntityHandle": "4EF", "Text": null }, "geometry": { "type": "LineString", "coordinates": [ [ -73.99246936057348, 40.675471051118031, 0.0 ], [ -73.992475295628836, 40.67547393072536, 0.0 ] ] } },
{ "type": "Feature", "properties": { "Layer": "DRAWINGS$OUTLINE", "PaperSpace": null, "SubClasses": null, "Linetype": null, "EntityHandle": "4F0", "Text": null }, "geometry": { "type": "LineString", "coordinates": [ [ -73.992475295628836, 40.67547393072536, 0.0 ], [ -73.992481230730903, 40.675476810288636, 0.0 ] ] } },
{ "type": "Feature", "properties": { "Layer": "DRAWINGS$OUTLINE", "PaperSpace": null, "SubClasses": null, "Linetype": null, "EntityHandle": "4F1", "Text": null }, "geometry": { "type": "LineString", "coordinates": [ [ -73.992481230730903, 40.675476810288636, 0.0 ], [ -73.992487165889742, 40.675479689795075, 0.0 ] ] } },
{ "type": "Feature", "properties": { "Layer": "DRAWINGS$OUTLINE", "PaperSpace": null, "SubClasses": null, "Linetype": null, "EntityHandle": "4F2", "Text": null }, "geometry": { "type": "LineString", "coordinates": [ [ -73.992487165889742, 40.675479689795075, 0.0 ], [ -73.992493101115514, 40.675482569231868, 0.0 ] ] } },
{ "type": "Feature", "properties": { "Layer": "DRAWINGS$OUTLINE", "PaperSpace": null, "SubClasses": null, "Linetype": null, "EntityHandle": "4F3", "Text": null }, "geometry": { "type": "LineString", "coordinates": [ [ -73.992493101115514, 40.675482569231868, 0.0 ], [ -73.992499036418323, 40.675485448586187, 0.0 ] ] } },
{ "type": "Feature", "properties": { "Layer": "DRAWINGS$OUTLINE", "PaperSpace": null, "SubClasses": null, "Linetype": null, "EntityHandle": "4F4", "Text": null }, "geometry": { "type": "LineString", "coordinates": [ [ -73.992499036418323, 40.675485448586187, 0.0 ], [ -73.992504971808287, 40.675488327845287, 0.0 ] ] } },
{ "type": "Feature", "properties": { "Layer": "DRAWINGS$OUTLINE", "PaperSpace": null, "SubClasses": null, "Linetype": null, "EntityHandle": "4F5", "Text": null }, "geometry": { "type": "LineString", "coordinates": [ [ -73.992504971808287, 40.675488327845287, 0.0 ], [ -73.992510907295539, 40.675491206996284, 0.0 ] ] } },
{ "type": "Feature", "properties": { "Layer": "DRAWINGS$OUTLINE", "PaperSpace": null, "SubClasses": null, "Linetype": null, "EntityHandle": "4F6", "Text": null }, "geometry": { "type": "LineString", "coordinates": [ [ -73.992510907295539, 40.675491206996284, 0.0 ], [ -73.992516842890169, 40.675494086026418, 0.0 ] ] } },
{ "type": "Feature", "properties": { "Layer": "DRAWINGS$OUTLINE", "PaperSpace": null, "SubClasses": null, "Linetype": null, "EntityHandle": "4F7", "Text": null }, "geometry": { "type": "LineString", "coordinates": [ [ -73.992516842890169, 40.675494086026418, 0.0 ], [ -73.992522778602307, 40.6754969649229, 0.0 ] ] } },
{ "type": "Feature", "properties": { "Layer": "DRAWINGS$OUTLINE", "PaperSpace": null, "SubClasses": null, "Linetype": null, "EntityHandle": "4F8", "Text": null }, "geometry": { "type": "LineString", "coordinates": [ [ -73.992522778602307, 40.6754969649229, 0.0 ], [ -73.992528714442088, 40.675499843672895, 0.0 ] ] } },
{ "type": "Feature", "properties": { "Layer": "DRAWINGS$OUTLINE", "PaperSpace": null, "SubClasses": null, "Linetype": null, "EntityHandle": "4F9", "Text": null }, "geometry": { "type": "LineString", "coordinates": [ [ -73.992528714442088, 40.675499843672895, 0.0 ], [ -73.992534650419614, 40.67550272226358, 0.0 ] ] } },
{ "type": "Feature", "properties": { "Layer": "DRAWINGS$OUTLINE", "PaperSpace": null, "SubClasses": null, "Linetype": null, "EntityHandle": "4FA", "Text": null }, "geometry": { "type": "LineString", "coordinates": [ [ -73.992534650419614, 40.67550272226358, 0.0 ], [ -73.992540586545005, 40.675505600682193, 0.0 ] ] } },
{ "type": "Feature", "properties": { "Layer": "DRAWINGS$OUTLINE", "PaperSpace": null, "SubClasses": null, "Linetype": null, "EntityHandle": "4FB", "Text": null }, "geometry": { "type": "LineString", "coordinates": [ [ -73.992540586545005, 40.675505600682193, 0.0 ], [ -73.992546522828391, 40.675508478915873, 0.0 ] ] } },
{ "type": "Feature", "properties": { "Layer": "DRAWINGS$OUTLINE", "PaperSpace": null, "SubClasses": null, "Linetype": null, "EntityHandle": "4FC", "Text": null }, "geometry": { "type": "LineString", "coordinates": [ [ -73.992546522828391, 40.675508478915873, 0.0 ], [ -73.992552459279864, 40.675511356951873, 0.0 ] ] } },
{ "type": "Feature", "properties": { "Layer": "DRAWINGS$OUTLINE", "PaperSpace": null, "SubClasses": null, "Linetype": null, "EntityHandle": "4FD", "Text": null }, "geometry": { "type": "LineString", "coordinates": [ [ -73.992552459279864, 40.675511356951873, 0.0 ], [ -73.992558395909555, 40.675514234777353, 0.0 ] ] } },
{ "type": "Feature", "properties": { "Layer": "DRAWINGS$OUTLINE", "PaperSpace": null, "SubClasses": null, "Linetype": null, "EntityHandle": "4FE", "Text": null }, "geometry": { "type": "LineString", "coordinates": [ [ -73.992558395909555, 40.675514234777353, 0.0 ], [ -73.992564332311048, 40.675517112835877, 0.0 ] ] } },
{ "type": "Feature", "properties": { "Layer": "DRAWINGS$OUTLINE", "PaperSpace": null, "SubClasses": null, "Linetype": null, "EntityHandle": "4FF", "Text": null }, "geometry": { "type": "LineString", "coordinates": [ [ -73.992564332311048, 40.675517112835877, 0.0 ], [ -73.992570268946295, 40.675519990596314, 0.0 ] ] } },
{ "type": "Feature", "properties": { "Layer": "DRAWINGS$OUTLINE", "PaperSpace": null, "SubClasses": null, "Linetype": null, "EntityHandle": "500", "Text": null }, "geometry": { "type": "LineString", "coordinates": [ [ -73.992570268946295, 40.675519990596314, 0.0 ], [ -73.992576206044447, 40.675522867803707, 0.0 ] ] } },
{ "type": "Feature", "properties": { "Layer": "DRAWINGS$OUTLINE", "PaperSpace": null, "SubClasses": null, "Linetype": null, "EntityHandle": "501", "Text": null }, "geometry": { "type": "LineString", "coordinates": [ [ -73.992576206044447, 40.675522867803707, 0.0 ], [ -73.992582143605432, 40.675525744458064, 0.0 ] ] } },
{ "type": "Feature", "properties": { "Layer": "DRAWINGS$OUTLINE", "PaperSpace": null, "SubClasses": null, "Linetype": null, "EntityHandle": "502", "Text": null }, "geometry": { "type": "LineString", "coordinates": [ [ -73.992582143605432, 40.675525744458064, 0.0 ], [ -73.992588081629066, 40.675528620559263, 0.0 ] ] } },
{ "type": "Feature", "properties": { "Layer": "DRAWINGS$OUTLINE", "PaperSpace": null, "SubClasses": null, "Linetype": null, "EntityHandle": "503", "Text": null }, "geometry": { "type": "LineString", "coordinates": [ [ -73.992588081629066, 40.675528620559263, 0.0 ], [ -73.992594020115163, 40.675531496107205, 0.0 ] ] } },
{ "type": "Feature", "properties": { "Layer": "DRAWINGS$OUTLINE", "PaperSpace": null, "SubClasses": null, "Linetype": null, "EntityHandle": "504", "Text": null }, "geometry": { "type": "LineString", "coordinates": [ [ -73.992594020115163, 40.675531496107205, 0.0 ], [ -73.992599959063725, 40.67553437110189, 0.0 ] ] } },
{ "type": "Feature", "properties": { "Layer": "DRAWINGS$OUTLINE", "PaperSpace": null, "SubClasses": null, "Linetype": null, "EntityHandle": "505", "Text": null }, "geometry": { "type": "LineString", "coordinates": [ [ -73.992599959063725, 40.67553437110189, 0.0 ], [ -73.992605898474565, 40.675537245543246, 0.0 ] ] } },
{ "type": "Feature", "properties": { "Layer": "DRAWINGS$OUTLINE", "PaperSpace": null, "SubClasses": null, "Linetype": null, "EntityHandle": "506", "Text": null }, "geometry": { "type": "LineString", "coordinates": [ [ -73.992605898474565, 40.675537245543246, 0.0 ], [ -73.992611838347599, 40.675540119431218, 0.0 ] ] } },
{ "type": "Feature", "properties": { "Layer": "DRAWINGS$OUTLINE", "PaperSpace": null, "SubClasses": null, "Linetype": null, "EntityHandle": "507", "Text": null }, "geometry": { "type": "LineString", "coordinates": [ [ -73.992611838347599, 40.675540119431218, 0.0 ], [ -73.992617778682671, 40.675542992765735, 0.0 ] ] } },
{ "type": "Feature", "properties": { "Layer": "DRAWINGS$OUTLINE", "PaperSpace": null, "SubClasses": null, "Linetype": null, "EntityHandle": "508", "Text": null }, "geometry": { "type": "LineString", "coordinates": [ [ -73.992617778682671, 40.675542992765735, 0.0 ], [ -73.992623719479653, 40.675545865546752, 0.0 ] ] } },
{ "type": "Feature", "properties": { "Layer": "DRAWINGS$OUTLINE", "PaperSpace": null, "SubClasses": null, "Linetype": null, "EntityHandle": "509", "Text": null }, "geometry": { "type": "LineString", "coordinates": [ [ -73.992623719479653, 40.675545865546752, 0.0 ], [ -73.992629660738402, 40.675548737774172, 0.0 ] ] } },
{ "type": "Feature", "properties": { "Layer": "DRAWINGS$OUTLINE", "PaperSpace": null, "SubClasses": null, "Linetype": null, "EntityHandle": "50A", "Text": null }, "geometry": { "type": "LineString", "coordinates": [ [ -73.992629660738402, 40.675548737774172, 0.0 ], [ -73.992635602458819, 40.675551609447965, 0.0 ] ] } },
{ "type": "Feature", "properties": { "Layer": "DRAWINGS$OUTLINE", "PaperSpace": null, "SubClasses": null, "Linetype": null, "EntityHandle": "50B", "Text": null }, "geometry": { "type": "LineString", "coordinates": [ [ -73.992635602458819, 40.675551609447965, 0.0 ], [ -73.992641544640733, 40.675554480568032, 0.0 ] ] } },
{ "type": "Feature", "properties": { "Layer": "DRAWINGS$OUTLINE", "PaperSpace": null, "SubClasses": null, "Linetype": null, "EntityHandle": "50C", "Text": null }, "geometry": { "type": "LineString", "coordinates": [ [ -73.992641544640733, 40.675554480568032, 0.0 ], [ -73.992647487809634, 40.675557350502352, 0.0 ] ] } },
{ "type": "Feature", "properties": { "Layer": "DRAWINGS$OUTLINE", "PaperSpace": null, "SubClasses": null, "Linetype": null, "EntityHandle": "50D", "Text": null }, "geometry": { "type": "LineString", "coordinates": [ [ -73.992647487809634, 40.675557350502352, 0.0 ], [ -73.992653432009192, 40.675560219198843, 0.0 ] ] } },
{ "type": "Feature", "properties": { "Layer": "DRAWINGS$OUTLINE", "PaperSpace": null, "SubClasses": null, "Linetype": null, "EntityHandle": "50E", "Text": null }, "geometry": { "type": "LineString", "coordinates": [ [ -73.992653432009192, 40.675560219198843, 0.0 ], [ -73.992659377136889, 40.675563086786568, 0.0 ] ] } },
{ "type": "Feature", "properties": { "Layer": "DRAWINGS$OUTLINE", "PaperSpace": null, "SubClasses": null, "Linetype": null, "EntityHandle": "50F", "Text": null }, "geometry": { "type": "LineString", "coordinates": [ [ -73.992659377136889, 40.675563086786568, 0.0 ], [ -73.992665323270955, 40.675565953154127, 0.0 ] ] } },
{ "type": "Feature", "properties": { "Layer": "DRAWINGS$OUTLINE", "PaperSpace": null, "SubClasses": null, "Linetype": null, "EntityHandle": "510", "Text": null }, "geometry": { "type": "LineString", "coordinates": [ [ -73.992665323270955, 40.675565953154127, 0.0 ], [ -73.992671270509334, 40.675568818199636, 0.0 ] ] } },
{ "type": "Feature", "properties": { "Layer": "DRAWINGS$OUTLINE", "PaperSpace": null, "SubClasses": null, "Linetype": null, "EntityHandle": "511", "Text": null }, "geometry": { "type": "LineString", "coordinates": [ [ -73.992671270509334, 40.675568818199636, 0.0 ], [ -73.992677218938709, 40.675571681815754, 0.0 ] ] } },
{ "type": "Feature", "properties": { "Layer": "DRAWINGS$OUTLINE", "PaperSpace": null, "SubClasses": null, "Linetype": null, "EntityHandle": "512", "Text": null }, "geometry": { "type": "LineString", "coordinates": [ [ -73.992677218938709, 40.675571681815754, 0.0 ], [ -73.992683168645812, 40.675574543895216, 0.0 ] ] } },
{ "type": "Feature", "properties": { "Layer": "DRAWINGS$OUTLINE", "PaperSpace": null, "SubClasses": null, "Linetype": null, "EntityHandle": "513", "Text": null }, "geometry": { "type": "LineString", "coordinates": [ [ -73.992683168645812, 40.675574543895216, 0.0 ], [ -73.992689119717326, 40.67557740433071, 0.0 ] ] } },
{ "type": "Feature", "properties": { "Layer": "DRAWINGS$OUTLINE", "PaperSpace": null, "SubClasses": null, "Linetype": null, "EntityHandle": "514", "Text": null }, "geometry": { "type": "LineString", "coordinates": [ [ -73.992689119717326, 40.67557740433071, 0.0 ], [ -73.992695072218581, 40.675580263034639, 0.0 ] ] } },
{ "type": "Feature", "properties": { "Layer": "DRAWINGS$OUTLINE", "PaperSpace": null, "SubClasses": null, "Linetype": null, "EntityHandle": "515", "Text": null }, "geometry": { "type": "LineString", "coordinates": [ [ -73.992695072218581, 40.675580263034639, 0.0 ], [ -73.992701026256995, 40.675583119879768, 0.0 ] ] } },
{ "type": "Feature", "properties": { "Layer": "DRAWINGS$OUTLINE", "PaperSpace": null, "SubClasses": null, "Linetype": null, "EntityHandle": "516", "Text": null }, "geometry": { "type": "LineString", "coordinates": [ [ -73.992701026256995, 40.675583119879768, 0.0 ], [ -73.992706982084584, 40.675585974578858, 0.0 ] ] } },
{ "type": "Feature", "properties": { "Layer": "DRAWINGS$OUTLINE", "PaperSpace": null, "SubClasses": null, "Linetype": null, "EntityHandle": "517", "Text": null }, "geometry": { "type": "LineString", "coordinates": [ [ -73.992706982084584, 40.675585974578858, 0.0 ], [ -73.992712939941342, 40.675588826826477, 0.0 ] ] } },
{ "type": "Feature", "properties": { "Layer": "DRAWINGS$OUTLINE", "PaperSpace": null, "SubClasses": null, "Linetype": null, "EntityHandle": "518", "Text": null }, "geometry": { "type": "LineString", "coordinates": [ [ -73.992712939941342, 40.675588826826477, 0.0 ], [ -73.992718900071708, 40.675591676319449, 0.0 ] ] } },
{ "type": "Feature", "properties": { "Layer": "DRAWINGS$OUTLINE", "PaperSpace": null, "SubClasses": null, "Linetype": null, "EntityHandle": "519", "Text": null }, "geometry": { "type": "LineString", "coordinates": [ [ -73.992718900071708, 40.675591676319449, 0.0 ], [ -73.992724862717637, 40.675594522753329, 0.0 ] ] } },
{ "type": "Feature", "properties": { "Layer": "DRAWINGS$OUTLINE", "PaperSpace": null, "SubClasses": null, "Linetype": null, "EntityHandle": "51A", "Text": null }, "geometry": { "type": "LineString", "coordinates": [ [ -73.992724862717637, 40.675594522753329, 0.0 ], [ -73.992730828121054, 40.675597365823684, 0.0 ] ] } },
{ "type": "Feature", "properties": { "Layer": "DRAWINGS$OUTLINE", "PaperSpace": null, "SubClasses": null, "Linetype": null, "EntityHandle": "51B", "Text": null }, "geometry": { "type": "LineString", "coordinates": [ [ -73.992730828121054, 40.675597365823684, 0.0 ], [ -73.992736796523914, 40.675600205226111, 0.0 ] ] } },
{ "type": "Feature", "properties": { "Layer": "DRAWINGS$OUTLINE", "PaperSpace": null, "SubClasses": null, "Linetype": null, "EntityHandle": "51C", "Text": null }, "geometry": { "type": "LineString", "coordinates": [ [ -73.992736796523914, 40.675600205226111, 0.0 ], [ -73.992742768217255, 40.675603040621731, 0.0 ] ] } },
{ "type": "Feature", "properties": { "Layer": "DRAWINGS$OUTLINE", "PaperSpace": null, "SubClasses": null, "Linetype": null, "EntityHandle": "51D", "Text": null }, "geometry": { "type": "LineString", "coordinates": [ [ -73.992742768217255, 40.675603040621731, 0.0 ], [ -73.99274874377727, 40.675605871320606, 0.0 ] ] } },
{ "type": "Feature", "properties": { "Layer": "DRAWINGS$OUTLINE", "PaperSpace": null, "SubClasses": null, "Linetype": null, "EntityHandle": "51E", "Text": null }, "geometry": { "type": "LineString", "coordinates": [ [ -73.99274874377727, 40.675605871320606, 0.0 ], [ -73.992754723879543, 40.675608696458056, 0.0 ] ] } },
{ "type": "Feature", "properties": { "Layer": "DRAWINGS$OUTLINE", "PaperSpace": null, "SubClasses": null, "Linetype": null, "EntityHandle": "51F", "Text": null }, "geometry": { "type": "LineString", "coordinates": [ [ -73.992754723879543, 40.675608696458056, 0.0 ], [ -73.992760709190506, 40.675611515165755, 0.0 ] ] } },
{ "type": "Feature", "properties": { "Layer": "DRAWINGS$OUTLINE", "PaperSpace": null, "SubClasses": null, "Linetype": null, "EntityHandle": "520", "Text": null }, "geometry": { "type": "LineString", "coordinates": [ [ -73.992760709190506, 40.675611515165755, 0.0 ], [ -73.992766700362665, 40.675614326629123, 0.0 ] ] } },
{ "type": "Feature", "properties": { "Layer": "DRAWINGS$OUTLINE", "PaperSpace": null, "SubClasses": null, "Linetype": null, "EntityHandle": "521", "Text": null }, "geometry": { "type": "LineString", "coordinates": [ [ -73.992766700362665, 40.675614326629123, 0.0 ], [ -73.992772698562618, 40.675617129478972, 0.0 ] ] } },
{ "type": "Feature", "properties": { "Layer": "DRAWINGS$OUTLINE", "PaperSpace": null, "SubClasses": null, "Linetype": null, "EntityHandle": "522", "Text": null }, "geometry": { "type": "LineString", "coordinates": [ [ -73.992772698562618, 40.675617129478972, 0.0 ], [ -73.992778705595583, 40.675619921358603, 0.0 ] ] } },
{ "type": "Feature", "properties": { "Layer": "DRAWINGS$OUTLINE", "PaperSpace": null, "SubClasses": null, "Linetype": null, "EntityHandle": "523", "Text": null }, "geometry": { "type": "LineString", "coordinates": [ [ -73.992778705595583, 40.675619921358603, 0.0 ], [ -73.992784723234934, 40.675622699835834, 0.0 ] ] } },
{ "type": "Feature", "properties": { "Layer": "DRAWINGS$OUTLINE", "PaperSpace": null, "SubClasses": null, "Linetype": null, "EntityHandle": "524", "Text": null }, "geometry": { "type": "LineString", "coordinates": [ [ -73.992784723234934, 40.675622699835834, 0.0 ], [ -73.992790753601227, 40.675625462247275, 0.0 ] ] } },
{ "type": "Feature", "properties": { "Layer": "DRAWINGS$OUTLINE", "PaperSpace": null, "SubClasses": null, "Linetype": null, "EntityHandle": "525", "Text": null }, "geometry": { "type": "LineString", "coordinates": [ [ -73.992790753601227, 40.675625462247275, 0.0 ], [ -73.992796800628497, 40.675628203560059, 0.0 ] ] } },
{ "type": "Feature", "properties": { "Layer": "DRAWINGS$OUTLINE", "PaperSpace": null, "SubClasses": null, "Linetype": null, "EntityHandle": "526", "Text": null }, "geometry": { "type": "LineString", "coordinates": [ [ -73.992796800628497, 40.675628203560059, 0.0 ], [ -73.992802869691161, 40.675630916468442, 0.0 ] ] } },
{ "type": "Feature", "properties": { "Layer": "DRAWINGS$OUTLINE", "PaperSpace": null, "SubClasses": null, "Linetype": null, "EntityHandle": "527", "Text": null }, "geometry": { "type": "LineString", "coordinates": [ [ -73.992802869691161, 40.675630916468442, 0.0 ], [ -73.992808968979034, 40.675633589768815, 0.0 ] ] } },
{ "type": "Feature", "properties": { "Layer": "DRAWINGS$OUTLINE", "PaperSpace": null, "SubClasses": null, "Linetype": null, "EntityHandle": "528", "Text": null }, "geometry": { "type": "LineString", "coordinates": [ [ -73.992808968979034, 40.675633589768815, 0.0 ], [ -73.992815112760482, 40.675636203267068, 0.0 ] ] } },
{ "type": "Feature", "properties": { "Layer": "DRAWINGS$OUTLINE", "PaperSpace": null, "SubClasses": null, "Linetype": null, "EntityHandle": "529", "Text": null }, "geometry": { "type": "LineString", "coordinates": [ [ -73.992815112760482, 40.675636203267068, 0.0 ], [ -73.992821328147102, 40.675638716474658, 0.0 ] ] } },
{ "type": "Feature", "properties": { "Layer": "DRAWINGS$OUTLINE", "PaperSpace": null, "SubClasses": null, "Linetype": null, "EntityHandle": "52A", "Text": null }, "geometry": { "type": "LineString", "coordinates": [ [ -73.992821328147102, 40.675638716474658, 0.0 ], [ -73.992827674758786, 40.675641030283529, 0.0 ] ] } },
{ "type": "Feature", "properties": { "Layer": "DRAWINGS$OUTLINE", "PaperSpace": null, "SubClasses": null, "Linetype": null, "EntityHandle": "52B", "Text": null }, "geometry": { "type": "LineString", "coordinates": [ [ -73.992827674758786, 40.675641030283529, 0.0 ], [ -73.992834307309892, 40.675642799690323, 0.0 ] ] } },
{ "type": "Feature", "properties": { "Layer": "DRAWINGS$OUTLINE", "PaperSpace": null, "SubClasses": null, "Linetype": null, "EntityHandle": "52C", "Text": null }, "geometry": { "type": "LineString", "coordinates": [ [ -73.992834307309892, 40.675642799690323, 0.0 ], [ -73.992841297822324, 40.675643104698551, 0.0 ] ] } },
{ "type": "Feature", "properties": { "Layer": "DRAWINGS$OUTLINE", "PaperSpace": null, "SubClasses": null, "Linetype": null, "EntityHandle": "52D", "Text": null }, "geometry": { "type": "LineString", "coordinates": [ [ -73.992841297822324, 40.675643104698551, 0.0 ], [ -73.99284774291938, 40.67564108536078, 0.0 ] ] } },
{ "type": "Feature", "properties": { "Layer": "DRAWINGS$OUTLINE", "PaperSpace": null, "SubClasses": null, "Linetype": null, "EntityHandle": "52E", "Text": null }, "geometry": { "type": "LineString", "coordinates": [ [ -73.99284774291938, 40.67564108536078, 0.0 ], [ -73.99285296274725, 40.675637505748455, 0.0 ] ] } },
{ "type": "Feature", "properties": { "Layer": "DRAWINGS$OUTLINE", "PaperSpace": null, "SubClasses": null, "Linetype": null, "EntityHandle": "52F", "Text": null }, "geometry": { "type": "LineString", "coordinates": [ [ -73.99285296274725, 40.675637505748455, 0.0 ], [ -73.99285751540782, 40.675633421565195, 0.0 ] ] } },
{ "type": "Feature", "properties": { "Layer": "DRAWINGS$OUTLINE", "PaperSpace": null, "SubClasses": null, "Linetype": null, "EntityHandle": "530", "Text": null }, "geometry": { "type": "LineString", "coordinates": [ [ -73.99285751540782, 40.675633421565195, 0.0 ], [ -73.992861763757347, 40.675629150126042, 0.0 ] ] } },
{ "type": "Feature", "properties": { "Layer": "DRAWINGS$OUTLINE", "PaperSpace": null, "SubClasses": null, "Linetype": null, "EntityHandle": "531", "Text": null }, "geometry": { "type": "LineString", "coordinates": [ [ -73.992861763757347, 40.675629150126042, 0.0 ], [ -73.99286586529162, 40.675624795902884, 0.0 ] ] } },
{ "type": "Feature", "properties": { "Layer": "DRAWINGS$OUTLINE", "PaperSpace": null, "SubClasses": null, "Linetype": null, "EntityHandle": "532", "Text": null }, "geometry": { "type": "LineString", "coordinates": [ [ -73.99286586529162, 40.675624795902884, 0.0 ], [ -73.9928698857927, 40.675620398115989, 0.0 ] ] } },
{ "type": "Feature", "properties": { "Layer": "DRAWINGS$OUTLINE", "PaperSpace": null, "SubClasses": null, "Linetype": null, "EntityHandle": "533", "Text": null }, "geometry": { "type": "LineString", "coordinates": [ [ -73.9928698857927, 40.675620398115989, 0.0 ], [ -73.992873862901092, 40.675615977497564, 0.0 ] ] } },
{ "type": "Feature", "properties": { "Layer": "DRAWINGS$OUTLINE", "PaperSpace": null, "SubClasses": null, "Linetype": null, "EntityHandle": "534", "Text": null }, "geometry": { "type": "LineString", "coordinates": [ [ -73.992873862901092, 40.675615977497564, 0.0 ], [ -73.992877813356984, 40.675611543057201, 0.0 ] ] } },
{ "type": "Feature", "properties": { "Layer": "DRAWINGS$OUTLINE", "PaperSpace": null, "SubClasses": null, "Linetype": null, "EntityHandle": "535", "Text": null }, "geometry": { "type": "LineString", "coordinates": [ [ -73.992877813356984, 40.675611543057201, 0.0 ], [ -73.992881742408315, 40.675607097622425, 0.0 ] ] } },
{ "type": "Feature", "properties": { "Layer": "DRAWINGS$OUTLINE", "PaperSpace": null, "SubClasses": null, "Linetype": null, "EntityHandle": "536", "Text": null }, "geometry": { "type": "LineString", "coordinates": [ [ -73.992881742408315, 40.675607097622425, 0.0 ], [ -73.992885653852326, 40.67560264307302, 0.0 ] ] } },
{ "type": "Feature", "properties": { "Layer": "DRAWINGS$OUTLINE", "PaperSpace": null, "SubClasses": null, "Linetype": null, "EntityHandle": "537", "Text": null }, "geometry": { "type": "LineString", "coordinates": [ [ -73.992885653852326, 40.67560264307302, 0.0 ], [ -73.992889550235986, 40.675598180955944, 0.0 ] ] } },
{ "type": "Feature", "properties": { "Layer": "DRAWINGS$OUTLINE", "PaperSpace": null, "SubClasses": null, "Linetype": null, "EntityHandle": "538", "Text": null }, "geometry": { "type": "LineString", "coordinates": [ [ -73.992889550235986, 40.675598180955944, 0.0 ], [ -73.992893433585607, 40.675593712258092, 0.0 ] ] } },
{ "type": "Feature", "properties": { "Layer": "DRAWINGS$OUTLINE", "PaperSpace": null, "SubClasses": null, "Linetype": null, "EntityHandle": "539", "Text": null }, "geometry": { "type": "LineString", "coordinates": [ [ -73.992893433585607, 40.675593712258092, 0.0 ], [ -73.992897305447201, 40.675589237712963, 0.0 ] ] } },
{ "type": "Feature", "properties": { "Layer": "DRAWINGS$OUTLINE", "PaperSpace": null, "SubClasses": null, "Linetype": null, "EntityHandle": "53A", "Text": null }, "geometry": { "type": "LineString", "coordinates": [ [ -73.992897305447201, 40.675589237712963, 0.0 ], [ -73.992901166887734, 40.675584758019653, 0.0 ] ] } },
{ "type": "Feature", "properties": { "Layer": "DRAWINGS$OUTLINE", "PaperSpace": null, "SubClasses": null, "Linetype": null, "EntityHandle": "53B", "Text": null }, "geometry": { "type": "LineString", "coordinates": [ [ -73.992901166887734, 40.675584758019653, 0.0 ], [ -73.992905018834719, 40.675580273587798, 0.0 ] ] } },
{ "type": "Feature", "properties": { "Layer": "DRAWINGS$OUTLINE", "PaperSpace": null, "SubClasses": null, "Linetype": null, "EntityHandle": "53C", "Text": null }, "geometry": { "type": "LineString", "coordinates": [ [ -73.992905018834719, 40.675580273587798, 0.0 ], [ -73.992908861952884, 40.675575784764256, 0.0 ] ] } },
{ "type": "Feature", "properties": { "Layer": "DRAWINGS$OUTLINE", "PaperSpace": null, "SubClasses": null, "Linetype": null, "EntityHandle": "53D", "Text": null }, "geometry": { "type": "LineString", "coordinates": [ [ -73.992908861952884, 40.675575784764256, 0.0 ], [ -73.992912696710121, 40.675571291800665, 0.0 ] ] } },
{ "type": "Feature", "properties": { "Layer": "DRAWINGS$OUTLINE", "PaperSpace": null, "SubClasses": null, "Linetype": null, "EntityHandle": "53E", "Text": null }, "geometry": { "type": "LineString", "coordinates": [ [ -73.992912696710121, 40.675571291800665, 0.0 ], [ -73.992916523343183, 40.675566794899844, 0.0 ] ] } },
{ "type": "Feature", "properties": { "Layer": "DRAWINGS$OUTLINE", "PaperSpace": null, "SubClasses": null, "Linetype": null, "EntityHandle": "53F", "Text": null }, "geometry": { "type": "LineString", "coordinates": [ [ -73.992916523343183, 40.675566794899844, 0.0 ], [ -73.992920341627951, 40.675562293821386, 0.0 ] ] } },
{ "type": "Feature", "properties": { "Layer": "DRAWINGS$OUTLINE", "PaperSpace": null, "SubClasses": null, "Linetype": null, "EntityHandle": "540", "Text": null }, "geometry": { "type": "LineString", "coordinates": [ [ -73.992920341627951, 40.675562293821386, 0.0 ], [ -73.992924152862102, 40.675557789288284, 0.0 ] ] } },
{ "type": "Feature", "properties": { "Layer": "DRAWINGS$OUTLINE", "PaperSpace": null, "SubClasses": null, "Linetype": null, "EntityHandle": "541", "Text": null }, "geometry": { "type": "LineString", "coordinates": [ [ -73.992924152862102, 40.675557789288284, 0.0 ], [ -73.992927957322635, 40.675553281421486, 0.0 ] ] } },
{ "type": "Feature", "properties": { "Layer": "DRAWINGS$OUTLINE", "PaperSpace": null, "SubClasses": null, "Linetype": null, "EntityHandle": "542", "Text": null }, "geometry": { "type": "LineString", "coordinates": [ [ -73.992927957322635, 40.675553281421486, 0.0 ], [ -73.992931755000072, 40.67554877023214, 0.0 ] ] } },
{ "type": "Feature", "properties": { "Layer": "DRAWINGS$OUTLINE", "PaperSpace": null, "SubClasses": null, "Linetype": null, "EntityHandle": "543", "Text": null }, "geometry": { "type": "LineString", "coordinates": [ [ -73.992931755000072, 40.67554877023214, 0.0 ], [ -73.992935545884507, 40.675544255732035, 0.0 ] ] } },
{ "type": "Feature", "properties": { "Layer": "DRAWINGS$OUTLINE", "PaperSpace": null, "SubClasses": null, "Linetype": null, "EntityHandle": "544", "Text": null }, "geometry": { "type": "LineString", "coordinates": [ [ -73.992935545884507, 40.675544255732035, 0.0 ], [ -73.992939329972799, 40.675539737924829, 0.0 ] ] } },
{ "type": "Feature", "properties": { "Layer": "DRAWINGS$OUTLINE", "PaperSpace": null, "SubClasses": null, "Linetype": null, "EntityHandle": "545", "Text": null }, "geometry": { "type": "LineString", "coordinates": [ [ -73.992939329972799, 40.675539737924829, 0.0 ], [ -73.992943107257503, 40.675535216819455, 0.0 ] ] } },
{ "type": "Feature", "properties": { "Layer": "DRAWINGS$OUTLINE", "PaperSpace": null, "SubClasses": null, "Linetype": null, "EntityHandle": "546", "Text": null }, "geometry": { "type": "LineString", "coordinates": [ [ -73.992943107257503, 40.675535216819455, 0.0 ], [ -73.992946877731214, 40.675530692424822, 0.0 ] ] } },
{ "type": "Feature", "properties": { "Layer": "DRAWINGS$OUTLINE", "PaperSpace": null, "SubClasses": null, "Linetype": null, "EntityHandle": "547", "Text": null }, "geometry": { "type": "LineString", "coordinates": [ [ -73.992946877731214, 40.675530692424822, 0.0 ], [ -73.992950641386486, 40.675526164749861, 0.0 ] ] } },
{ "type": "Feature", "properties": { "Layer": "DRAWINGS$OUTLINE", "PaperSpace": null, "SubClasses": null, "Linetype": null, "EntityHandle": "548", "Text": null }, "geometry": { "type": "LineString", "coordinates": [ [ -73.992950641386486, 40.675526164749861, 0.0 ], [ -73.992954398215957, 40.675521633803442, 0.0 ] ] } },
{ "type": "Feature", "properties": { "Layer": "DRAWINGS$OUTLINE", "PaperSpace": null, "SubClasses": null, "Linetype": null, "EntityHandle": "549", "Text": null }, "geometry": { "type": "LineString", "coordinates": [ [ -73.992954398215957, 40.675521633803442, 0.0 ], [ -73.992958148212296, 40.675517099594607, 0.0 ] ] } },
{ "type": "Feature", "properties": { "Layer": "DRAWINGS$OUTLINE", "PaperSpace": null, "SubClasses": null, "Linetype": null, "EntityHandle": "54A", "Text": null }, "geometry": { "type": "LineString", "coordinates": [ [ -73.992958148212296, 40.675517099594607, 0.0 ], [ -73.992961892112277, 40.675512562454109, 0.0 ] ] } },
{ "type": "Feature", "properties": { "Layer": "DRAWINGS$OUTLINE", "PaperSpace": null, "SubClasses": null, "Linetype": null, "EntityHandle": "54B", "Text": null }, "geometry": { "type": "LineString", "coordinates": [ [ -73.992961892112277, 40.675512562454109, 0.0 ], [ -73.992965630372524, 40.675508022612952, 0.0 ] ] } },
{ "type": "Feature", "properties": { "Layer": "DRAWINGS$OUTLINE", "PaperSpace": null, "SubClasses": null, "Linetype": null, "EntityHandle": "54C", "Text": null }, "geometry": { "type": "LineString", "coordinates": [ [ -73.992965630372524, 40.675508022612952, 0.0 ], [ -73.992969363177096, 40.675503480155086, 0.0 ] ] } },
{ "type": "Feature", "properties": { "Layer": "DRAWINGS$OUTLINE", "PaperSpace": null, "SubClasses": null, "Linetype": null, "EntityHandle": "54D", "Text": null }, "geometry": { "type": "LineString", "coordinates": [ [ -73.992969363177096, 40.675503480155086, 0.0 ], [ -73.992973091049876, 40.675498935335987, 0.0 ] ] } },
{ "type": "Feature", "properties": { "Layer": "DRAWINGS$OUTLINE", "PaperSpace": null, "SubClasses": null, "Linetype": null, "EntityHandle": "54E", "Text": null }, "geometry": { "type": "LineString", "coordinates": [ [ -73.992973091049876, 40.675498935335987, 0.0 ], [ -73.992976814513327, 40.675494388412936, 0.0 ] ] } },
{ "type": "Feature", "properties": { "Layer": "DRAWINGS$OUTLINE", "PaperSpace": null, "SubClasses": null, "Linetype": null, "EntityHandle": "54F", "Text": null }, "geometry": { "type": "LineString", "coordinates": [ [ -73.992976814513327, 40.675494388412936, 0.0 ], [ -73.992980534088503, 40.675489839644854, 0.0 ] ] } },
{ "type": "Feature", "properties": { "Layer": "DRAWINGS$OUTLINE", "PaperSpace": null, "SubClasses": null, "Linetype": null, "EntityHandle": "550", "Text": null }, "geometry": { "type": "LineString", "coordinates": [ [ -73.992980534088503, 40.675489839644854, 0.0 ], [ -73.992984250297923, 40.675485289289, 0.0 ] ] } },
{ "type": "Feature", "properties": { "Layer": "DRAWINGS$OUTLINE", "PaperSpace": null, "SubClasses": null, "Linetype": null, "EntityHandle": "551", "Text": null }, "geometry": { "type": "LineString", "coordinates": [ [ -73.992984250297923, 40.675485289289, 0.0 ], [ -73.992987963664035, 40.675480737602612, 0.0 ] ] } },
{ "type": "Feature", "properties": { "Layer": "DRAWINGS$OUTLINE", "PaperSpace": null, "SubClasses": null, "Linetype": null, "EntityHandle": "552", "Text": null }, "geometry": { "type": "LineString", "coordinates": [ [ -73.992987963664035, 40.675480737602612, 0.0 ], [ -73.99299167470933, 40.675476184842857, 0.0 ] ] } },
{ "type": "Feature", "properties": { "Layer": "DRAWINGS$OUTLINE", "PaperSpace": null, "SubClasses": null, "Linetype": null, "EntityHandle": "553", "Text": null }, "geometry": { "type": "LineString", "coordinates": [ [ -73.99299167470933, 40.675476184842857, 0.0 ], [ -73.992995383956284, 40.675471631267072, 0.0 ] ] } },
{ "type": "Feature", "properties": { "Layer": "DRAWINGS$OUTLINE", "PaperSpace": null, "SubClasses": null, "Linetype": null, "EntityHandle": "554", "Text": null }, "geometry": { "type": "LineString", "coordinates": [ [ -73.992995383956284, 40.675471631267072, 0.0 ], [ -73.992999091932376, 40.675467077074821, 0.0 ] ] } },
{ "type": "Feature", "properties": { "Layer": "DRAWINGS$OUTLINE", "PaperSpace": null, "SubClasses": null, "Linetype": null, "EntityHandle": "555", "Text": null }, "geometry": { "type": "LineString", "coordinates": [ [ -73.992999091932376, 40.675467077074821, 0.0 ], [ -73.993002799062339, 40.6754625224508, 0.0 ] ] } },
{ "type": "Feature", "properties": { "Layer": "DRAWINGS$OUTLINE", "PaperSpace": null, "SubClasses": null, "Linetype": null, "EntityHandle": "556", "Text": null }, "geometry": { "type": "LineString", "coordinates": [ [ -73.993002799062339, 40.6754625224508, 0.0 ], [ -73.993006505885319, 40.675457967680877, 0.0 ] ] } },
{ "type": "Feature", "properties": { "Layer": "DRAWINGS$OUTLINE", "PaperSpace": null, "SubClasses": null, "Linetype": null, "EntityHandle": "557", "Text": null }, "geometry": { "type": "LineString", "coordinates": [ [ -73.993006505885319, 40.675457967680877, 0.0 ], [ -73.993010212974553, 40.675453413037616, 0.0 ] ] } },
{ "type": "Feature", "properties": { "Layer": "DRAWINGS$OUTLINE", "PaperSpace": null, "SubClasses": null, "Linetype": null, "EntityHandle": "558", "Text": null }, "geometry": { "type": "LineString", "coordinates": [ [ -73.993010212974553, 40.675453413037616, 0.0 ], [ -73.993013920904431, 40.675448858792123, 0.0 ] ] } },
{ "type": "Feature", "properties": { "Layer": "DRAWINGS$OUTLINE", "PaperSpace": null, "SubClasses": null, "Linetype": null, "EntityHandle": "559", "Text": null }, "geometry": { "type": "LineString", "coordinates": [ [ -73.993013920904431, 40.675448858792123, 0.0 ], [ -73.99301763022838, 40.675444305205396, 0.0 ] ] } },
{ "type": "Feature", "properties": { "Layer": "DRAWINGS$OUTLINE", "PaperSpace": null, "SubClasses": null, "Linetype": null, "EntityHandle": "55A", "Text": null }, "geometry": { "type": "LineString", "coordinates": [ [ -73.99301763022838, 40.675444305205396, 0.0 ], [ -73.993021341620377, 40.675439752593576, 0.0 ] ] } },
{ "type": "Feature", "properties": { "Layer": "DRAWINGS$OUTLINE", "PaperSpace": null, "SubClasses": null, "Linetype": null, "EntityHandle": "55B", "Text": null }, "geometry": { "type": "LineString", "coordinates": [ [ -73.993021341620377, 40.675439752593576, 0.0 ], [ -73.99302505611, 40.675435201438916, 0.0 ] ] } },
{ "type": "Feature", "properties": { "Layer": "DRAWINGS$OUTLINE", "PaperSpace": null, "SubClasses": null, "Linetype": null, "EntityHandle": "55C", "Text": null }, "geometry": { "type": "LineString", "coordinates": [ [ -73.99302505611, 40.675435201438916, 0.0 ], [ -73.993028774742115, 40.675430652251279, 0.0 ] ] } },
{ "type": "Feature", "properties": { "Layer": "DRAWINGS$OUTLINE", "PaperSpace": null, "SubClasses": null, "Linetype": null, "EntityHandle": "55D", "Text": null }, "geometry": { "type": "LineString", "coordinates": [ [ -73.993028774742115, 40.675430652251279, 0.0 ], [ -73.993032498566109, 40.675426105535038, 0.0 ] ] } },
{ "type": "Feature", "properties": { "Layer": "DRAWINGS$OUTLINE", "PaperSpace": null, "SubClasses": null, "Linetype": null, "EntityHandle": "55E", "Text": null }, "geometry": { "type": "LineString", "coordinates": [ [ -73.993032498566109, 40.675426105535038, 0.0 ], [ -73.993036228676829, 40.675421561808548, 0.0 ] ] } },
{ "type": "Feature", "properties": { "Layer": "DRAWINGS$OUTLINE", "PaperSpace": null, "SubClasses": null, "Linetype": null, "EntityHandle": "55F", "Text": null }, "geometry": { "type": "LineString", "coordinates": [ [ -73.993036228676829, 40.675421561808548, 0.0 ], [ -73.993039966899516, 40.675417021931061, 0.0 ] ] } },
{ "type": "Feature", "properties": { "Layer": "DRAWINGS$OUTLINE", "PaperSpace": null, "SubClasses": null, "Linetype": null, "EntityHandle": "560", "Text": null }, "geometry": { "type": "LineString", "coordinates": [ [ -73.993039966899516, 40.675417021931061, 0.0 ], [ -73.993043715649989, 40.67541248709982, 0.0 ] ] } },
{ "type": "Feature", "properties": { "Layer": "DRAWINGS$OUTLINE", "PaperSpace": null, "SubClasses": null, "Linetype": null, "EntityHandle": "561", "Text": null }, "geometry": { "type": "LineString", "coordinates": [ [ -73.993043715649989, 40.67541248709982, 0.0 ], [ -73.993047477315201, 40.675407958485266, 0.0 ] ] } },
{ "type": "Feature", "properties": { "Layer": "DRAWINGS$OUTLINE", "PaperSpace": null, "SubClasses": null, "Linetype": null, "EntityHandle": "562", "Text": null }, "geometry": { "type": "LineString", "coordinates": [ [ -73.993047477315201, 40.675407958485266, 0.0 ], [ -73.993051256193823, 40.67540343811681, 0.0 ] ] } },
{ "type": "Feature", "properties": { "Layer": "DRAWINGS$OUTLINE", "PaperSpace": null, "SubClasses": null, "Linetype": null, "EntityHandle": "563", "Text": null }, "geometry": { "type": "LineString", "coordinates": [ [ -73.993051256193823, 40.67540343811681, 0.0 ], [ -73.993055058895166, 40.675398929424787, 0.0 ] ] } },
{ "type": "Feature", "properties": { "Layer": "DRAWINGS$OUTLINE", "PaperSpace": null, "SubClasses": null, "Linetype": null, "EntityHandle": "564", "Text": null }, "geometry": { "type": "LineString", "coordinates": [ [ -73.993055058895166, 40.675398929424787, 0.0 ], [ -73.993058894956718, 40.675394437170276, 0.0 ] ] } },
{ "type": "Feature", "properties": { "Layer": "DRAWINGS$OUTLINE", "PaperSpace": null, "SubClasses": null, "Linetype": null, "EntityHandle": "565", "Text": null }, "geometry": { "type": "LineString", "coordinates": [ [ -73.993058894956718, 40.675394437170276, 0.0 ], [ -73.993062799665282, 40.675389979281853, 0.0 ] ] } },
{ "type": "Feature", "properties": { "Layer": "DRAWINGS$OUTLINE", "PaperSpace": null, "SubClasses": null, "Linetype": null, "EntityHandle": "566", "Text": null }, "geometry": { "type": "LineString", "coordinates": [ [ -73.993062799665282, 40.675389979281853, 0.0 ], [ -73.993066841094503, 40.67538559294028, 0.0 ] ] } },
{ "type": "Feature", "properties": { "Layer": "DRAWINGS$OUTLINE", "PaperSpace": null, "SubClasses": null, "Linetype": null, "EntityHandle": "567", "Text": null }, "geometry": { "type": "LineString", "coordinates": [ [ -73.993066841094503, 40.67538559294028, 0.0 ], [ -73.993071149140533, 40.675381357082905, 0.0 ] ] } },
{ "type": "Feature", "properties": { "Layer": "DRAWINGS$OUTLINE", "PaperSpace": null, "SubClasses": null, "Linetype": null, "EntityHandle": "568", "Text": null }, "geometry": { "type": "LineString", "coordinates": [ [ -73.993071149140533, 40.675381357082905, 0.0 ], [ -73.993075975263423, 40.675377463031197, 0.0 ] ] } },
{ "type": "Feature", "properties": { "Layer": "DRAWINGS$OUTLINE", "PaperSpace": null, "SubClasses": null, "Linetype": null, "EntityHandle": "569", "Text": null }, "geometry": { "type": "LineString", "coordinates": [ [ -73.993075975263423, 40.675377463031197, 0.0 ], [ -73.993081753535122, 40.675374440142612, 0.0 ] ] } },
{ "type": "Feature", "properties": { "Layer": "DRAWINGS$OUTLINE", "PaperSpace": null, "SubClasses": null, "Linetype": null, "EntityHandle": "56A", "Text": null }, "geometry": { "type": "LineString", "coordinates": [ [ -73.993081753535122, 40.675374440142612, 0.0 ], [ -73.993088579126947, 40.675373338138598, 0.0 ] ] } },
{ "type": "Feature", "properties": { "Layer": "DRAWINGS$OUTLINE", "PaperSpace": null, "SubClasses": null, "Linetype": null, "EntityHandle": "56B", "Text": null }, "geometry": { "type": "LineString", "coordinates": [ [ -73.993088579126947, 40.675373338138598, 0.0 ], [ -73.993095478814013, 40.675374291136137, 0.0 ] ] } },
{ "type": "Feature", "properties": { "Layer": "DRAWINGS$OUTLINE", "PaperSpace": null, "SubClasses": null, "Linetype": null, "EntityHandle": "56C", "Text": null }, "geometry": { "type": "LineString", "coordinates": [ [ -73.993095478814013, 40.675374291136137, 0.0 ], [ -73.993102000624305, 40.675376294733745, 0.0 ] ] } },
{ "type": "Feature", "properties": { "Layer": "DRAWINGS$OUTLINE", "PaperSpace": null, "SubClasses": null, "Linetype": null, "EntityHandle": "56D", "Text": null }, "geometry": { "type": "LineString", "coordinates": [ [ -73.993102000624305, 40.675376294733745, 0.0 ], [ -73.993108263976481, 40.675378736587064, 0.0 ] ] } },
{ "type": "Feature", "properties": { "Layer": "DRAWINGS$OUTLINE", "PaperSpace": null, "SubClasses": null, "Linetype": null, "EntityHandle": "56E", "Text": null }, "geometry": { "type": "LineString", "coordinates": [ [ -73.993108263976481, 40.675378736587064, 0.0 ], [ -73.993114388283757, 40.675381376175281, 0.0 ] ] } },
{ "type": "Feature", "properties": { "Layer": "DRAWINGS$OUTLINE", "PaperSpace": null, "SubClasses": null, "Linetype": null, "EntityHandle": "56F", "Text": null }, "geometry": { "type": "LineString", "coordinates": [ [ -73.993114388283757, 40.675381376175281, 0.0 ], [ -73.993120427462742, 40.675384127304753, 0.0 ] ] } },
{ "type": "Feature", "properties": { "Layer": "DRAWINGS$OUTLINE", "PaperSpace": null, "SubClasses": null, "Linetype": null, "EntityHandle": "570", "Text": null }, "geometry": { "type": "LineString", "coordinates": [ [ -73.993120427462742, 40.675384127304753, 0.0 ], [ -73.993126408977872, 40.675386950604548, 0.0 ] ] } },
{ "type": "Feature", "properties": { "Layer": "DRAWINGS$OUTLINE", "PaperSpace": null, "SubClasses": null, "Linetype": null, "EntityHandle": "571", "Text": null }, "geometry": { "type": "LineString", "coordinates": [ [ -73.993126408977872, 40.675386950604548, 0.0 ], [ -73.993132350791583, 40.675389822110013, 0.0 ] ] } },
{ "type": "Feature", "properties": { "Layer": "DRAWINGS$OUTLINE", "PaperSpace": null, "SubClasses": null, "Linetype": null, "EntityHandle": "572", "Text": null }, "geometry": { "type": "LineString", "coordinates": [ [ -73.993132350791583, 40.675389822110013, 0.0 ], [ -73.993138265891361, 40.67539272549336, 0.0 ] ] } },
{ "type": "Feature", "properties": { "Layer": "DRAWINGS$OUTLINE", "PaperSpace": null, "SubClasses": null, "Linetype": null, "EntityHandle": "573", "Text": null }, "geometry": { "type": "LineString", "coordinates": [ [ -73.993138265891361, 40.67539272549336, 0.0 ], [ -73.993144161902237, 40.675395651189312, 0.0 ] ] } },
{ "type": "Feature", "properties": { "Layer": "DRAWINGS$OUTLINE", "PaperSpace": null, "SubClasses": null, "Linetype": null, "EntityHandle": "574", "Text": null }, "geometry": { "type": "LineString", "coordinates": [ [ -73.993144161902237, 40.675395651189312, 0.0 ], [ -73.993150045091213, 40.675398591884068, 0.0 ] ] } },
{ "type": "Feature", "properties": { "Layer": "DRAWINGS$OUTLINE", "PaperSpace": null, "SubClasses": null, "Linetype": null, "EntityHandle": "575", "Text": null }, "geometry": { "type": "LineString", "coordinates": [ [ -73.993150045091213, 40.675398591884068, 0.0 ], [ -73.993155919426059, 40.67540154279552, 0.0 ] ] } },
{ "type": "Feature", "properties": { "Layer": "DRAWINGS$OUTLINE", "PaperSpace": null, "SubClasses": null, "Linetype": null, "EntityHandle": "576", "Text": null }, "geometry": { "type": "LineString", "coordinates": [ [ -73.993155919426059, 40.67540154279552, 0.0 ], [ -73.993161788330511, 40.675404499978214, 0.0 ] ] } },
{ "type": "Feature", "properties": { "Layer": "DRAWINGS$OUTLINE", "PaperSpace": null, "SubClasses": null, "Linetype": null, "EntityHandle": "577", "Text": null }, "geometry": { "type": "LineString", "coordinates": [ [ -73.993161788330511, 40.675404499978214, 0.0 ], [ -73.993167653735753, 40.675407461190602, 0.0 ] ] } },
{ "type": "Feature", "properties": { "Layer": "DRAWINGS$OUTLINE", "PaperSpace": null, "SubClasses": null, "Linetype": null, "EntityHandle": "578", "Text": null }, "geometry": { "type": "LineString", "coordinates": [ [ -73.993167653735753, 40.675407461190602, 0.0 ], [ -73.993173517317487, 40.675410424491339, 0.0 ] ] } },
{ "type": "Feature", "properties": { "Layer": "DRAWINGS$OUTLINE", "PaperSpace": null, "SubClasses": null, "Linetype": null, "EntityHandle": "579", "Text": null }, "geometry": { "type": "LineString", "coordinates": [ [ -73.993173517317487, 40.675410424491339, 0.0 ], [ -73.993179380737189, 40.675413387964866, 0.0 ] ] } },
{ "type": "Feature", "properties": { "Layer": "DRAWINGS$OUTLINE", "PaperSpace": null, "SubClasses": null, "Linetype": null, "EntityHandle": "57A", "Text": null }, "geometry": { "type": "LineString", "coordinates": [ [ -73.993179380737189, 40.675413387964866, 0.0 ], [ -73.993185245090515, 40.675416350378818, 0.0 ] ] } },
{ "type": "Feature", "properties": { "Layer": "DRAWINGS$OUTLINE", "PaperSpace": null, "SubClasses": null, "Linetype": null, "EntityHandle": "57B", "Text": null }, "geometry": { "type": "LineString", "coordinates": [ [ -73.993185245090515, 40.675416350378818, 0.0 ], [ -73.993191110968326, 40.675419311046795, 0.0 ] ] } },
{ "type": "Feature", "properties": { "Layer": "DRAWINGS$OUTLINE", "PaperSpace": null, "SubClasses": null, "Linetype": null, "EntityHandle": "57C", "Text": null }, "geometry": { "type": "LineString", "coordinates": [ [ -73.993191110968326, 40.675419311046795, 0.0 ], [ -73.993196978973714, 40.675422269264644, 0.0 ] ] } },
{ "type": "Feature", "properties": { "Layer": "DRAWINGS$OUTLINE", "PaperSpace": null, "SubClasses": null, "Linetype": null, "EntityHandle": "57D", "Text": null }, "geometry": { "type": "LineString", "coordinates": [ [ -73.993196978973714, 40.675422269264644, 0.0 ], [ -73.993202849240589, 40.675425224876541, 0.0 ] ] } },
{ "type": "Feature", "properties": { "Layer": "DRAWINGS$OUTLINE", "PaperSpace": null, "SubClasses": null, "Linetype": null, "EntityHandle": "57E", "Text": null }, "geometry": { "type": "LineString", "coordinates": [ [ -73.993202849240589, 40.675425224876541, 0.0 ], [ -73.993208722422224, 40.675428177123877, 0.0 ] ] } },
{ "type": "Feature", "properties": { "Layer": "DRAWINGS$OUTLINE", "PaperSpace": null, "SubClasses": null, "Linetype": null, "EntityHandle": "57F", "Text": null }, "geometry": { "type": "LineString", "coordinates": [ [ -73.993208722422224, 40.675428177123877, 0.0 ], [ -73.993214599529907, 40.675431124850583, 0.0 ] ] } },
{ "type": "Feature", "properties": { "Layer": "DRAWINGS$OUTLINE", "PaperSpace": null, "SubClasses": null, "Linetype": null, "EntityHandle": "580", "Text": null }, "geometry": { "type": "LineString", "coordinates": [ [ -73.993214599529907, 40.675431124850583, 0.0 ], [ -73.993220480558762, 40.675434068054173, 0.0 ] ] } },
{ "type": "Feature", "properties": { "Layer": "DRAWINGS$OUTLINE", "PaperSpace": null, "SubClasses": null, "Linetype": null, "EntityHandle": "581", "Text": null }, "geometry": { "type": "LineString", "coordinates": [ [ -73.993220480558762, 40.675434068054173, 0.0 ], [ -73.993226365494294, 40.675437006727378, 0.0 ] ] } },
{ "type": "Feature", "properties": { "Layer": "DRAWINGS$OUTLINE", "PaperSpace": null, "SubClasses": null, "Linetype": null, "EntityHandle": "582", "Text": null }, "geometry": { "type": "LineString", "coordinates": [ [ -73.993226365494294, 40.675437006727378, 0.0 ], [ -73.993232254333677, 40.675439940868799, 0.0 ] ] } },
{ "type": "Feature", "properties": { "Layer": "DRAWINGS$OUTLINE", "PaperSpace": null, "SubClasses": null, "Linetype": null, "EntityHandle": "583", "Text": null }, "geometry": { "type": "LineString", "coordinates": [ [ -73.993232254333677, 40.675439940868799, 0.0 ], [ -73.993238147067871, 40.67544287047393, 0.0 ] ] } },
{ "type": "Feature", "properties": { "Layer": "DRAWINGS$OUTLINE", "PaperSpace": null, "SubClasses": null, "Linetype": null, "EntityHandle": "584", "Text": null }, "geometry": { "type": "LineString", "coordinates": [ [ -73.993238147067871, 40.67544287047393, 0.0 ], [ -73.993244043687838, 40.67544579553828, 0.0 ] ] } },
{ "type": "Feature", "properties": { "Layer": "DRAWINGS$OUTLINE", "PaperSpace": null, "SubClasses": null, "Linetype": null, "EntityHandle": "585", "Text": null }, "geometry": { "type": "LineString", "coordinates": [ [ -73.993244043687838, 40.67544579553828, 0.0 ], [ -73.993249944184527, 40.675448716057346, 0.0 ] ] } },
{ "type": "Feature", "properties": { "Layer": "DRAWINGS$OUTLINE", "PaperSpace": null, "SubClasses": null, "Linetype": null, "EntityHandle": "586", "Text": null }, "geometry": { "type": "LineString", "coordinates": [ [ -73.993249944184527, 40.675448716057346, 0.0 ], [ -73.993255848548827, 40.675451632026679, 0.0 ] ] } },
{ "type": "Feature", "properties": { "Layer": "DRAWINGS$OUTLINE", "PaperSpace": null, "SubClasses": null, "Linetype": null, "EntityHandle": "587", "Text": null }, "geometry": { "type": "LineString", "coordinates": [ [ -73.993255848548827, 40.675451632026679, 0.0 ], [ -73.993261756771716, 40.675454543441845, 0.0 ] ] } },
{ "type": "Feature", "properties": { "Layer": "DRAWINGS$OUTLINE", "PaperSpace": null, "SubClasses": null, "Linetype": null, "EntityHandle": "588", "Text": null }, "geometry": { "type": "LineString", "coordinates": [ [ -73.993261756771716, 40.675454543441845, 0.0 ], [ -73.993267669394115, 40.675457449700211, 0.0 ] ] } },
{ "type": "Feature", "properties": { "Layer": "DRAWINGS$OUTLINE", "PaperSpace": null, "SubClasses": null, "Linetype": null, "EntityHandle": "589", "Text": null }, "geometry": { "type": "LineString", "coordinates": [ [ -73.993267669394115, 40.675457449700211, 0.0 ], [ -73.993273585938326, 40.675460351339574, 0.0 ] ] } },
{ "type": "Feature", "properties": { "Layer": "DRAWINGS$OUTLINE", "PaperSpace": null, "SubClasses": null, "Linetype": null, "EntityHandle": "58A", "Text": null }, "geometry": { "type": "LineString", "coordinates": [ [ -73.993273585938326, 40.675460351339574, 0.0 ], [ -73.993279505996711, 40.675463248815795, 0.0 ] ] } },
{ "type": "Feature", "properties": { "Layer": "DRAWINGS$OUTLINE", "PaperSpace": null, "SubClasses": null, "Linetype": null, "EntityHandle": "58B", "Text": null }, "geometry": { "type": "LineString", "coordinates": [ [ -73.993279505996711, 40.675463248815795, 0.0 ], [ -73.993285429227925, 40.675466142536436, 0.0 ] ] } },
{ "type": "Feature", "properties": { "Layer": "DRAWINGS$OUTLINE", "PaperSpace": null, "SubClasses": null, "Linetype": null, "EntityHandle": "58C", "Text": null }, "geometry": { "type": "LineString", "coordinates": [ [ -73.993285429227925, 40.675466142536436, 0.0 ], [ -73.993291355449969, 40.675469032723818, 0.0 ] ] } },
{ "type": "Feature", "properties": { "Layer": "DRAWINGS$OUTLINE", "PaperSpace": null, "SubClasses": null, "Linetype": null, "EntityHandle": "58D", "Text": null }, "geometry": { "type": "LineString", "coordinates": [ [ -73.993291355449969, 40.675469032723818, 0.0 ], [ -73.99329728445592, 40.675471919608938, 0.0 ] ] } },
{ "type": "Feature", "properties": { "Layer": "DRAWINGS$OUTLINE", "PaperSpace": null, "SubClasses": null, "Linetype": null, "EntityHandle": "58E", "Text": null }, "geometry": { "type": "LineString", "coordinates": [ [ -73.99329728445592, 40.675471919608938, 0.0 ], [ -73.993303216036466, 40.675474803421714, 0.0 ] ] } },
{ "type": "Feature", "properties": { "Layer": "DRAWINGS$OUTLINE", "PaperSpace": null, "SubClasses": null, "Linetype": null, "EntityHandle": "58F", "Text": null }, "geometry": { "type": "LineString", "coordinates": [ [ -73.993303216036466, 40.675474803421714, 0.0 ], [ -73.993309149984668, 40.675477684393094, 0.0 ] ] } },
{ "type": "Feature", "properties": { "Layer": "DRAWINGS$OUTLINE", "PaperSpace": null, "SubClasses": null, "Linetype": null, "EntityHandle": "590", "Text": null }, "geometry": { "type": "LineString", "coordinates": [ [ -73.993309149984668, 40.675477684393094, 0.0 ], [ -73.99331508609356, 40.675480562754096, 0.0 ] ] } },
{ "type": "Feature", "properties": { "Layer": "DRAWINGS$OUTLINE", "PaperSpace": null, "SubClasses": null, "Linetype": null, "EntityHandle": "591", "Text": null }, "geometry": { "type": "LineString", "coordinates": [ [ -73.99331508609356, 40.675480562754096, 0.0 ], [ -73.993321024175103, 40.675483438740258, 0.0 ] ] } },
{ "type": "Feature", "properties": { "Layer": "DRAWINGS$OUTLINE", "PaperSpace": null, "SubClasses": null, "Linetype": null, "EntityHandle": "592", "Text": null }, "geometry": { "type": "LineString", "coordinates": [ [ -73.993321024175103, 40.675483438740258, 0.0 ], [ -73.993326964128144, 40.675486312523681, 0.0 ] ] } },
{ "type": "Feature", "properties": { "Layer": "DRAWINGS$OUTLINE", "PaperSpace": null, "SubClasses": null, "Linetype": null, "EntityHandle": "593", "Text": null }, "geometry": { "type": "LineString", "coordinates": [ [ -73.993326964128144, 40.675486312523681, 0.0 ], [ -73.993332905833924, 40.675489184211422, 0.0 ] ] } },
{ "type": "Feature", "properties": { "Layer": "DRAWINGS$OUTLINE", "PaperSpace": null, "SubClasses": null, "Linetype": null, "EntityHandle": "594", "Text": null }, "geometry": { "type": "LineString", "coordinates": [ [ -73.993332905833924, 40.675489184211422, 0.0 ], [ -73.993338849189115, 40.675492053926376, 0.0 ] ] } },
{ "type": "Feature", "properties": { "Layer": "DRAWINGS$OUTLINE", "PaperSpace": null, "SubClasses": null, "Linetype": null, "EntityHandle": "595", "Text": null }, "geometry": { "type": "LineString", "coordinates": [ [ -73.993338849189115, 40.675492053926376, 0.0 ], [ -73.99334479408634, 40.675494921789451, 0.0 ] ] } },
{ "type": "Feature", "properties": { "Layer": "DRAWINGS$OUTLINE", "PaperSpace": null, "SubClasses": null, "Linetype": null, "EntityHandle": "596", "Text": null }, "geometry": { "type": "LineString", "coordinates": [ [ -73.99334479408634, 40.675494921789451, 0.0 ], [ -73.993350740419899, 40.67549778792241, 0.0 ] ] } },
{ "type": "Feature", "properties": { "Layer": "DRAWINGS$OUTLINE", "PaperSpace": null, "SubClasses": null, "Linetype": null, "EntityHandle": "597", "Text": null }, "geometry": { "type": "LineString", "coordinates": [ [ -73.993350740419899, 40.67549778792241, 0.0 ], [ -73.993356688084148, 40.675500652447049, 0.0 ] ] } },
{ "type": "Feature", "properties": { "Layer": "DRAWINGS$OUTLINE", "PaperSpace": null, "SubClasses": null, "Linetype": null, "EntityHandle": "598", "Text": null }, "geometry": { "type": "LineString", "coordinates": [ [ -73.993356688084148, 40.675500652447049, 0.0 ], [ -73.993362636973373, 40.675503515485126, 0.0 ] ] } },
{ "type": "Feature", "properties": { "Layer": "DRAWINGS$OUTLINE", "PaperSpace": null, "SubClasses": null, "Linetype": null, "EntityHandle": "599", "Text": null }, "geometry": { "type": "LineString", "coordinates": [ [ -73.993362636973373, 40.675503515485126, 0.0 ], [ -73.99336858699418, 40.675506377170741, 0.0 ] ] } },
{ "type": "Feature", "properties": { "Layer": "DRAWINGS$OUTLINE", "PaperSpace": null, "SubClasses": null, "Linetype": null, "EntityHandle": "59A", "Text": null }, "geometry": { "type": "LineString", "coordinates": [ [ -73.99336858699418, 40.675506377170741, 0.0 ], [ -73.993374538058845, 40.675509237598419, 0.0 ] ] } },
{ "type": "Feature", "properties": { "Layer": "DRAWINGS$OUTLINE", "PaperSpace": null, "SubClasses": null, "Linetype": null, "EntityHandle": "59B", "Text": null }, "geometry": { "type": "LineString", "coordinates": [ [ -73.993374538058845, 40.675509237598419, 0.0 ], [ -73.993380490117403, 40.675512096830445, 0.0 ] ] } },
{ "type": "Feature", "properties": { "Layer": "DRAWINGS$OUTLINE", "PaperSpace": null, "SubClasses": null, "Linetype": null, "EntityHandle": "59C", "Text": null }, "geometry": { "type": "LineString", "coordinates": [ [ -73.993380490117403, 40.675512096830445, 0.0 ], [ -73.993386443118908, 40.675514954927706, 0.0 ] ] } },
{ "type": "Feature", "properties": { "Layer": "DRAWINGS$OUTLINE", "PaperSpace": null, "SubClasses": null, "Linetype": null, "EntityHandle": "59D", "Text": null }, "geometry": { "type": "LineString", "coordinates": [ [ -73.993386443118908, 40.675514954927706, 0.0 ], [ -73.993392397012144, 40.675517811951046, 0.0 ] ] } },
{ "type": "Feature", "properties": { "Layer": "DRAWINGS$OUTLINE", "PaperSpace": null, "SubClasses": null, "Linetype": null, "EntityHandle": "59E", "Text": null }, "geometry": { "type": "LineString", "coordinates": [ [ -73.993392397012144, 40.675517811951046, 0.0 ], [ -73.993398351746336, 40.675520667961607, 0.0 ] ] } },
{ "type": "Feature", "properties": { "Layer": "DRAWINGS$OUTLINE", "PaperSpace": null, "SubClasses": null, "Linetype": null, "EntityHandle": "59F", "Text": null }, "geometry": { "type": "LineString", "coordinates": [ [ -73.993398351746336, 40.675520667961607, 0.0 ], [ -73.993404307269429, 40.675523523019756, 0.0 ] ] } },
{ "type": "Feature", "properties": { "Layer": "DRAWINGS$OUTLINE", "PaperSpace": null, "SubClasses": null, "Linetype": null, "EntityHandle": "5A0", "Text": null }, "geometry": { "type": "LineString", "coordinates": [ [ -73.993404307269429, 40.675523523019756, 0.0 ], [ -73.993410263530166, 40.67552637718633, 0.0 ] ] } },
{ "type": "Feature", "properties": { "Layer": "DRAWINGS$OUTLINE", "PaperSpace": null, "SubClasses": null, "Linetype": null, "EntityHandle": "5A1", "Text": null }, "geometry": { "type": "LineString", "coordinates": [ [ -73.993410263530166, 40.67552637718633, 0.0 ], [ -73.993416220477158, 40.675529230522116, 0.0 ] ] } },
{ "type": "Feature", "properties": { "Layer": "DRAWINGS$OUTLINE", "PaperSpace": null, "SubClasses": null, "Linetype": null, "EntityHandle": "5A2", "Text": null }, "geometry": { "type": "LineString", "coordinates": [ [ -73.993416220477158, 40.675529230522116, 0.0 ], [ -73.993422178059078, 40.675532083087873, 0.0 ] ] } },
{ "type": "Feature", "properties": { "Layer": "DRAWINGS$OUTLINE", "PaperSpace": null, "SubClasses": null, "Linetype": null, "EntityHandle": "5A3", "Text": null }, "geometry": { "type": "LineString", "coordinates": [ [ -73.993422178059078, 40.675532083087873, 0.0 ], [ -73.993428136224622, 40.675534934944416, 0.0 ] ] } },
{ "type": "Feature", "properties": { "Layer": "DRAWINGS$OUTLINE", "PaperSpace": null, "SubClasses": null, "Linetype": null, "EntityHandle": "5A4", "Text": null }, "geometry": { "type": "LineString", "coordinates": [ [ -73.993428136224622, 40.675534934944416, 0.0 ], [ -73.993434094922421, 40.67553778615256, 0.0 ] ] } },
{ "type": "Feature", "properties": { "Layer": "DRAWINGS$OUTLINE", "PaperSpace": null, "SubClasses": null, "Linetype": null, "EntityHandle": "5A5", "Text": null }, "geometry": { "type": "LineString", "coordinates": [ [ -73.993434094922421, 40.67553778615256, 0.0 ], [ -73.993440054101171, 40.67554063677305, 0.0 ] ] } },
{ "type": "Feature", "properties": { "Layer": "DRAWINGS$OUTLINE", "PaperSpace": null, "SubClasses": null, "Linetype": null, "EntityHandle": "5A6", "Text": null }, "geometry": { "type": "LineString", "coordinates": [ [ -73.993440054101171, 40.67554063677305, 0.0 ], [ -73.993446013709516, 40.675543486866673, 0.0 ] ] } },
{ "type": "Feature", "properties": { "Layer": "DRAWINGS$OUTLINE", "PaperSpace": null, "SubClasses": null, "Linetype": null, "EntityHandle": "5A7", "Text": null }, "geometry": { "type": "LineString", "coordinates": [ [ -73.993446013709516, 40.675543486866673, 0.0 ], [ -73.993451973696153, 40.675546336494257, 0.0 ] ] } },
{ "type": "Feature", "properties": { "Layer": "DRAWINGS$OUTLINE", "PaperSpace": null, "SubClasses": null, "Linetype": null, "EntityHandle": "5A8", "Text": null }, "geometry": { "type": "LineString", "coordinates": [ [ -73.993451973696153, 40.675546336494257, 0.0 ], [ -73.993457934035902, 40.675549185709819, 0.0 ] ] } },
{ "type": "Feature", "properties": { "Layer": "DRAWINGS$OUTLINE", "PaperSpace": null, "SubClasses": null, "Linetype": null, "EntityHandle": "5A9", "Text": null }, "geometry": { "type": "LineString", "coordinates": [ [ -73.993457934035902, 40.675549185709819, 0.0 ], [ -73.99346389470675, 40.675552034528373, 0.0 ] ] } },
{ "type": "Feature", "properties": { "Layer": "DRAWINGS$OUTLINE", "PaperSpace": null, "SubClasses": null, "Linetype": null, "EntityHandle": "5AA", "Text": null }, "geometry": { "type": "LineString", "coordinates": [ [ -73.99346389470675, 40.675552034528373, 0.0 ], [ -73.993469855681141, 40.675554882979185, 0.0 ] ] } },
{ "type": "Feature", "properties": { "Layer": "DRAWINGS$OUTLINE", "PaperSpace": null, "SubClasses": null, "Linetype": null, "EntityHandle": "5AB", "Text": null }, "geometry": { "type": "LineString", "coordinates": [ [ -73.993469855681141, 40.675554882979185, 0.0 ], [ -73.993475816933596, 40.675557731093186, 0.0 ] ] } },
{ "type": "Feature", "properties": { "Layer": "DRAWINGS$OUTLINE", "PaperSpace": null, "SubClasses": null, "Linetype": null, "EntityHandle": "5AC", "Text": null }, "geometry": { "type": "LineString", "coordinates": [ [ -73.993475816933596, 40.675557731093186, 0.0 ], [ -73.993481778438621, 40.675560578901276, 0.0 ] ] } },
{ "type": "Feature", "properties": { "Layer": "DRAWINGS$OUTLINE", "PaperSpace": null, "SubClasses": null, "Linetype": null, "EntityHandle": "5AD", "Text": null }, "geometry": { "type": "LineString", "coordinates": [ [ -73.993481778438621, 40.675560578901276, 0.0 ], [ -73.993487740170764, 40.675563426434394, 0.0 ] ] } },
{ "type": "Feature", "properties": { "Layer": "DRAWINGS$OUTLINE", "PaperSpace": null, "SubClasses": null, "Linetype": null, "EntityHandle": "5AE", "Text": null }, "geometry": { "type": "LineString", "coordinates": [ [ -73.993487740170764, 40.675563426434394, 0.0 ], [ -73.993493702104374, 40.675566273723341, 0.0 ] ] } },
{ "type": "Feature", "properties": { "Layer": "DRAWINGS$OUTLINE", "PaperSpace": null, "SubClasses": null, "Linetype": null, "EntityHandle": "5AF", "Text": null }, "geometry": { "type": "LineString", "coordinates": [ [ -73.993493702104374, 40.675566273723341, 0.0 ], [ -73.993499664213928, 40.675569120799054, 0.0 ] ] } },
{ "type": "Feature", "properties": { "Layer": "DRAWINGS$OUTLINE", "PaperSpace": null, "SubClasses": null, "Linetype": null, "EntityHandle": "5B0", "Text": null }, "geometry": { "type": "LineString", "coordinates": [ [ -73.993499664213928, 40.675569120799054, 0.0 ], [ -73.993505626473933, 40.675571967692399, 0.0 ] ] } },
{ "type": "Feature", "properties": { "Layer": "DRAWINGS$OUTLINE", "PaperSpace": null, "SubClasses": null, "Linetype": null, "EntityHandle": "5B1", "Text": null }, "geometry": { "type": "LineString", "coordinates": [ [ -73.993505626473933, 40.675571967692399, 0.0 ], [ -73.993511588858809, 40.675574814434285, 0.0 ] ] } },
{ "type": "Feature", "properties": { "Layer": "DRAWINGS$OUTLINE", "PaperSpace": null, "SubClasses": null, "Linetype": null, "EntityHandle": "5B2", "Text": null }, "geometry": { "type": "LineString", "coordinates": [ [ -73.993511588858809, 40.675574814434285, 0.0 ], [ -73.993517551343047, 40.675577661055584, 0.0 ] ] } },
{ "type": "Feature", "properties": { "Layer": "DRAWINGS$OUTLINE", "PaperSpace": null, "SubClasses": null, "Linetype": null, "EntityHandle": "5B3", "Text": null }, "geometry": { "type": "LineString", "coordinates": [ [ -73.993517551343047, 40.675577661055584, 0.0 ], [ -73.993523513901138, 40.675580507587199, 0.0 ] ] } },
{ "type": "Feature", "properties": { "Layer": "DRAWINGS$OUTLINE", "PaperSpace": null, "SubClasses": null, "Linetype": null, "EntityHandle": "5B4", "Text": null }, "geometry": { "type": "LineString", "coordinates": [ [ -73.993523513901138, 40.675580507587199, 0.0 ], [ -73.993529476507518, 40.675583354060002, 0.0 ] ] } },
{ "type": "Feature", "properties": { "Layer": "DRAWINGS$OUTLINE", "PaperSpace": null, "SubClasses": null, "Linetype": null, "EntityHandle": "5B5", "Text": null }, "geometry": { "type": "LineString", "coordinates": [ [ -73.993529476507518, 40.675583354060002, 0.0 ], [ -73.993535439136707, 40.675586200504902, 0.0 ] ] } },
{ "type": "Feature", "properties": { "Layer": "DRAWINGS$OUTLINE", "PaperSpace": null, "SubClasses": null, "Linetype": null, "EntityHandle": "5B6", "Text": null }, "geometry": { "type": "LineString", "coordinates": [ [ -73.993535439136707, 40.675586200504902, 0.0 ], [ -73.99354140176311, 40.675589046952794, 0.0 ] ] } },
{ "type": "Feature", "properties": { "Layer": "DRAWINGS$OUTLINE", "PaperSpace": null, "SubClasses": null, "Linetype": null, "EntityHandle": "5B7", "Text": null }, "geometry": { "type": "LineString", "coordinates": [ [ -73.99354140176311, 40.675589046952794, 0.0 ], [ -73.993547364366165, 40.675591893430735, 0.0 ] ] } },
{ "type": "Feature", "properties": { "Layer": "DRAWINGS$OUTLINE", "PaperSpace": null, "SubClasses": null, "Linetype": null, "EntityHandle": "5B8", "Text": null }, "geometry": { "type": "LineString", "coordinates": [ [ -73.993547364366165, 40.675591893430735, 0.0 ], [ -73.99355332693186, 40.675594739954683, 0.0 ] ] } },
{ "type": "Feature", "properties": { "Layer": "DRAWINGS$OUTLINE", "PaperSpace": null, "SubClasses": null, "Linetype": null, "EntityHandle": "5B9", "Text": null }, "geometry": { "type": "LineString", "coordinates": [ [ -73.99355332693186, 40.675594739954683, 0.0 ], [ -73.993559289444008, 40.675597586543994, 0.0 ] ] } },
{ "type": "Feature", "properties": { "Layer": "DRAWINGS$OUTLINE", "PaperSpace": null, "SubClasses": null, "Linetype": null, "EntityHandle": "5BA", "Text": null }, "geometry": { "type": "LineString", "coordinates": [ [ -73.993559289444008, 40.675597586543994, 0.0 ], [ -73.993565251886452, 40.67560043321825, 0.0 ] ] } },
{ "type": "Feature", "properties": { "Layer": "DRAWINGS$OUTLINE", "PaperSpace": null, "SubClasses": null, "Linetype": null, "EntityHandle": "5BB", "Text": null }, "geometry": { "type": "LineString", "coordinates": [ [ -73.993565251886452, 40.67560043321825, 0.0 ], [ -73.99357121424319, 40.675603279996977, 0.0 ] ] } },
{ "type": "Feature", "properties": { "Layer": "DRAWINGS$OUTLINE", "PaperSpace": null, "SubClasses": null, "Linetype": null, "EntityHandle": "5BC", "Text": null }, "geometry": { "type": "LineString", "coordinates": [ [ -73.99357121424319, 40.675603279996977, 0.0 ], [ -73.993577176498434, 40.675606126899964, 0.0 ] ] } },
{ "type": "Feature", "properties": { "Layer": "DRAWINGS$OUTLINE", "PaperSpace": null, "SubClasses": null, "Linetype": null, "EntityHandle": "5BD", "Text": null }, "geometry": { "type": "LineString", "coordinates": [ [ -73.993577176498434, 40.675606126899964, 0.0 ], [ -73.993583138635543, 40.67560897394646, 0.0 ] ] } },
{ "type": "Feature", "properties": { "Layer": "DRAWINGS$OUTLINE", "PaperSpace": null, "SubClasses": null, "Linetype": null, "EntityHandle": "5BE", "Text": null }, "geometry": { "type": "LineString", "coordinates": [ [ -73.993583138635543, 40.67560897394646, 0.0 ], [ -73.993589100638445, 40.675611821156096, 0.0 ] ] } },
{ "type": "Feature", "properties": { "Layer": "DRAWINGS$OUTLINE", "PaperSpace": null, "SubClasses": null, "Linetype": null, "EntityHandle": "5BF", "Text": null }, "geometry": { "type": "LineString", "coordinates": [ [ -73.993589100638445, 40.675611821156096, 0.0 ], [ -73.993595062490954, 40.675614668548349, 0.0 ] ] } },
{ "type": "Feature", "properties": { "Layer": "DRAWINGS$OUTLINE", "PaperSpace": null, "SubClasses": null, "Linetype": null, "EntityHandle": "5C0", "Text": null }, "geometry": { "type": "LineString", "coordinates": [ [ -73.993595062490954, 40.675614668548349, 0.0 ], [ -73.993601024176954, 40.675617516142815, 0.0 ] ] } },
{ "type": "Feature", "properties": { "Layer": "DRAWINGS$OUTLINE", "PaperSpace": null, "SubClasses": null, "Linetype": null, "EntityHandle": "5C1", "Text": null }, "geometry": { "type": "LineString", "coordinates": [ [ -73.993601024176954, 40.675617516142815, 0.0 ], [ -73.993606985680287, 40.675620363959027, 0.0 ] ] } },
{ "type": "Feature", "properties": { "Layer": "DRAWINGS$OUTLINE", "PaperSpace": null, "SubClasses": null, "Linetype": null, "EntityHandle": "5C2", "Text": null }, "geometry": { "type": "LineString", "coordinates": [ [ -73.993606985680287, 40.675620363959027, 0.0 ], [ -73.99361294698484, 40.67562321201649, 0.0 ] ] } },
{ "type": "Feature", "properties": { "Layer": "DRAWINGS$OUTLINE", "PaperSpace": null, "SubClasses": null, "Linetype": null, "EntityHandle": "5C3", "Text": null }, "geometry": { "type": "LineString", "coordinates": [ [ -73.99361294698484, 40.67562321201649, 0.0 ], [ -73.993618908074438, 40.675626060334793, 0.0 ] ] } },
{ "type": "Feature", "properties": { "Layer": "DRAWINGS$OUTLINE", "PaperSpace": null, "SubClasses": null, "Linetype": null, "EntityHandle": "5C4", "Text": null }, "geometry": { "type": "LineString", "coordinates": [ [ -73.993618908074438, 40.675626060334793, 0.0 ], [ -73.993624868932955, 40.675628908933462, 0.0 ] ] } },
{ "type": "Feature", "properties": { "Layer": "DRAWINGS$OUTLINE", "PaperSpace": null, "SubClasses": null, "Linetype": null, "EntityHandle": "5C5", "Text": null }, "geometry": { "type": "LineString", "coordinates": [ [ -73.993624868932955, 40.675628908933462, 0.0 ], [ -73.993630829544259, 40.675631757832086, 0.0 ] ] } },
{ "type": "Feature", "properties": { "Layer": "DRAWINGS$OUTLINE", "PaperSpace": null, "SubClasses": null, "Linetype": null, "EntityHandle": "5C6", "Text": null }, "geometry": { "type": "LineString", "coordinates": [ [ -73.993630829544259, 40.675631757832086, 0.0 ], [ -73.993636790005866, 40.675634606913277, 0.0 ] ] } },
{ "type": "Feature", "properties": { "Layer": "DRAWINGS$OUTLINE", "PaperSpace": null, "SubClasses": null, "Linetype": null, "EntityHandle": "5C7", "Text": null }, "geometry": { "type": "LineString", "coordinates": [ [ -73.993636790005866, 40.675634606913277, 0.0 ], [ -73.993642750229625, 40.67563745628329, 0.0 ] ] } },
{ "type": "Feature", "properties": { "Layer": "DRAWINGS$OUTLINE", "PaperSpace": null, "SubClasses": null, "Linetype": null, "EntityHandle": "5C8", "Text": null }, "geometry": { "type": "LineString", "coordinates": [ [ -73.993642750229625, 40.67563745628329, 0.0 ], [ -73.993648710153053, 40.675640306017428, 0.0 ] ] } },
{ "type": "Feature", "properties": { "Layer": "DRAWINGS$OUTLINE", "PaperSpace": null, "SubClasses": null, "Linetype": null, "EntityHandle": "5C9", "Text": null }, "geometry": { "type": "LineString", "coordinates": [ [ -73.993648710153053, 40.675640306017428, 0.0 ], [ -73.993654669776461, 40.675643156115818, 0.0 ] ] } },
{ "type": "Feature", "properties": { "Layer": "DRAWINGS$OUTLINE", "PaperSpace": null, "SubClasses": null, "Linetype": null, "EntityHandle": "5CA", "Text": null }, "geometry": { "type": "LineString", "coordinates": [ [ -73.993654669776461, 40.675643156115818, 0.0 ], [ -73.993660629099807, 40.675646006578418, 0.0 ] ] } },
{ "type": "Feature", "properties": { "Layer": "DRAWINGS$OUTLINE", "PaperSpace": null, "SubClasses": null, "Linetype": null, "EntityHandle": "5CB", "Text": null }, "geometry": { "type": "LineString", "coordinates": [ [ -73.993660629099807, 40.675646006578418, 0.0 ], [ -73.99366658812302, 40.675648857405257, 0.0 ] ] } },
{ "type": "Feature", "properties": { "Layer": "DRAWINGS$OUTLINE", "PaperSpace": null, "SubClasses": null, "Linetype": null, "EntityHandle": "5CC", "Text": null }, "geometry": { "type": "LineString", "coordinates": [ [ -73.99366658812302, 40.675648857405257, 0.0 ], [ -73.993672546846028, 40.675651708596234, 0.0 ] ] } },
{ "type": "Feature", "properties": { "Layer": "DRAWINGS$OUTLINE", "PaperSpace": null, "SubClasses": null, "Linetype": null, "EntityHandle": "5CD", "Text": null }, "geometry": { "type": "LineString", "coordinates": [ [ -73.993672546846028, 40.675651708596234, 0.0 ], [ -73.993678505268647, 40.675654560151301, 0.0 ] ] } },
{ "type": "Feature", "properties": { "Layer": "DRAWINGS$OUTLINE", "PaperSpace": null, "SubClasses": null, "Linetype": null, "EntityHandle": "5CE", "Text": null }, "geometry": { "type": "LineString", "coordinates": [ [ -73.993678505268647, 40.675654560151301, 0.0 ], [ -73.993684463390935, 40.675657412070464, 0.0 ] ] } },
{ "type": "Feature", "properties": { "Layer": "DRAWINGS$OUTLINE", "PaperSpace": null, "SubClasses": null, "Linetype": null, "EntityHandle": "5CF", "Text": null }, "geometry": { "type": "LineString", "coordinates": [ [ -73.993684463390935, 40.675657412070464, 0.0 ], [ -73.993690421212847, 40.675660264353724, 0.0 ] ] } },
{ "type": "Feature", "properties": { "Layer": "DRAWINGS$OUTLINE", "PaperSpace": null, "SubClasses": null, "Linetype": null, "EntityHandle": "5D0", "Text": null }, "geometry": { "type": "LineString", "coordinates": [ [ -73.993690421212847, 40.675660264353724, 0.0 ], [ -73.993696378734342, 40.675663117001058, 0.0 ] ] } },
{ "type": "Feature", "properties": { "Layer": "DRAWINGS$OUTLINE", "PaperSpace": null, "SubClasses": null, "Linetype": null, "EntityHandle": "5D1", "Text": null }, "geometry": { "type": "LineString", "coordinates": [ [ -73.993696378734342, 40.675663117001058, 0.0 ], [ -73.993702335955362, 40.67566597001241, 0.0 ] ] } },
{ "type": "Feature", "properties": { "Layer": "DRAWINGS$OUTLINE", "PaperSpace": null, "SubClasses": null, "Linetype": null, "EntityHandle": "5D2", "Text": null }, "geometry": { "type": "LineString", "coordinates": [ [ -73.993702335955362, 40.67566597001241, 0.0 ], [ -73.993708292875837, 40.675668823387767, 0.0 ] ] } },
{ "type": "Feature", "properties": { "Layer": "DRAWINGS$OUTLINE", "PaperSpace": null, "SubClasses": null, "Linetype": null, "EntityHandle": "5D3", "Text": null }, "geometry": { "type": "LineString", "coordinates": [ [ -73.993708292875837, 40.675668823387767, 0.0 ], [ -73.993714249495724, 40.675671677127113, 0.0 ] ] } },
{ "type": "Feature", "properties": { "Layer": "DRAWINGS$OUTLINE", "PaperSpace": null, "SubClasses": null, "Linetype": null, "EntityHandle": "5D4", "Text": null }, "geometry": { "type": "LineString", "coordinates": [ [ -73.993714249495724, 40.675671677127113, 0.0 ], [ -73.993720205814952, 40.675674531230385, 0.0 ] ] } },
{ "type": "Feature", "properties": { "Layer": "DRAWINGS$OUTLINE", "PaperSpace": null, "SubClasses": null, "Linetype": null, "EntityHandle": "5D5", "Text": null }, "geometry": { "type": "LineString", "coordinates": [ [ -73.993720205814952, 40.675674531230385, 0.0 ], [ -73.993726161833493, 40.675677385697611, 0.0 ] ] } },
{ "type": "Feature", "properties": { "Layer": "DRAWINGS$OUTLINE", "PaperSpace": null, "SubClasses": null, "Linetype": null, "EntityHandle": "5D6", "Text": null }, "geometry": { "type": "LineString", "coordinates": [ [ -73.993726161833493, 40.675677385697611, 0.0 ], [ -73.993732117551261, 40.675680240528713, 0.0 ] ] } },
{ "type": "Feature", "properties": { "Layer": "DRAWINGS$OUTLINE", "PaperSpace": null, "SubClasses": null, "Linetype": null, "EntityHandle": "5D7", "Text": null }, "geometry": { "type": "LineString", "coordinates": [ [ -73.993732117551261, 40.675680240528713, 0.0 ], [ -73.993738072968199, 40.675683095723727, 0.0 ] ] } },
{ "type": "Feature", "properties": { "Layer": "DRAWINGS$OUTLINE", "PaperSpace": null, "SubClasses": null, "Linetype": null, "EntityHandle": "5D8", "Text": null }, "geometry": { "type": "LineString", "coordinates": [ [ -73.993738072968199, 40.675683095723727, 0.0 ], [ -73.993744028084251, 40.67568595128256, 0.0 ] ] } },
{ "type": "Feature", "properties": { "Layer": "DRAWINGS$OUTLINE", "PaperSpace": null, "SubClasses": null, "Linetype": null, "EntityHandle": "5D9", "Text": null }, "geometry": { "type": "LineString", "coordinates": [ [ -73.993744028084251, 40.67568595128256, 0.0 ], [ -73.993749982899388, 40.675688807205198, 0.0 ] ] } },
{ "type": "Feature", "properties": { "Layer": "DRAWINGS$OUTLINE", "PaperSpace": null, "SubClasses": null, "Linetype": null, "EntityHandle": "5DA", "Text": null }, "geometry": { "type": "LineString", "coordinates": [ [ -73.993749982899388, 40.675688807205198, 0.0 ], [ -73.993755937413511, 40.675691663491634, 0.0 ] ] } },
{ "type": "Feature", "properties": { "Layer": "DRAWINGS$OUTLINE", "PaperSpace": null, "SubClasses": null, "Linetype": null, "EntityHandle": "5DB", "Text": null }, "geometry": { "type": "LineString", "coordinates": [ [ -73.993755937413511, 40.675691663491634, 0.0 ], [ -73.993761891626576, 40.675694520141839, 0.0 ] ] } },
{ "type": "Feature", "properties": { "Layer": "DRAWINGS$OUTLINE", "PaperSpace": null, "SubClasses": null, "Linetype": null, "EntityHandle": "5DC", "Text": null }, "geometry": { "type": "LineString", "coordinates": [ [ -73.993761891626576, 40.675694520141839, 0.0 ], [ -73.993767845452112, 40.67569737726047, 0.0 ] ] } },
{ "type": "Feature", "properties": { "Layer": "DRAWINGS$OUTLINE", "PaperSpace": null, "SubClasses": null, "Linetype": null, "EntityHandle": "5DD", "Text": null }, "geometry": { "type": "LineString", "coordinates": [ [ -73.993767845452112, 40.67569737726047, 0.0 ], [ -73.993773798839669, 40.675700234908625, 0.0 ] ] } },
{ "type": "Feature", "properties": { "Layer": "DRAWINGS$OUTLINE", "PaperSpace": null, "SubClasses": null, "Linetype": null, "EntityHandle": "5DE", "Text": null }, "geometry": { "type": "LineString", "coordinates": [ [ -73.993773798839669, 40.675700234908625, 0.0 ], [ -73.993779751866157, 40.675703092991434, 0.0 ] ] } },
{ "type": "Feature", "properties": { "Layer": "DRAWINGS$OUTLINE", "PaperSpace": null, "SubClasses": null, "Linetype": null, "EntityHandle": "5DF", "Text": null }, "geometry": { "type": "LineString", "coordinates": [ [ -73.993779751866157, 40.675703092991434, 0.0 ], [ -73.993785704520548, 40.675705951525721, 0.0 ] ] } },
{ "type": "Feature", "properties": { "Layer": "DRAWINGS$OUTLINE", "PaperSpace": null, "SubClasses": null, "Linetype": null, "EntityHandle": "5E0", "Text": null }, "geometry": { "type": "LineString", "coordinates": [ [ -73.993785704520548, 40.675705951525721, 0.0 ], [ -73.993791656789469, 40.675708810527183, 0.0 ] ] } },
{ "type": "Feature", "properties": { "Layer": "DRAWINGS$OUTLINE", "PaperSpace": null, "SubClasses": null, "Linetype": null, "EntityHandle": "5E1", "Text": null }, "geometry": { "type": "LineString", "coordinates": [ [ -73.993791656789469, 40.675708810527183, 0.0 ], [ -73.993797608659506, 40.675711670011523, 0.0 ] ] } },
{ "type": "Feature", "properties": { "Layer": "DRAWINGS$OUTLINE", "PaperSpace": null, "SubClasses": null, "Linetype": null, "EntityHandle": "5E2", "Text": null }, "geometry": { "type": "LineString", "coordinates": [ [ -73.993797608659506, 40.675711670011523, 0.0 ], [ -73.993803560117243, 40.67571452999443, 0.0 ] ] } },
{ "type": "Feature", "properties": { "Layer": "DRAWINGS$OUTLINE", "PaperSpace": null, "SubClasses": null, "Linetype": null, "EntityHandle": "5E3", "Text": null }, "geometry": { "type": "LineString", "coordinates": [ [ -73.993803560117243, 40.67571452999443, 0.0 ], [ -73.99380951114928, 40.67571739049162, 0.0 ] ] } },
{ "type": "Feature", "properties": { "Layer": "DRAWINGS$OUTLINE", "PaperSpace": null, "SubClasses": null, "Linetype": null, "EntityHandle": "5E4", "Text": null }, "geometry": { "type": "LineString", "coordinates": [ [ -73.99380951114928, 40.67571739049162, 0.0 ], [ -73.993815461742273, 40.675720251518776, 0.0 ] ] } },
{ "type": "Feature", "properties": { "Layer": "DRAWINGS$OUTLINE", "PaperSpace": null, "SubClasses": null, "Linetype": null, "EntityHandle": "5E5", "Text": null }, "geometry": { "type": "LineString", "coordinates": [ [ -73.993815461742273, 40.675720251518776, 0.0 ], [ -73.993821411882791, 40.675723113091635, 0.0 ] ] } },
{ "type": "Feature", "properties": { "Layer": "DRAWINGS$OUTLINE", "PaperSpace": null, "SubClasses": null, "Linetype": null, "EntityHandle": "5E6", "Text": null }, "geometry": { "type": "LineString", "coordinates": [ [ -73.993821411882791, 40.675723113091635, 0.0 ], [ -73.993827361557493, 40.675725975225866, 0.0 ] ] } },
{ "type": "Feature", "properties": { "Layer": "DRAWINGS$OUTLINE", "PaperSpace": null, "SubClasses": null, "Linetype": null, "EntityHandle": "5E7", "Text": null }, "geometry": { "type": "LineString", "coordinates": [ [ -73.993827361557493, 40.675725975225866, 0.0 ], [ -73.993833310752905, 40.675728837937179, 0.0 ] ] } },
{ "type": "Feature", "properties": { "Layer": "DRAWINGS$OUTLINE", "PaperSpace": null, "SubClasses": null, "Linetype": null, "EntityHandle": "5E8", "Text": null }, "geometry": { "type": "LineString", "coordinates": [ [ -73.993833310752905, 40.675728837937179, 0.0 ], [ -73.993839259455711, 40.675731701241276, 0.0 ] ] } },
{ "type": "Feature", "properties": { "Layer": "DRAWINGS$OUTLINE", "PaperSpace": null, "SubClasses": null, "Linetype": null, "EntityHandle": "5E9", "Text": null }, "geometry": { "type": "LineString", "coordinates": [ [ -73.993839259455711, 40.675731701241276, 0.0 ], [ -73.993845207652484, 40.675734565153867, 0.0 ] ] } },
{ "type": "Feature", "properties": { "Layer": "DRAWINGS$OUTLINE", "PaperSpace": null, "SubClasses": null, "Linetype": null, "EntityHandle": "5EA", "Text": null }, "geometry": { "type": "LineString", "coordinates": [ [ -73.993845207652484, 40.675734565153867, 0.0 ], [ -73.993851155329821, 40.675737429690621, 0.0 ] ] } },
{ "type": "Feature", "properties": { "Layer": "DRAWINGS$OUTLINE", "PaperSpace": null, "SubClasses": null, "Linetype": null, "EntityHandle": "5EB", "Text": null }, "geometry": { "type": "LineString", "coordinates": [ [ -73.993851155329821, 40.675737429690621, 0.0 ], [ -73.993857102474337, 40.675740294867261, 0.0 ] ] } },
{ "type": "Feature", "properties": { "Layer": "DRAWINGS$OUTLINE", "PaperSpace": null, "SubClasses": null, "Linetype": null, "EntityHandle": "5EC", "Text": null }, "geometry": { "type": "LineString", "coordinates": [ [ -73.993857102474337, 40.675740294867261, 0.0 ], [ -73.993863049072658, 40.675743160699504, 0.0 ] ] } },
{ "type": "Feature", "properties": { "Layer": "DRAWINGS$OUTLINE", "PaperSpace": null, "SubClasses": null, "Linetype": null, "EntityHandle": "5ED", "Text": null }, "geometry": { "type": "LineString", "coordinates": [ [ -73.993863049072658, 40.675743160699504, 0.0 ], [ -73.993868995111356, 40.675746027202997, 0.0 ] ] } },
{ "type": "Feature", "properties": { "Layer": "DRAWINGS$OUTLINE", "PaperSpace": null, "SubClasses": null, "Linetype": null, "EntityHandle": "5EE", "Text": null }, "geometry": { "type": "LineString", "coordinates": [ [ -73.993868995111356, 40.675746027202997, 0.0 ], [ -73.993874940577058, 40.6757488943935, 0.0 ] ] } },
{ "type": "Feature", "properties": { "Layer": "DRAWINGS$OUTLINE", "PaperSpace": null, "SubClasses": null, "Linetype": null, "EntityHandle": "5EF", "Text": null }, "geometry": { "type": "LineString", "coordinates": [ [ -73.993874940577058, 40.6757488943935, 0.0 ], [ -73.993880885457742, 40.675751762291533, 0.0 ] ] } },
{ "type": "Feature", "properties": { "Layer": "DRAWINGS$OUTLINE", "PaperSpace": null, "SubClasses": null, "Linetype": null, "EntityHandle": "5F0", "Text": null }, "geometry": { "type": "LineString", "coordinates": [ [ -73.993880885457742, 40.675751762291533, 0.0 ], [ -73.993886829721262, 40.675754630933895, 0.0 ] ] } },
{ "type": "Feature", "properties": { "Layer": "DRAWINGS$OUTLINE", "PaperSpace": null, "SubClasses": null, "Linetype": null, "EntityHandle": "5F1", "Text": null }, "geometry": { "type": "LineString", "coordinates": [ [ -73.993886829721262, 40.675754630933895, 0.0 ], [ -73.99389277333411, 40.675757500359929, 0.0 ] ] } },
{ "type": "Feature", "properties": { "Layer": "DRAWINGS$OUTLINE", "PaperSpace": null, "SubClasses": null, "Linetype": null, "EntityHandle": "5F2", "Text": null }, "geometry": { "type": "LineString", "coordinates": [ [ -73.99389277333411, 40.675757500359929, 0.0 ], [ -73.993898716263374, 40.675760370608458, 0.0 ] ] } },
{ "type": "Feature", "properties": { "Layer": "DRAWINGS$OUTLINE", "PaperSpace": null, "SubClasses": null, "Linetype": null, "EntityHandle": "5F3", "Text": null }, "geometry": { "type": "LineString", "coordinates": [ [ -73.993898716263374, 40.675760370608458, 0.0 ], [ -73.993904658475685, 40.675763241718052, 0.0 ] ] } },
{ "type": "Feature", "properties": { "Layer": "DRAWINGS$OUTLINE", "PaperSpace": null, "SubClasses": null, "Linetype": null, "EntityHandle": "5F4", "Text": null }, "geometry": { "type": "LineString", "coordinates": [ [ -73.993904658475685, 40.675763241718052, 0.0 ], [ -73.99391059993772, 40.675766113727391, 0.0 ] ] } },
{ "type": "Feature", "properties": { "Layer": "DRAWINGS$OUTLINE", "PaperSpace": null, "SubClasses": null, "Linetype": null, "EntityHandle": "5F5", "Text": null }, "geometry": { "type": "LineString", "coordinates": [ [ -73.99391059993772, 40.675766113727391, 0.0 ], [ -73.99391654061624, 40.675768986675159, 0.0 ] ] } },
{ "type": "Feature", "properties": { "Layer": "DRAWINGS$OUTLINE", "PaperSpace": null, "SubClasses": null, "Linetype": null, "EntityHandle": "5F6", "Text": null }, "geometry": { "type": "LineString", "coordinates": [ [ -73.99391654061624, 40.675768986675159, 0.0 ], [ -73.993922480478091, 40.67577186060003, 0.0 ] ] } },
{ "type": "Feature", "properties": { "Layer": "DRAWINGS$OUTLINE", "PaperSpace": null, "SubClasses": null, "Linetype": null, "EntityHandle": "5F7", "Text": null }, "geometry": { "type": "LineString", "coordinates": [ [ -73.993922480478091, 40.67577186060003, 0.0 ], [ -73.993928419490018, 40.675774735540706, 0.0 ] ] } },
{ "type": "Feature", "properties": { "Layer": "DRAWINGS$OUTLINE", "PaperSpace": null, "SubClasses": null, "Linetype": null, "EntityHandle": "5F8", "Text": null }, "geometry": { "type": "LineString", "coordinates": [ [ -73.993928419490018, 40.675774735540706, 0.0 ], [ -73.993934357620205, 40.675777611535473, 0.0 ] ] } },
{ "type": "Feature", "properties": { "Layer": "DRAWINGS$OUTLINE", "PaperSpace": null, "SubClasses": null, "Linetype": null, "EntityHandle": "5F9", "Text": null }, "geometry": { "type": "LineString", "coordinates": [ [ -73.993934357620205, 40.675777611535473, 0.0 ], [ -73.99394029484759, 40.675780488613341, 0.0 ] ] } },
{ "type": "Feature", "properties": { "Layer": "DRAWINGS$OUTLINE", "PaperSpace": null, "SubClasses": null, "Linetype": null, "EntityHandle": "5FA", "Text": null }, "geometry": { "type": "LineString", "coordinates": [ [ -73.99394029484759, 40.675780488613341, 0.0 ], [ -73.993946231108609, 40.67578336684975, 0.0 ] ] } },
{ "type": "Feature", "properties": { "Layer": "DRAWINGS$OUTLINE", "PaperSpace": null, "SubClasses": null, "Linetype": null, "EntityHandle": "5FB", "Text": null }, "geometry": { "type": "LineString", "coordinates": [ [ -73.993946231108609, 40.67578336684975, 0.0 ], [ -73.993952166326281, 40.675786246337871, 0.0 ] ] } },
{ "type": "Feature", "properties": { "Layer": "DRAWINGS$OUTLINE", "PaperSpace": null, "SubClasses": null, "Linetype": null, "EntityHandle": "5FC", "Text": null }, "geometry": { "type": "LineString", "coordinates": [ [ -73.993952166326281, 40.675786246337871, 0.0 ], [ -73.993958100422333, 40.675789127170191, 0.0 ] ] } },
{ "type": "Feature", "properties": { "Layer": "DRAWINGS$OUTLINE", "PaperSpace": null, "SubClasses": null, "Linetype": null, "EntityHandle": "5FD", "Text": null }, "geometry": { "type": "LineString", "coordinates": [ [ -73.993958100422333, 40.675789127170191, 0.0 ], [ -73.993964033315251, 40.675792009437664, 0.0 ] ] } },
{ "type": "Feature", "properties": { "Layer": "DRAWINGS$OUTLINE", "PaperSpace": null, "SubClasses": null, "Linetype": null, "EntityHandle": "5FE", "Text": null }, "geometry": { "type": "LineString", "coordinates": [ [ -73.993964033315251, 40.675792009437664, 0.0 ], [ -73.993969964925526, 40.675794893232187, 0.0 ] ] } },
{ "type": "Feature", "properties": { "Layer": "DRAWINGS$OUTLINE", "PaperSpace": null, "SubClasses": null, "Linetype": null, "EntityHandle": "5FF", "Text": null }, "geometry": { "type": "LineString", "coordinates": [ [ -73.993969964925526, 40.675794893232187, 0.0 ], [ -73.993975895173648, 40.675797778645659, 0.0 ] ] } },
{ "type": "Feature", "properties": { "Layer": "DRAWINGS$OUTLINE", "PaperSpace": null, "SubClasses": null, "Linetype": null, "EntityHandle": "600", "Text": null }, "geometry": { "type": "LineString", "coordinates": [ [ -73.993975895173648, 40.675797778645659, 0.0 ], [ -73.993981823980107, 40.675800665770005, 0.0 ] ] } },
{ "type": "Feature", "properties": { "Layer": "DRAWINGS$OUTLINE", "PaperSpace": null, "SubClasses": null, "Linetype": null, "EntityHandle": "601", "Text": null }, "geometry": { "type": "LineString", "coordinates": [ [ -73.993981823980107, 40.675800665770005, 0.0 ], [ -73.993987751265394, 40.675803554697126, 0.0 ] ] } },
{ "type": "Feature", "properties": { "Layer": "DRAWINGS$OUTLINE", "PaperSpace": null, "SubClasses": null, "Linetype": null, "EntityHandle": "602", "Text": null }, "geometry": { "type": "LineString", "coordinates": [ [ -73.993987751265394, 40.675803554697126, 0.0 ], [ -73.993993676943347, 40.675806445543962, 0.0 ] ] } },
{ "type": "Feature", "properties": { "Layer": "DRAWINGS$OUTLINE", "PaperSpace": null, "SubClasses": null, "Linetype": null, "EntityHandle": "603", "Text": null }, "geometry": { "type": "LineString", "coordinates": [ [ -73.993993676943347, 40.675806445543962, 0.0 ], [ -73.993999600840269, 40.675809338514327, 0.0 ] ] } },
{ "type": "Feature", "properties": { "Layer": "DRAWINGS$OUTLINE", "PaperSpace": null, "SubClasses": null, "Linetype": null, "EntityHandle": "604", "Text": null }, "geometry": { "type": "LineString", "coordinates": [ [ -73.993999600840269, 40.675809338514327, 0.0 ], [ -73.994005522764255, 40.675812233827699, 0.0 ] ] } },
{ "type": "Feature", "properties": { "Layer": "DRAWINGS$OUTLINE", "PaperSpace": null, "SubClasses": null, "Linetype": null, "EntityHandle": "605", "Text": null }, "geometry": { "type": "LineString", "coordinates": [ [ -73.994005522764255, 40.675812233827699, 0.0 ], [ -73.994011442522094, 40.675815131702272, 0.0 ] ] } },
{ "type": "Feature", "properties": { "Layer": "DRAWINGS$OUTLINE", "PaperSpace": null, "SubClasses": null, "Linetype": null, "EntityHandle": "606", "Text": null }, "geometry": { "type": "LineString", "coordinates": [ [ -73.994011442522094, 40.675815131702272, 0.0 ], [ -73.994017359924555, 40.675818032356446, 0.0 ] ] } },
{ "type": "Feature", "properties": { "Layer": "DRAWINGS$OUTLINE", "PaperSpace": null, "SubClasses": null, "Linetype": null, "EntityHandle": "607", "Text": null }, "geometry": { "type": "LineString", "coordinates": [ [ -73.994017359924555, 40.675818032356446, 0.0 ], [ -73.994023274782506, 40.675820936024287, 0.0 ] ] } },
{ "type": "Feature", "properties": { "Layer": "DRAWINGS$OUTLINE", "PaperSpace": null, "SubClasses": null, "Linetype": null, "EntityHandle": "608", "Text": null }, "geometry": { "type": "LineString", "coordinates": [ [ -73.994023274782506, 40.675820936024287, 0.0 ], [ -73.994029186718478, 40.675823843154959, 0.0 ] ] } },
{ "type": "Feature", "properties": { "Layer": "DRAWINGS$OUTLINE", "PaperSpace": null, "SubClasses": null, "Linetype": null, "EntityHandle": "609", "Text": null }, "geometry": { "type": "LineString", "coordinates": [ [ -73.994029186718478, 40.675823843154959, 0.0 ], [ -73.994035095282214, 40.675826754253258, 0.0 ] ] } },
{ "type": "Feature", "properties": { "Layer": "DRAWINGS$OUTLINE", "PaperSpace": null, "SubClasses": null, "Linetype": null, "EntityHandle": "60A", "Text": null }, "geometry": { "type": "LineString", "coordinates": [ [ -73.994035095282214, 40.675826754253258, 0.0 ], [ -73.994041000023756, 40.675829669824111, 0.0 ] ] } },
{ "type": "Feature", "properties": { "Layer": "DRAWINGS$OUTLINE", "PaperSpace": null, "SubClasses": null, "Linetype": null, "EntityHandle": "60B", "Text": null }, "geometry": { "type": "LineString", "coordinates": [ [ -73.994041000023756, 40.675829669824111, 0.0 ], [ -73.994046900497054, 40.675832590391749, 0.0 ] ] } },
{ "type": "Feature", "properties": { "Layer": "DRAWINGS$OUTLINE", "PaperSpace": null, "SubClasses": null, "Linetype": null, "EntityHandle": "60C", "Text": null }, "geometry": { "type": "LineString", "coordinates": [ [ -73.994046900497054, 40.675832590391749, 0.0 ], [ -73.994052796051506, 40.67583551674651, 0.0 ] ] } },
{ "type": "Feature", "properties": { "Layer": "DRAWINGS$OUTLINE", "PaperSpace": null, "SubClasses": null, "Linetype": null, "EntityHandle": "60D", "Text": null }, "geometry": { "type": "LineString", "coordinates": [ [ -73.994052796051506, 40.67583551674651, 0.0 ], [ -73.994058685780033, 40.675838449900382, 0.0 ] ] } },
{ "type": "Feature", "properties": { "Layer": "DRAWINGS$OUTLINE", "PaperSpace": null, "SubClasses": null, "Linetype": null, "EntityHandle": "60E", "Text": null }, "geometry": { "type": "LineString", "coordinates": [ [ -73.994058685780033, 40.675838449900382, 0.0 ], [ -73.994064568744818, 40.675841390863816, 0.0 ] ] } },
{ "type": "Feature", "properties": { "Layer": "DRAWINGS$OUTLINE", "PaperSpace": null, "SubClasses": null, "Linetype": null, "EntityHandle": "60F", "Text": null }, "geometry": { "type": "LineString", "coordinates": [ [ -73.994064568744818, 40.675841390863816, 0.0 ], [ -73.99407044408764, 40.675844340642428, 0.0 ] ] } },
{ "type": "Feature", "properties": { "Layer": "DRAWINGS$OUTLINE", "PaperSpace": null, "SubClasses": null, "Linetype": null, "EntityHandle": "610", "Text": null }, "geometry": { "type": "LineString", "coordinates": [ [ -73.99407044408764, 40.675844340642428, 0.0 ], [ -73.994076310230056, 40.675847301134539, 0.0 ] ] } },
{ "type": "Feature", "properties": { "Layer": "DRAWINGS$OUTLINE", "PaperSpace": null, "SubClasses": null, "Linetype": null, "EntityHandle": "611", "Text": null }, "geometry": { "type": "LineString", "coordinates": [ [ -73.994076310230056, 40.675847301134539, 0.0 ], [ -73.99408216466837, 40.675850274986658, 0.0 ] ] } },
{ "type": "Feature", "properties": { "Layer": "DRAWINGS$OUTLINE", "PaperSpace": null, "SubClasses": null, "Linetype": null, "EntityHandle": "612", "Text": null }, "geometry": { "type": "LineString", "coordinates": [ [ -73.99408216466837, 40.675850274986658, 0.0 ], [ -73.99408800485817, 40.675853264846523, 0.0 ] ] } },
{ "type": "Feature", "properties": { "Layer": "DRAWINGS$OUTLINE", "PaperSpace": null, "SubClasses": null, "Linetype": null, "EntityHandle": "613", "Text": null }, "geometry": { "type": "LineString", "coordinates": [ [ -73.99408800485817, 40.675853264846523, 0.0 ], [ -73.994093827498673, 40.67585627452258, 0.0 ] ] } },
{ "type": "Feature", "properties": { "Layer": "DRAWINGS$OUTLINE", "PaperSpace": null, "SubClasses": null, "Linetype": null, "EntityHandle": "614", "Text": null }, "geometry": { "type": "LineString", "coordinates": [ [ -73.994093827498673, 40.67585627452258, 0.0 ], [ -73.994099626636668, 40.675859310541391, 0.0 ] ] } },
{ "type": "Feature", "properties": { "Layer": "DRAWINGS$OUTLINE", "PaperSpace": null, "SubClasses": null, "Linetype": null, "EntityHandle": "615", "Text": null }, "geometry": { "type": "LineString", "coordinates": [ [ -73.994099626636668, 40.675859310541391, 0.0 ], [ -73.994105393302135, 40.675862382159153, 0.0 ] ] } },
{ "type": "Feature", "properties": { "Layer": "DRAWINGS$OUTLINE", "PaperSpace": null, "SubClasses": null, "Linetype": null, "EntityHandle": "616", "Text": null }, "geometry": { "type": "LineString", "coordinates": [ [ -73.994105393302135, 40.675862382159153, 0.0 ], [ -73.994111112031476, 40.675865505160253, 0.0 ] ] } },
{ "type": "Feature", "properties": { "Layer": "DRAWINGS$OUTLINE", "PaperSpace": null, "SubClasses": null, "Linetype": null, "EntityHandle": "617", "Text": null }, "geometry": { "type": "LineString", "coordinates": [ [ -73.994111112031476, 40.675865505160253, 0.0 ], [ -73.994116751827832, 40.675868710186791, 0.0 ] ] } },
{ "type": "Feature", "properties": { "Layer": "DRAWINGS$OUTLINE", "PaperSpace": null, "SubClasses": null, "Linetype": null, "EntityHandle": "618", "Text": null }, "geometry": { "type": "LineString", "coordinates": [ [ -73.994116751827832, 40.675868710186791, 0.0 ], [ -73.994122234719853, 40.675872068515538, 0.0 ] ] } },
{ "type": "Feature", "properties": { "Layer": "DRAWINGS$OUTLINE", "PaperSpace": null, "SubClasses": null, "Linetype": null, "EntityHandle": "619", "Text": null }, "geometry": { "type": "LineString", "coordinates": [ [ -73.994122234719853, 40.675872068515538, 0.0 ], [ -73.994127207667191, 40.675875846601244, 0.0 ] ] } },
{ "type": "Feature", "properties": { "Layer": "DRAWINGS$OUTLINE", "PaperSpace": null, "SubClasses": null, "Linetype": null, "EntityHandle": "61A", "Text": null }, "geometry": { "type": "LineString", "coordinates": [ [ -73.994127207667191, 40.675875846601244, 0.0 ], [ -73.994126866664615, 40.675880675114904, 0.0 ] ] } },
{ "type": "Feature", "properties": { "Layer": "DRAWINGS$OUTLINE", "PaperSpace": null, "SubClasses": null, "Linetype": null, "EntityHandle": "61B", "Text": null }, "geometry": { "type": "LineString", "coordinates": [ [ -73.994126866664615, 40.675880675114904, 0.0 ], [ -73.994121567601368, 40.675884147384728, 0.0 ] ] } },
{ "type": "Feature", "properties": { "Layer": "DRAWINGS$OUTLINE", "PaperSpace": null, "SubClasses": null, "Linetype": null, "EntityHandle": "61C", "Text": null }, "geometry": { "type": "LineString", "coordinates": [ [ -73.994121567601368, 40.675884147384728, 0.0 ], [ -73.99411531425875, 40.675886598003238, 0.0 ] ] } },
{ "type": "Feature", "properties": { "Layer": "DRAWINGS$OUTLINE", "PaperSpace": null, "SubClasses": null, "Linetype": null, "EntityHandle": "61D", "Text": null }, "geometry": { "type": "LineString", "coordinates": [ [ -73.99411531425875, 40.675886598003238, 0.0 ], [ -73.994108801068577, 40.675888626002617, 0.0 ] ] } },
{ "type": "Feature", "properties": { "Layer": "DRAWINGS$OUTLINE", "PaperSpace": null, "SubClasses": null, "Linetype": null, "EntityHandle": "61E", "Text": null }, "geometry": { "type": "LineString", "coordinates": [ [ -73.994108801068577, 40.675888626002617, 0.0 ], [ -73.994102173828267, 40.675890428474283, 0.0 ] ] } },
{ "type": "Feature", "properties": { "Layer": "DRAWINGS$OUTLINE", "PaperSpace": null, "SubClasses": null, "Linetype": null, "EntityHandle": "61F", "Text": null }, "geometry": { "type": "LineString", "coordinates": [ [ -73.994102173828267, 40.675890428474283, 0.0 ], [ -73.994095482606454, 40.675892089107307, 0.0 ] ] } },
{ "type": "Feature", "properties": { "Layer": "DRAWINGS$OUTLINE", "PaperSpace": null, "SubClasses": null, "Linetype": null, "EntityHandle": "620", "Text": null }, "geometry": { "type": "LineString", "coordinates": [ [ -73.994095482606454, 40.675892089107307, 0.0 ], [ -73.994088750362167, 40.675893650643118, 0.0 ] ] } },
{ "type": "Feature", "properties": { "Layer": "DRAWINGS$OUTLINE", "PaperSpace": null, "SubClasses": null, "Linetype": null, "EntityHandle": "621", "Text": null }, "geometry": { "type": "LineString", "coordinates": [ [ -73.994088750362167, 40.675893650643118, 0.0 ], [ -73.994081989619104, 40.675895139176639, 0.0 ] ] } },
{ "type": "Feature", "properties": { "Layer": "DRAWINGS$OUTLINE", "PaperSpace": null, "SubClasses": null, "Linetype": null, "EntityHandle": "622", "Text": null }, "geometry": { "type": "LineString", "coordinates": [ [ -73.994081989619104, 40.675895139176639, 0.0 ], [ -73.994075208731815, 40.675896573747103, 0.0 ] ] } },
{ "type": "Feature", "properties": { "Layer": "DRAWINGS$OUTLINE", "PaperSpace": null, "SubClasses": null, "Linetype": null, "EntityHandle": "623", "Text": null }, "geometry": { "type": "LineString", "coordinates": [ [ -73.994075208731815, 40.675896573747103, 0.0 ], [ -73.994068413078821, 40.67589796702989, 0.0 ] ] } },
{ "type": "Feature", "properties": { "Layer": "DRAWINGS$OUTLINE", "PaperSpace": null, "SubClasses": null, "Linetype": null, "EntityHandle": "624", "Text": null }, "geometry": { "type": "LineString", "coordinates": [ [ -73.994068413078821, 40.67589796702989, 0.0 ], [ -73.994061605727424, 40.675899327275076, 0.0 ] ] } },
{ "type": "Feature", "properties": { "Layer": "DRAWINGS$OUTLINE", "PaperSpace": null, "SubClasses": null, "Linetype": null, "EntityHandle": "625", "Text": null }, "geometry": { "type": "LineString", "coordinates": [ [ -73.994061605727424, 40.675899327275076, 0.0 ], [ -73.994054789093539, 40.675900660067001, 0.0 ] ] } },
{ "type": "Feature", "properties": { "Layer": "DRAWINGS$OUTLINE", "PaperSpace": null, "SubClasses": null, "Linetype": null, "EntityHandle": "626", "Text": null }, "geometry": { "type": "LineString", "coordinates": [ [ -73.994054789093539, 40.675900660067001, 0.0 ], [ -73.994047964602061, 40.675901969453719, 0.0 ] ] } },
{ "type": "Feature", "properties": { "Layer": "DRAWINGS$OUTLINE", "PaperSpace": null, "SubClasses": null, "Linetype": null, "EntityHandle": "627", "Text": null }, "geometry": { "type": "LineString", "coordinates": [ [ -73.994047964602061, 40.675901969453719, 0.0 ], [ -73.994041133412352, 40.675903258383251, 0.0 ] ] } },
{ "type": "Feature", "properties": { "Layer": "DRAWINGS$OUTLINE", "PaperSpace": null, "SubClasses": null, "Linetype": null, "EntityHandle": "628", "Text": null }, "geometry": { "type": "LineString", "coordinates": [ [ -73.994041133412352, 40.675903258383251, 0.0 ], [ -73.994034296335911, 40.675904528851412, 0.0 ] ] } },
{ "type": "Feature", "properties": { "Layer": "DRAWINGS$OUTLINE", "PaperSpace": null, "SubClasses": null, "Linetype": null, "EntityHandle": "629", "Text": null }, "geometry": { "type": "LineString", "coordinates": [ [ -73.994034296335911, 40.675904528851412, 0.0 ], [ -73.994027453456724, 40.675905781229623, 0.0 ] ] } },
{ "type": "Feature", "properties": { "Layer": "DRAWINGS$OUTLINE", "PaperSpace": null, "SubClasses": null, "Linetype": null, "EntityHandle": "62A", "Text": null }, "geometry": { "type": "LineString", "coordinates": [ [ -73.994027453456724, 40.675905781229623, 0.0 ], [ -73.994020606540161, 40.675907020848314, 0.0 ] ] } },
{ "type": "Feature", "properties": { "Layer": "DRAWINGS$OUTLINE", "PaperSpace": null, "SubClasses": null, "Linetype": null, "EntityHandle": "62B", "Text": null }, "geometry": { "type": "LineString", "coordinates": [ [ -73.994020606540161, 40.675907020848314, 0.0 ], [ -73.994013755648254, 40.67590824769615, 0.0 ] ] } },
{ "type": "Feature", "properties": { "Layer": "DRAWINGS$OUTLINE", "PaperSpace": null, "SubClasses": null, "Linetype": null, "EntityHandle": "62C", "Text": null }, "geometry": { "type": "LineString", "coordinates": [ [ -73.994013755648254, 40.67590824769615, 0.0 ], [ -73.994006900824232, 40.675909461765357, 0.0 ] ] } },
{ "type": "Feature", "properties": { "Layer": "DRAWINGS$OUTLINE", "PaperSpace": null, "SubClasses": null, "Linetype": null, "EntityHandle": "62D", "Text": null }, "geometry": { "type": "LineString", "coordinates": [ [ -73.994006900824232, 40.675909461765357, 0.0 ], [ -73.994000042129727, 40.675910663045059, 0.0 ] ] } },
{ "type": "Feature", "properties": { "Layer": "DRAWINGS$OUTLINE", "PaperSpace": null, "SubClasses": null, "Linetype": null, "EntityHandle": "62E", "Text": null }, "geometry": { "type": "LineString", "coordinates": [ [ -73.994000042129727, 40.675910663045059, 0.0 ], [ -73.993993179626457, 40.675911851524575, 0.0 ] ] } },
{ "type": "Feature", "properties": { "Layer": "DRAWINGS$OUTLINE", "PaperSpace": null, "SubClasses": null, "Linetype": null, "EntityHandle": "62F", "Text": null }, "geometry": { "type": "LineString", "coordinates": [ [ -73.993993179626457, 40.675911851524575, 0.0 ], [ -73.993986313520352, 40.675913027814929, 0.0 ] ] } },
{ "type": "Feature", "properties": { "Layer": "DRAWINGS$OUTLINE", "PaperSpace": null, "SubClasses": null, "Linetype": null, "EntityHandle": "630", "Text": null }, "geometry": { "type": "LineString", "coordinates": [ [ -73.993986313520352, 40.675913027814929, 0.0 ], [ -73.99397944462055, 40.675914194686442, 0.0 ] ] } },
{ "type": "Feature", "properties": { "Layer": "DRAWINGS$OUTLINE", "PaperSpace": null, "SubClasses": null, "Linetype": null, "EntityHandle": "631", "Text": null }, "geometry": { "type": "LineString", "coordinates": [ [ -73.99397944462055, 40.675914194686442, 0.0 ], [ -73.993972572975665, 40.675915352246733, 0.0 ] ] } },
{ "type": "Feature", "properties": { "Layer": "DRAWINGS$OUTLINE", "PaperSpace": null, "SubClasses": null, "Linetype": null, "EntityHandle": "632", "Text": null }, "geometry": { "type": "LineString", "coordinates": [ [ -73.993972572975665, 40.675915352246733, 0.0 ], [ -73.99396569861338, 40.675916500491006, 0.0 ] ] } },
{ "type": "Feature", "properties": { "Layer": "DRAWINGS$OUTLINE", "PaperSpace": null, "SubClasses": null, "Linetype": null, "EntityHandle": "633", "Text": null }, "geometry": { "type": "LineString", "coordinates": [ [ -73.99396569861338, 40.675916500491006, 0.0 ], [ -73.993958821573401, 40.67591763941261, 0.0 ] ] } },
{ "type": "Feature", "properties": { "Layer": "DRAWINGS$OUTLINE", "PaperSpace": null, "SubClasses": null, "Linetype": null, "EntityHandle": "634", "Text": null }, "geometry": { "type": "LineString", "coordinates": [ [ -73.993958821573401, 40.67591763941261, 0.0 ], [ -73.993951941874144, 40.675918769008476, 0.0 ] ] } },
{ "type": "Feature", "properties": { "Layer": "DRAWINGS$OUTLINE", "PaperSpace": null, "SubClasses": null, "Linetype": null, "EntityHandle": "635", "Text": null }, "geometry": { "type": "LineString", "coordinates": [ [ -73.993951941874144, 40.675918769008476, 0.0 ], [ -73.993945059548352, 40.67591988927321, 0.0 ] ] } },
{ "type": "Feature", "properties": { "Layer": "DRAWINGS$OUTLINE", "PaperSpace": null, "SubClasses": null, "Linetype": null, "EntityHandle": "636", "Text": null }, "geometry": { "type": "LineString", "coordinates": [ [ -73.993945059548352, 40.67591988927321, 0.0 ], [ -73.993938174628752, 40.675921000201534, 0.0 ] ] } },
{ "type": "Feature", "properties": { "Layer": "DRAWINGS$OUTLINE", "PaperSpace": null, "SubClasses": null, "Linetype": null, "EntityHandle": "637", "Text": null }, "geometry": { "type": "LineString", "coordinates": [ [ -73.993938174628752, 40.675921000201534, 0.0 ], [ -73.993931287148143, 40.675922101788245, 0.0 ] ] } },
{ "type": "Feature", "properties": { "Layer": "DRAWINGS$OUTLINE", "PaperSpace": null, "SubClasses": null, "Linetype": null, "EntityHandle": "638", "Text": null }, "geometry": { "type": "LineString", "coordinates": [ [ -73.993931287148143, 40.675922101788245, 0.0 ], [ -73.993924397139352, 40.675923194028229, 0.0 ] ] } },
{ "type": "Feature", "properties": { "Layer": "DRAWINGS$OUTLINE", "PaperSpace": null, "SubClasses": null, "Linetype": null, "EntityHandle": "639", "Text": null }, "geometry": { "type": "LineString", "coordinates": [ [ -73.993924397139352, 40.675923194028229, 0.0 ], [ -73.993917504702083, 40.675924277409948, 0.0 ] ] } },
{ "type": "Feature", "properties": { "Layer": "DRAWINGS$OUTLINE", "PaperSpace": null, "SubClasses": null, "Linetype": null, "EntityHandle": "63A", "Text": null }, "geometry": { "type": "LineString", "coordinates": [ [ -73.993917504702083, 40.675924277409948, 0.0 ], [ -73.993910609650683, 40.675925351307505, 0.0 ] ] } },
{ "type": "Feature", "properties": { "Layer": "DRAWINGS$OUTLINE", "PaperSpace": null, "SubClasses": null, "Linetype": null, "EntityHandle": "63B", "Text": null }, "geometry": { "type": "LineString", "coordinates": [ [ -73.993910609650683, 40.675925351307505, 0.0 ], [ -73.99390371158519, 40.675926413982872, 0.0 ] ] } },
{ "type": "Feature", "properties": { "Layer": "DRAWINGS$OUTLINE", "PaperSpace": null, "SubClasses": null, "Linetype": null, "EntityHandle": "63C", "Text": null }, "geometry": { "type": "LineString", "coordinates": [ [ -73.99390371158519, 40.675926413982872, 0.0 ], [ -73.993896810214324, 40.675927464075485, 0.0 ] ] } },
{ "type": "Feature", "properties": { "Layer": "DRAWINGS$OUTLINE", "PaperSpace": null, "SubClasses": null, "Linetype": null, "EntityHandle": "63D", "Text": null }, "geometry": { "type": "LineString", "coordinates": [ [ -73.993896810214324, 40.675927464075485, 0.0 ], [ -73.993889905221593, 40.675928500233105, 0.0 ] ] } },
{ "type": "Feature", "properties": { "Layer": "DRAWINGS$OUTLINE", "PaperSpace": null, "SubClasses": null, "Linetype": null, "EntityHandle": "63E", "Text": null }, "geometry": { "type": "LineString", "coordinates": [ [ -73.993889905221593, 40.675928500233105, 0.0 ], [ -73.993882996367063, 40.675929521105139, 0.0 ] ] } },
{ "type": "Feature", "properties": { "Layer": "DRAWINGS$OUTLINE", "PaperSpace": null, "SubClasses": null, "Linetype": null, "EntityHandle": "63F", "Text": null }, "geometry": { "type": "LineString", "coordinates": [ [ -73.993882996367063, 40.675929521105139, 0.0 ], [ -73.993876083255742, 40.675930525385944, 0.0 ] ] } },
{ "type": "Feature", "properties": { "Layer": "DRAWINGS$OUTLINE", "PaperSpace": null, "SubClasses": null, "Linetype": null, "EntityHandle": "640", "Text": null }, "geometry": { "type": "LineString", "coordinates": [ [ -73.993876083255742, 40.675930525385944, 0.0 ], [ -73.99386916570343, 40.675931511769647, 0.0 ] ] } },
{ "type": "Feature", "properties": { "Layer": "DRAWINGS$OUTLINE", "PaperSpace": null, "SubClasses": null, "Linetype": null, "EntityHandle": "641", "Text": null }, "geometry": { "type": "LineString", "coordinates": [ [ -73.99386916570343, 40.675931511769647, 0.0 ], [ -73.993862243488934, 40.675932478995804, 0.0 ] ] } },
{ "type": "Feature", "properties": { "Layer": "DRAWINGS$OUTLINE", "PaperSpace": null, "SubClasses": null, "Linetype": null, "EntityHandle": "642", "Text": null }, "geometry": { "type": "LineString", "coordinates": [ [ -73.993862243488934, 40.675932478995804, 0.0 ], [ -73.993855316415974, 40.675933425848818, 0.0 ] ] } },
{ "type": "Feature", "properties": { "Layer": "DRAWINGS$OUTLINE", "PaperSpace": null, "SubClasses": null, "Linetype": null, "EntityHandle": "643", "Text": null }, "geometry": { "type": "LineString", "coordinates": [ [ -73.993855316415974, 40.675933425848818, 0.0 ], [ -73.993848384321353, 40.675934351164706, 0.0 ] ] } },
{ "type": "Feature", "properties": { "Layer": "DRAWINGS$OUTLINE", "PaperSpace": null, "SubClasses": null, "Linetype": null, "EntityHandle": "644", "Text": null }, "geometry": { "type": "LineString", "coordinates": [ [ -73.993848384321353, 40.675934351164706, 0.0 ], [ -73.993841447075098, 40.67593525383873, 0.0 ] ] } },
{ "type": "Feature", "properties": { "Layer": "DRAWINGS$OUTLINE", "PaperSpace": null, "SubClasses": null, "Linetype": null, "EntityHandle": "645", "Text": null }, "geometry": { "type": "LineString", "coordinates": [ [ -73.993841447075098, 40.67593525383873, 0.0 ], [ -73.993834504589884, 40.675936132831005, 0.0 ] ] } },
{ "type": "Feature", "properties": { "Layer": "DRAWINGS$OUTLINE", "PaperSpace": null, "SubClasses": null, "Linetype": null, "EntityHandle": "646", "Text": null }, "geometry": { "type": "LineString", "coordinates": [ [ -73.993834504589884, 40.675936132831005, 0.0 ], [ -73.993827556798095, 40.675936987175248, 0.0 ] ] } },
{ "type": "Feature", "properties": { "Layer": "DRAWINGS$OUTLINE", "PaperSpace": null, "SubClasses": null, "Linetype": null, "EntityHandle": "647", "Text": null }, "geometry": { "type": "LineString", "coordinates": [ [ -73.993827556798095, 40.675936987175248, 0.0 ], [ -73.99382060372308, 40.675937815975246, 0.0 ] ] } },
{ "type": "Feature", "properties": { "Layer": "DRAWINGS$OUTLINE", "PaperSpace": null, "SubClasses": null, "Linetype": null, "EntityHandle": "648", "Text": null }, "geometry": { "type": "LineString", "coordinates": [ [ -73.99382060372308, 40.675937815975246, 0.0 ], [ -73.993813645269583, 40.675938618433705, 0.0 ] ] } },
{ "type": "Feature", "properties": { "Layer": "DRAWINGS$OUTLINE", "PaperSpace": null, "SubClasses": null, "Linetype": null, "EntityHandle": "649", "Text": null }, "geometry": { "type": "LineString", "coordinates": [ [ -73.993813645269583, 40.675938618433705, 0.0 ], [ -73.993806681445918, 40.67593939374575, 0.0 ] ] } },
{ "type": "Feature", "properties": { "Layer": "DRAWINGS$OUTLINE", "PaperSpace": null, "SubClasses": null, "Linetype": null, "EntityHandle": "64A", "Text": null }, "geometry": { "type": "LineString", "coordinates": [ [ -73.993806681445918, 40.67593939374575, 0.0 ], [ -73.993799712383449, 40.675940140995195, 0.0 ] ] } },
{ "type": "Feature", "properties": { "Layer": "DRAWINGS$OUTLINE", "PaperSpace": null, "SubClasses": null, "Linetype": null, "EntityHandle": "64B", "Text": null }, "geometry": { "type": "LineString", "coordinates": [ [ -73.993799712383449, 40.675940140995195, 0.0 ], [ -73.993792738106734, 40.675940859490723, 0.0 ] ] } },
{ "type": "Feature", "properties": { "Layer": "DRAWINGS$OUTLINE", "PaperSpace": null, "SubClasses": null, "Linetype": null, "EntityHandle": "64C", "Text": null }, "geometry": { "type": "LineString", "coordinates": [ [ -73.993792738106734, 40.675940859490723, 0.0 ], [ -73.993785758717635, 40.675941548576191, 0.0 ] ] } },
{ "type": "Feature", "properties": { "Layer": "DRAWINGS$OUTLINE", "PaperSpace": null, "SubClasses": null, "Linetype": null, "EntityHandle": "64D", "Text": null }, "geometry": { "type": "LineString", "coordinates": [ [ -73.993785758717635, 40.675941548576191, 0.0 ], [ -73.993778774329883, 40.67594220762988, 0.0 ] ] } },
{ "type": "Feature", "properties": { "Layer": "DRAWINGS$OUTLINE", "PaperSpace": null, "SubClasses": null, "Linetype": null, "EntityHandle": "64E", "Text": null }, "geometry": { "type": "LineString", "coordinates": [ [ -73.993778774329883, 40.67594220762988, 0.0 ], [ -73.993771785098374, 40.675942836064465, 0.0 ] ] } },
{ "type": "Feature", "properties": { "Layer": "DRAWINGS$OUTLINE", "PaperSpace": null, "SubClasses": null, "Linetype": null, "EntityHandle": "64F", "Text": null }, "geometry": { "type": "LineString", "coordinates": [ [ -73.993771785098374, 40.675942836064465, 0.0 ], [ -73.993764791136385, 40.675943433337153, 0.0 ] ] } },
{ "type": "Feature", "properties": { "Layer": "DRAWINGS$OUTLINE", "PaperSpace": null, "SubClasses": null, "Linetype": null, "EntityHandle": "650", "Text": null }, "geometry": { "type": "LineString", "coordinates": [ [ -73.993764791136385, 40.675943433337153, 0.0 ], [ -73.993757792641617, 40.675943998940902, 0.0 ] ] } },
{ "type": "Feature", "properties": { "Layer": "DRAWINGS$OUTLINE", "PaperSpace": null, "SubClasses": null, "Linetype": null, "EntityHandle": "651", "Text": null }, "geometry": { "type": "LineString", "coordinates": [ [ -73.993757792641617, 40.675943998940902, 0.0 ], [ -73.993750789801311, 40.67594453241508, 0.0 ] ] } },
{ "type": "Feature", "properties": { "Layer": "DRAWINGS$OUTLINE", "PaperSpace": null, "SubClasses": null, "Linetype": null, "EntityHandle": "652", "Text": null }, "geometry": { "type": "LineString", "coordinates": [ [ -73.993750789801311, 40.67594453241508, 0.0 ], [ -73.993743782816253, 40.675945033345279, 0.0 ] ] } },
{ "type": "Feature", "properties": { "Layer": "DRAWINGS$OUTLINE", "PaperSpace": null, "SubClasses": null, "Linetype": null, "EntityHandle": "653", "Text": null }, "geometry": { "type": "LineString", "coordinates": [ [ -73.993743782816253, 40.675945033345279, 0.0 ], [ -73.993736771902121, 40.675945501364538, 0.0 ] ] } },
{ "type": "Feature", "properties": { "Layer": "DRAWINGS$OUTLINE", "PaperSpace": null, "SubClasses": null, "Linetype": null, "EntityHandle": "654", "Text": null }, "geometry": { "type": "LineString", "coordinates": [ [ -73.993736771902121, 40.675945501364538, 0.0 ], [ -73.993729757290694, 40.675945936155024, 0.0 ] ] } },
{ "type": "Feature", "properties": { "Layer": "DRAWINGS$OUTLINE", "PaperSpace": null, "SubClasses": null, "Linetype": null, "EntityHandle": "655", "Text": null }, "geometry": { "type": "LineString", "coordinates": [ [ -73.993729757290694, 40.675945936155024, 0.0 ], [ -73.993722739231032, 40.6759463374486, 0.0 ] ] } },
{ "type": "Feature", "properties": { "Layer": "DRAWINGS$OUTLINE", "PaperSpace": null, "SubClasses": null, "Linetype": null, "EntityHandle": "656", "Text": null }, "geometry": { "type": "LineString", "coordinates": [ [ -73.993722739231032, 40.6759463374486, 0.0 ], [ -73.993715717950849, 40.67594670502983, 0.0 ] ] } },
{ "type": "Feature", "properties": { "Layer": "DRAWINGS$OUTLINE", "PaperSpace": null, "SubClasses": null, "Linetype": null, "EntityHandle": "657", "Text": null }, "geometry": { "type": "LineString", "coordinates": [ [ -73.993715717950849, 40.67594670502983, 0.0 ], [ -73.993708693800954, 40.675947038728978, 0.0 ] ] } },
{ "type": "Feature", "properties": { "Layer": "DRAWINGS$OUTLINE", "PaperSpace": null, "SubClasses": null, "Linetype": null, "EntityHandle": "658", "Text": null }, "geometry": { "type": "LineString", "coordinates": [ [ -73.993708693800954, 40.675947038728978, 0.0 ], [ -73.993701666994014, 40.67594733843513, 0.0 ] ] } },
{ "type": "Feature", "properties": { "Layer": "DRAWINGS$OUTLINE", "PaperSpace": null, "SubClasses": null, "Linetype": null, "EntityHandle": "659", "Text": null }, "geometry": { "type": "LineString", "coordinates": [ [ -73.993701666994014, 40.67594733843513, 0.0 ], [ -73.993694637781658, 40.67594760414773, 0.0 ] ] } },
{ "type": "Feature", "properties": { "Layer": "DRAWINGS$OUTLINE", "PaperSpace": null, "SubClasses": null, "Linetype": null, "EntityHandle": "65A", "Text": null }, "geometry": { "type": "LineString", "coordinates": [ [ -73.993694637781658, 40.67594760414773, 0.0 ], [ -73.993687606569992, 40.675947836384772, 0.0 ] ] } },
{ "type": "Feature", "properties": { "Layer": "DRAWINGS$OUTLINE", "PaperSpace": null, "SubClasses": null, "Linetype": null, "EntityHandle": "65B", "Text": null }, "geometry": { "type": "LineString", "coordinates": [ [ -73.993687606569992, 40.675947836384772, 0.0 ], [ -73.993680573623109, 40.675948035872942, 0.0 ] ] } },
{ "type": "Feature", "properties": { "Layer": "DRAWINGS$OUTLINE", "PaperSpace": null, "SubClasses": null, "Linetype": null, "EntityHandle": "65C", "Text": null }, "geometry": { "type": "LineString", "coordinates": [ [ -73.993680573623109, 40.675948035872942, 0.0 ], [ -73.99367353923283, 40.675948203317439, 0.0 ] ] } },
{ "type": "Feature", "properties": { "Layer": "DRAWINGS$OUTLINE", "PaperSpace": null, "SubClasses": null, "Linetype": null, "EntityHandle": "65D", "Text": null }, "geometry": { "type": "LineString", "coordinates": [ [ -73.99367353923283, 40.675948203317439, 0.0 ], [ -73.99366650367601, 40.675948339404044, 0.0 ] ] } },
{ "type": "Feature", "properties": { "Layer": "DRAWINGS$OUTLINE", "PaperSpace": null, "SubClasses": null, "Linetype": null, "EntityHandle": "65E", "Text": null }, "geometry": { "type": "LineString", "coordinates": [ [ -73.99366650367601, 40.675948339404044, 0.0 ], [ -73.993659467210009, 40.675948444799921, 0.0 ] ] } },
{ "type": "Feature", "properties": { "Layer": "DRAWINGS$OUTLINE", "PaperSpace": null, "SubClasses": null, "Linetype": null, "EntityHandle": "65F", "Text": null }, "geometry": { "type": "LineString", "coordinates": [ [ -73.993659467210009, 40.675948444799921, 0.0 ], [ -73.993652430077859, 40.675948520154051, 0.0 ] ] } },
{ "type": "Feature", "properties": { "Layer": "DRAWINGS$OUTLINE", "PaperSpace": null, "SubClasses": null, "Linetype": null, "EntityHandle": "660", "Text": null }, "geometry": { "type": "LineString", "coordinates": [ [ -73.993652430077859, 40.675948520154051, 0.0 ], [ -73.993645392508014, 40.675948566098121, 0.0 ] ] } },
{ "type": "Feature", "properties": { "Layer": "DRAWINGS$OUTLINE", "PaperSpace": null, "SubClasses": null, "Linetype": null, "EntityHandle": "661", "Text": null }, "geometry": { "type": "LineString", "coordinates": [ [ -73.993645392508014, 40.675948566098121, 0.0 ], [ -73.993638354715358, 40.67594858324685, 0.0 ] ] } },
{ "type": "Feature", "properties": { "Layer": "DRAWINGS$OUTLINE", "PaperSpace": null, "SubClasses": null, "Linetype": null, "EntityHandle": "662", "Text": null }, "geometry": { "type": "LineString", "coordinates": [ [ -73.993638354715358, 40.67594858324685, 0.0 ], [ -73.993631316902764, 40.675948572198884, 0.0 ] ] } },
{ "type": "Feature", "properties": { "Layer": "DRAWINGS$OUTLINE", "PaperSpace": null, "SubClasses": null, "Linetype": null, "EntityHandle": "663", "Text": null }, "geometry": { "type": "LineString", "coordinates": [ [ -73.993631316902764, 40.675948572198884, 0.0 ], [ -73.993624279258967, 40.675948533527368, 0.0 ] ] } },
{ "type": "Feature", "properties": { "Layer": "DRAWINGS$OUTLINE", "PaperSpace": null, "SubClasses": null, "Linetype": null, "EntityHandle": "664", "Text": null }, "geometry": { "type": "LineString", "coordinates": [ [ -73.993624279258967, 40.675948533527368, 0.0 ], [ -73.993617241982079, 40.675948467796353, 0.0 ] ] } },
{ "type": "Feature", "properties": { "Layer": "DRAWINGS$OUTLINE", "PaperSpace": null, "SubClasses": null, "Linetype": null, "EntityHandle": "665", "Text": null }, "geometry": { "type": "LineString", "coordinates": [ [ -73.993617241982079, 40.675948467796353, 0.0 ], [ -73.993610205253248, 40.675948375562839, 0.0 ] ] } },
{ "type": "Feature", "properties": { "Layer": "DRAWINGS$OUTLINE", "PaperSpace": null, "SubClasses": null, "Linetype": null, "EntityHandle": "666", "Text": null }, "geometry": { "type": "LineString", "coordinates": [ [ -73.993610205253248, 40.675948375562839, 0.0 ], [ -73.993603169167642, 40.675948257366557, 0.0 ] ] } },
{ "type": "Feature", "properties": { "Layer": "DRAWINGS$OUTLINE", "PaperSpace": null, "SubClasses": null, "Linetype": null, "EntityHandle": "667", "Text": null }, "geometry": { "type": "LineString", "coordinates": [ [ -73.993603169167642, 40.675948257366557, 0.0 ], [ -73.99359613388134, 40.675948113732396, 0.0 ] ] } },
{ "type": "Feature", "properties": { "Layer": "DRAWINGS$OUTLINE", "PaperSpace": null, "SubClasses": null, "Linetype": null, "EntityHandle": "668", "Text": null }, "geometry": { "type": "LineString", "coordinates": [ [ -73.99359613388134, 40.675948113732396, 0.0 ], [ -73.993589099539207, 40.675947945170385, 0.0 ] ] } },
{ "type": "Feature", "properties": { "Layer": "DRAWINGS$OUTLINE", "PaperSpace": null, "SubClasses": null, "Linetype": null, "EntityHandle": "669", "Text": null }, "geometry": { "type": "LineString", "coordinates": [ [ -73.993589099539207, 40.675947945170385, 0.0 ], [ -73.993582066275636, 40.675947752176221, 0.0 ] ] } },
{ "type": "Feature", "properties": { "Layer": "DRAWINGS$OUTLINE", "PaperSpace": null, "SubClasses": null, "Linetype": null, "EntityHandle": "66A", "Text": null }, "geometry": { "type": "LineString", "coordinates": [ [ -73.993582066275636, 40.675947752176221, 0.0 ], [ -73.993575034083108, 40.675947535227429, 0.0 ] ] } },
{ "type": "Feature", "properties": { "Layer": "DRAWINGS$OUTLINE", "PaperSpace": null, "SubClasses": null, "Linetype": null, "EntityHandle": "66B", "Text": null }, "geometry": { "type": "LineString", "coordinates": [ [ -73.993575034083108, 40.675947535227429, 0.0 ], [ -73.993568003357524, 40.675947294801254, 0.0 ] ] } },
{ "type": "Feature", "properties": { "Layer": "DRAWINGS$OUTLINE", "PaperSpace": null, "SubClasses": null, "Linetype": null, "EntityHandle": "66C", "Text": null }, "geometry": { "type": "LineString", "coordinates": [ [ -73.993568003357524, 40.675947294801254, 0.0 ], [ -73.993560974046758, 40.675947031348464, 0.0 ] ] } },
{ "type": "Feature", "properties": { "Layer": "DRAWINGS$OUTLINE", "PaperSpace": null, "SubClasses": null, "Linetype": null, "EntityHandle": "66D", "Text": null }, "geometry": { "type": "LineString", "coordinates": [ [ -73.993560974046758, 40.675947031348464, 0.0 ], [ -73.993553946253797, 40.675946745312217, 0.0 ] ] } },
{ "type": "Feature", "properties": { "Layer": "DRAWINGS$OUTLINE", "PaperSpace": null, "SubClasses": null, "Linetype": null, "EntityHandle": "66E", "Text": null }, "geometry": { "type": "LineString", "coordinates": [ [ -73.993553946253797, 40.675946745312217, 0.0 ], [ -73.993546920073996, 40.675946437123791, 0.0 ] ] } },
{ "type": "Feature", "properties": { "Layer": "DRAWINGS$OUTLINE", "PaperSpace": null, "SubClasses": null, "Linetype": null, "EntityHandle": "66F", "Text": null }, "geometry": { "type": "LineString", "coordinates": [ [ -73.993546920073996, 40.675946437123791, 0.0 ], [ -73.993539895595731, 40.67594610720284, 0.0 ] ] } },
{ "type": "Feature", "properties": { "Layer": "DRAWINGS$OUTLINE", "PaperSpace": null, "SubClasses": null, "Linetype": null, "EntityHandle": "670", "Text": null }, "geometry": { "type": "LineString", "coordinates": [ [ -73.993539895595731, 40.67594610720284, 0.0 ], [ -73.993532872900886, 40.675945755957912, 0.0 ] ] } },
{ "type": "Feature", "properties": { "Layer": "DRAWINGS$OUTLINE", "PaperSpace": null, "SubClasses": null, "Linetype": null, "EntityHandle": "671", "Text": null }, "geometry": { "type": "LineString", "coordinates": [ [ -73.993532872900886, 40.675945755957912, 0.0 ], [ -73.993525852016461, 40.675945383784189, 0.0 ] ] } },
{ "type": "Feature", "properties": { "Layer": "DRAWINGS$OUTLINE", "PaperSpace": null, "SubClasses": null, "Linetype": null, "EntityHandle": "672", "Text": null }, "geometry": { "type": "LineString", "coordinates": [ [ -73.993525852016461, 40.675945383784189, 0.0 ], [ -73.993518833041776, 40.675944991070459, 0.0 ] ] } },
{ "type": "Feature", "properties": { "Layer": "DRAWINGS$OUTLINE", "PaperSpace": null, "SubClasses": null, "Linetype": null, "EntityHandle": "673", "Text": null }, "geometry": { "type": "LineString", "coordinates": [ [ -73.993518833041776, 40.675944991070459, 0.0 ], [ -73.993511816213086, 40.675944578204437, 0.0 ] ] } },
{ "type": "Feature", "properties": { "Layer": "DRAWINGS$OUTLINE", "PaperSpace": null, "SubClasses": null, "Linetype": null, "EntityHandle": "674", "Text": null }, "geometry": { "type": "LineString", "coordinates": [ [ -73.993511816213086, 40.675944578204437, 0.0 ], [ -73.993504801359407, 40.675944145540853, 0.0 ] ] } },
{ "type": "Feature", "properties": { "Layer": "DRAWINGS$OUTLINE", "PaperSpace": null, "SubClasses": null, "Linetype": null, "EntityHandle": "675", "Text": null }, "geometry": { "type": "LineString", "coordinates": [ [ -73.993504801359407, 40.675944145540853, 0.0 ], [ -73.99349778861945, 40.67594369344328, 0.0 ] ] } },
{ "type": "Feature", "properties": { "Layer": "DRAWINGS$OUTLINE", "PaperSpace": null, "SubClasses": null, "Linetype": null, "EntityHandle": "676", "Text": null }, "geometry": { "type": "LineString", "coordinates": [ [ -73.99349778861945, 40.67594369344328, 0.0 ], [ -73.99349077804635, 40.675943222261793, 0.0 ] ] } },
{ "type": "Feature", "properties": { "Layer": "DRAWINGS$OUTLINE", "PaperSpace": null, "SubClasses": null, "Linetype": null, "EntityHandle": "677", "Text": null }, "geometry": { "type": "LineString", "coordinates": [ [ -73.99349077804635, 40.675943222261793, 0.0 ], [ -73.993483769689391, 40.675942732337894, 0.0 ] ] } },
{ "type": "Feature", "properties": { "Layer": "DRAWINGS$OUTLINE", "PaperSpace": null, "SubClasses": null, "Linetype": null, "EntityHandle": "678", "Text": null }, "geometry": { "type": "LineString", "coordinates": [ [ -73.993483769689391, 40.675942732337894, 0.0 ], [ -73.993476763594302, 40.675942224004977, 0.0 ] ] } },
{ "type": "Feature", "properties": { "Layer": "DRAWINGS$OUTLINE", "PaperSpace": null, "SubClasses": null, "Linetype": null, "EntityHandle": "679", "Text": null }, "geometry": { "type": "LineString", "coordinates": [ [ -73.993476763594302, 40.675942224004977, 0.0 ], [ -73.993469759803432, 40.675941697588506, 0.0 ] ] } },
{ "type": "Feature", "properties": { "Layer": "DRAWINGS$OUTLINE", "PaperSpace": null, "SubClasses": null, "Linetype": null, "EntityHandle": "67A", "Text": null }, "geometry": { "type": "LineString", "coordinates": [ [ -73.993469759803432, 40.675941697588506, 0.0 ], [ -73.993462758355875, 40.67594115340637, 0.0 ] ] } },
{ "type": "Feature", "properties": { "Layer": "DRAWINGS$OUTLINE", "PaperSpace": null, "SubClasses": null, "Linetype": null, "EntityHandle": "67B", "Text": null }, "geometry": { "type": "LineString", "coordinates": [ [ -73.993462758355875, 40.67594115340637, 0.0 ], [ -73.993455759287741, 40.675940591769233, 0.0 ] ] } },
{ "type": "Feature", "properties": { "Layer": "DRAWINGS$OUTLINE", "PaperSpace": null, "SubClasses": null, "Linetype": null, "EntityHandle": "67C", "Text": null }, "geometry": { "type": "LineString", "coordinates": [ [ -73.993455759287741, 40.675940591769233, 0.0 ], [ -73.993448762632198, 40.675940012980753, 0.0 ] ] } },
{ "type": "Feature", "properties": { "Layer": "DRAWINGS$OUTLINE", "PaperSpace": null, "SubClasses": null, "Linetype": null, "EntityHandle": "67D", "Text": null }, "geometry": { "type": "LineString", "coordinates": [ [ -73.993448762632198, 40.675940012980753, 0.0 ], [ -73.99344176844825, 40.675939417340295, 0.0 ] ] } },
{ "type": "Feature", "properties": { "Layer": "DRAWINGS$OUTLINE", "PaperSpace": null, "SubClasses": null, "Linetype": null, "EntityHandle": "67E", "Text": null }, "geometry": { "type": "LineString", "coordinates": [ [ -73.99344176844825, 40.675939417340295, 0.0 ], [ -73.993434776696446, 40.675938805132617, 0.0 ] ] } },
{ "type": "Feature", "properties": { "Layer": "DRAWINGS$OUTLINE", "PaperSpace": null, "SubClasses": null, "Linetype": null, "EntityHandle": "67F", "Text": null }, "geometry": { "type": "LineString", "coordinates": [ [ -73.993434776696446, 40.675938805132617, 0.0 ], [ -73.993427787439728, 40.675938176645175, 0.0 ] ] } },
{ "type": "Feature", "properties": { "Layer": "DRAWINGS$OUTLINE", "PaperSpace": null, "SubClasses": null, "Linetype": null, "EntityHandle": "680", "Text": null }, "geometry": { "type": "LineString", "coordinates": [ [ -73.993427787439728, 40.675938176645175, 0.0 ], [ -73.993420800711647, 40.675937532157128, 0.0 ] ] } },
{ "type": "Feature", "properties": { "Layer": "DRAWINGS$OUTLINE", "PaperSpace": null, "SubClasses": null, "Linetype": null, "EntityHandle": "681", "Text": null }, "geometry": { "type": "LineString", "coordinates": [ [ -73.993420800711647, 40.675937532157128, 0.0 ], [ -73.993413816519336, 40.675936871860777, 0.0 ] ] } },
{ "type": "Feature", "properties": { "Layer": "DRAWINGS$OUTLINE", "PaperSpace": null, "SubClasses": null, "Linetype": null, "EntityHandle": "682", "Text": null }, "geometry": { "type": "LineString", "coordinates": [ [ -73.993413816519336, 40.675936871860777, 0.0 ], [ -73.993406834899091, 40.675936195969172, 0.0 ] ] } },
{ "type": "Feature", "properties": { "Layer": "DRAWINGS$OUTLINE", "PaperSpace": null, "SubClasses": null, "Linetype": null, "EntityHandle": "683", "Text": null }, "geometry": { "type": "LineString", "coordinates": [ [ -73.993406834899091, 40.675936195969172, 0.0 ], [ -73.993399855865221, 40.675935504765768, 0.0 ] ] } },
{ "type": "Feature", "properties": { "Layer": "DRAWINGS$OUTLINE", "PaperSpace": null, "SubClasses": null, "Linetype": null, "EntityHandle": "684", "Text": null }, "geometry": { "type": "LineString", "coordinates": [ [ -73.993399855865221, 40.675935504765768, 0.0 ], [ -73.993392879427262, 40.675934798542059, 0.0 ] ] } },
{ "type": "Feature", "properties": { "Layer": "DRAWINGS$OUTLINE", "PaperSpace": null, "SubClasses": null, "Linetype": null, "EntityHandle": "685", "Text": null }, "geometry": { "type": "LineString", "coordinates": [ [ -73.993392879427262, 40.675934798542059, 0.0 ], [ -73.993385905588227, 40.675934077597375, 0.0 ] ] } },
{ "type": "Feature", "properties": { "Layer": "DRAWINGS$OUTLINE", "PaperSpace": null, "SubClasses": null, "Linetype": null, "EntityHandle": "686", "Text": null }, "geometry": { "type": "LineString", "coordinates": [ [ -73.993385905588227, 40.675934077597375, 0.0 ], [ -73.99337893434658, 40.675933342238615, 0.0 ] ] } },
{ "type": "Feature", "properties": { "Layer": "DRAWINGS$OUTLINE", "PaperSpace": null, "SubClasses": null, "Linetype": null, "EntityHandle": "687", "Text": null }, "geometry": { "type": "LineString", "coordinates": [ [ -73.99337893434658, 40.675933342238615, 0.0 ], [ -73.993371965703631, 40.675932592780669, 0.0 ] ] } },
{ "type": "Feature", "properties": { "Layer": "DRAWINGS$OUTLINE", "PaperSpace": null, "SubClasses": null, "Linetype": null, "EntityHandle": "688", "Text": null }, "geometry": { "type": "LineString", "coordinates": [ [ -73.993371965703631, 40.675932592780669, 0.0 ], [ -73.993364999635418, 40.675931829543103, 0.0 ] ] } },
{ "type": "Feature", "properties": { "Layer": "DRAWINGS$OUTLINE", "PaperSpace": null, "SubClasses": null, "Linetype": null, "EntityHandle": "689", "Text": null }, "geometry": { "type": "LineString", "coordinates": [ [ -73.993364999635418, 40.675931829543103, 0.0 ], [ -73.993358036135533, 40.675931052854359, 0.0 ] ] } },
{ "type": "Feature", "properties": { "Layer": "DRAWINGS$OUTLINE", "PaperSpace": null, "SubClasses": null, "Linetype": null, "EntityHandle": "68A", "Text": null }, "geometry": { "type": "LineString", "coordinates": [ [ -73.993358036135533, 40.675931052854359, 0.0 ], [ -73.993351075184535, 40.675930263048144, 0.0 ] ] } },
{ "type": "Feature", "properties": { "Layer": "DRAWINGS$OUTLINE", "PaperSpace": null, "SubClasses": null, "Linetype": null, "EntityHandle": "68B", "Text": null }, "geometry": { "type": "LineString", "coordinates": [ [ -73.993351075184535, 40.675930263048144, 0.0 ], [ -73.993344116757896, 40.675929460463792, 0.0 ] ] } },
{ "type": "Feature", "properties": { "Layer": "DRAWINGS$OUTLINE", "PaperSpace": null, "SubClasses": null, "Linetype": null, "EntityHandle": "68C", "Text": null }, "geometry": { "type": "LineString", "coordinates": [ [ -73.993344116757896, 40.675929460463792, 0.0 ], [ -73.993337160826329, 40.67592864544595, 0.0 ] ] } },
{ "type": "Feature", "properties": { "Layer": "DRAWINGS$OUTLINE", "PaperSpace": null, "SubClasses": null, "Linetype": null, "EntityHandle": "68D", "Text": null }, "geometry": { "type": "LineString", "coordinates": [ [ -73.993337160826329, 40.67592864544595, 0.0 ], [ -73.993330207356024, 40.675927818344213, 0.0 ] ] } },
{ "type": "Feature", "properties": { "Layer": "DRAWINGS$OUTLINE", "PaperSpace": null, "SubClasses": null, "Linetype": null, "EntityHandle": "68E", "Text": null }, "geometry": { "type": "LineString", "coordinates": [ [ -73.993330207356024, 40.675927818344213, 0.0 ], [ -73.99332325630904, 40.675926979512688, 0.0 ] ] } },
{ "type": "Feature", "properties": { "Layer": "DRAWINGS$OUTLINE", "PaperSpace": null, "SubClasses": null, "Linetype": null, "EntityHandle": "68F", "Text": null }, "geometry": { "type": "LineString", "coordinates": [ [ -73.99332325630904, 40.675926979512688, 0.0 ], [ -73.993316307643681, 40.675926129309651, 0.0 ] ] } },
{ "type": "Feature", "properties": { "Layer": "DRAWINGS$OUTLINE", "PaperSpace": null, "SubClasses": null, "Linetype": null, "EntityHandle": "690", "Text": null }, "geometry": { "type": "LineString", "coordinates": [ [ -73.993316307643681, 40.675926129309651, 0.0 ], [ -73.993309361314729, 40.675925268097139, 0.0 ] ] } },
{ "type": "Feature", "properties": { "Layer": "DRAWINGS$OUTLINE", "PaperSpace": null, "SubClasses": null, "Linetype": null, "EntityHandle": "691", "Text": null }, "geometry": { "type": "LineString", "coordinates": [ [ -73.993309361314729, 40.675925268097139, 0.0 ], [ -73.993302417273881, 40.675924396240589, 0.0 ] ] } },
{ "type": "Feature", "properties": { "Layer": "DRAWINGS$OUTLINE", "PaperSpace": null, "SubClasses": null, "Linetype": null, "EntityHandle": "692", "Text": null }, "geometry": { "type": "LineString", "coordinates": [ [ -73.993302417273881, 40.675924396240589, 0.0 ], [ -73.993295475470163, 40.67592351410844, 0.0 ] ] } },
{ "type": "Feature", "properties": { "Layer": "DRAWINGS$OUTLINE", "PaperSpace": null, "SubClasses": null, "Linetype": null, "EntityHandle": "693", "Text": null }, "geometry": { "type": "LineString", "coordinates": [ [ -73.993295475470163, 40.67592351410844, 0.0 ], [ -73.993288535778248, 40.675922622062416, 0.0 ] ] } },
{ "type": "Feature", "properties": { "Layer": "DRAWINGS$OUTLINE", "PaperSpace": null, "SubClasses": null, "Linetype": null, "EntityHandle": "694", "Text": null }, "geometry": { "type": "LineString", "coordinates": [ [ -73.993288535778248, 40.675922622062416, 0.0 ], [ -73.993281598285293, 40.675921720494202, 0.0 ] ] } },
{ "type": "Feature", "properties": { "Layer": "DRAWINGS$OUTLINE", "PaperSpace": null, "SubClasses": null, "Linetype": null, "EntityHandle": "695", "Text": null }, "geometry": { "type": "LineString", "coordinates": [ [ -73.993281598285293, 40.675921720494202, 0.0 ], [ -73.993274662883849, 40.675920809772542, 0.0 ] ] } },
{ "type": "Feature", "properties": { "Layer": "DRAWINGS$OUTLINE", "PaperSpace": null, "SubClasses": null, "Linetype": null, "EntityHandle": "696", "Text": null }, "geometry": { "type": "LineString", "coordinates": [ [ -73.993274662883849, 40.675920809772542, 0.0 ], [ -73.993267729434535, 40.675919890189093, 0.0 ] ] } },
{ "type": "Feature", "properties": { "Layer": "DRAWINGS$OUTLINE", "PaperSpace": null, "SubClasses": null, "Linetype": null, "EntityHandle": "697", "Text": null }, "geometry": { "type": "LineString", "coordinates": [ [ -73.993267729434535, 40.675919890189093, 0.0 ], [ -73.993260797989464, 40.675918962041109, 0.0 ] ] } },
{ "type": "Feature", "properties": { "Layer": "DRAWINGS$OUTLINE", "PaperSpace": null, "SubClasses": null, "Linetype": null, "EntityHandle": "698", "Text": null }, "geometry": { "type": "LineString", "coordinates": [ [ -73.993260797989464, 40.675918962041109, 0.0 ], [ -73.993253868500659, 40.675918025667563, 0.0 ] ] } },
{ "type": "Feature", "properties": { "Layer": "DRAWINGS$OUTLINE", "PaperSpace": null, "SubClasses": null, "Linetype": null, "EntityHandle": "699", "Text": null }, "geometry": { "type": "LineString", "coordinates": [ [ -73.993253868500659, 40.675918025667563, 0.0 ], [ -73.993246940832478, 40.675917081379247, 0.0 ] ] } },
{ "type": "Feature", "properties": { "Layer": "DRAWINGS$OUTLINE", "PaperSpace": null, "SubClasses": null, "Linetype": null, "EntityHandle": "69A", "Text": null }, "geometry": { "type": "LineString", "coordinates": [ [ -73.993246940832478, 40.675917081379247, 0.0 ], [ -73.993240014947375, 40.675916129485209, 0.0 ] ] } },
{ "type": "Feature", "properties": { "Layer": "DRAWINGS$OUTLINE", "PaperSpace": null, "SubClasses": null, "Linetype": null, "EntityHandle": "69B", "Text": null }, "geometry": { "type": "LineString", "coordinates": [ [ -73.993240014947375, 40.675916129485209, 0.0 ], [ -73.993233090737817, 40.67591517027121, 0.0 ] ] } },
{ "type": "Feature", "properties": { "Layer": "DRAWINGS$OUTLINE", "PaperSpace": null, "SubClasses": null, "Linetype": null, "EntityHandle": "69C", "Text": null }, "geometry": { "type": "LineString", "coordinates": [ [ -73.993233090737817, 40.67591517027121, 0.0 ], [ -73.993226168278284, 40.675914204035784, 0.0 ] ] } },
{ "type": "Feature", "properties": { "Layer": "DRAWINGS$OUTLINE", "PaperSpace": null, "SubClasses": null, "Linetype": null, "EntityHandle": "69D", "Text": null }, "geometry": { "type": "LineString", "coordinates": [ [ -73.993226168278284, 40.675914204035784, 0.0 ], [ -73.993219247453439, 40.675913231039743, 0.0 ] ] } },
{ "type": "Feature", "properties": { "Layer": "DRAWINGS$OUTLINE", "PaperSpace": null, "SubClasses": null, "Linetype": null, "EntityHandle": "69E", "Text": null }, "geometry": { "type": "LineString", "coordinates": [ [ -73.993219247453439, 40.675913231039743, 0.0 ], [ -73.993212328210419, 40.67591225154203, 0.0 ] ] } },
{ "type": "Feature", "properties": { "Layer": "DRAWINGS$OUTLINE", "PaperSpace": null, "SubClasses": null, "Linetype": null, "EntityHandle": "69F", "Text": null }, "geometry": { "type": "LineString", "coordinates": [ [ -73.993212328210419, 40.67591225154203, 0.0 ], [ -73.99320541049785, 40.675911265792308, 0.0 ] ] } },
{ "type": "Feature", "properties": { "Layer": "DRAWINGS$OUTLINE", "PaperSpace": null, "SubClasses": null, "Linetype": null, "EntityHandle": "6A0", "Text": null }, "geometry": { "type": "LineString", "coordinates": [ [ -73.99320541049785, 40.675911265792308, 0.0 ], [ -73.99319849426584, 40.675910274031715, 0.0 ] ] } },
{ "type": "Feature", "properties": { "Layer": "DRAWINGS$OUTLINE", "PaperSpace": null, "SubClasses": null, "Linetype": null, "EntityHandle": "6A1", "Text": null }, "geometry": { "type": "LineString", "coordinates": [ [ -73.99319849426584, 40.675910274031715, 0.0 ], [ -73.993191579465801, 40.675909276493684, 0.0 ] ] } },
{ "type": "Feature", "properties": { "Layer": "DRAWINGS$OUTLINE", "PaperSpace": null, "SubClasses": null, "Linetype": null, "EntityHandle": "6A2", "Text": null }, "geometry": { "type": "LineString", "coordinates": [ [ -73.993191579465801, 40.675909276493684, 0.0 ], [ -73.993184666050368, 40.675908273404744, 0.0 ] ] } },
{ "type": "Feature", "properties": { "Layer": "DRAWINGS$OUTLINE", "PaperSpace": null, "SubClasses": null, "Linetype": null, "EntityHandle": "6A3", "Text": null }, "geometry": { "type": "LineString", "coordinates": [ [ -73.993184666050368, 40.675908273404744, 0.0 ], [ -73.993177753973342, 40.675907264985213, 0.0 ] ] } },
{ "type": "Feature", "properties": { "Layer": "DRAWINGS$OUTLINE", "PaperSpace": null, "SubClasses": null, "Linetype": null, "EntityHandle": "6A4", "Text": null }, "geometry": { "type": "LineString", "coordinates": [ [ -73.993177753973342, 40.675907264985213, 0.0 ], [ -73.993170843189574, 40.67590625144981, 0.0 ] ] } },
{ "type": "Feature", "properties": { "Layer": "DRAWINGS$OUTLINE", "PaperSpace": null, "SubClasses": null, "Linetype": null, "EntityHandle": "6A5", "Text": null }, "geometry": { "type": "LineString", "coordinates": [ [ -73.993170843189574, 40.67590625144981, 0.0 ], [ -73.993163933667262, 40.675905233010326, 0.0 ] ] } },
{ "type": "Feature", "properties": { "Layer": "DRAWINGS$OUTLINE", "PaperSpace": null, "SubClasses": null, "Linetype": null, "EntityHandle": "6A6", "Text": null }, "geometry": { "type": "LineString", "coordinates": [ [ -73.993163933667262, 40.675905233010326, 0.0 ], [ -73.993157025315782, 40.675904209865479, 0.0 ] ] } },
{ "type": "Feature", "properties": { "Layer": "DRAWINGS$OUTLINE", "PaperSpace": null, "SubClasses": null, "Linetype": null, "EntityHandle": "6A7", "Text": null }, "geometry": { "type": "LineString", "coordinates": [ [ -73.993157025315782, 40.675904209865479, 0.0 ], [ -73.993150118123367, 40.675903182221866, 0.0 ] ] } },
{ "type": "Feature", "properties": { "Layer": "DRAWINGS$OUTLINE", "PaperSpace": null, "SubClasses": null, "Linetype": null, "EntityHandle": "6A8", "Text": null }, "geometry": { "type": "LineString", "coordinates": [ [ -73.993150118123367, 40.675903182221866, 0.0 ], [ -73.993143212066997, 40.675902150281708, 0.0 ] ] } },
{ "type": "Feature", "properties": { "Layer": "DRAWINGS$OUTLINE", "PaperSpace": null, "SubClasses": null, "Linetype": null, "EntityHandle": "6A9", "Text": null }, "geometry": { "type": "LineString", "coordinates": [ [ -73.993143212066997, 40.675902150281708, 0.0 ], [ -73.993136307058904, 40.675901114222569, 0.0 ] ] } },
{ "type": "Feature", "properties": { "Layer": "DRAWINGS$OUTLINE", "PaperSpace": null, "SubClasses": null, "Linetype": null, "EntityHandle": "6AA", "Text": null }, "geometry": { "type": "LineString", "coordinates": [ [ -73.993136307058904, 40.675901114222569, 0.0 ], [ -73.993129403069631, 40.67590007419534, 0.0 ] ] } },
{ "type": "Feature", "properties": { "Layer": "DRAWINGS$OUTLINE", "PaperSpace": null, "SubClasses": null, "Linetype": null, "EntityHandle": "6AB", "Text": null }, "geometry": { "type": "LineString", "coordinates": [ [ -73.993129403069631, 40.67590007419534, 0.0 ], [ -73.993122500060707, 40.675899030344723, 0.0 ] ] } },
{ "type": "Feature", "properties": { "Layer": "DRAWINGS$OUTLINE", "PaperSpace": null, "SubClasses": null, "Linetype": null, "EntityHandle": "6AC", "Text": null }, "geometry": { "type": "LineString", "coordinates": [ [ -73.993122500060707, 40.675899030344723, 0.0 ], [ -73.993115598002419, 40.675897982816771, 0.0 ] ] } },
{ "type": "Feature", "properties": { "Layer": "DRAWINGS$OUTLINE", "PaperSpace": null, "SubClasses": null, "Linetype": null, "EntityHandle": "6AD", "Text": null }, "geometry": { "type": "LineString", "coordinates": [ [ -73.993115598002419, 40.675897982816771, 0.0 ], [ -73.993108696872383, 40.675896931758622, 0.0 ] ] } },
{ "type": "Feature", "properties": { "Layer": "DRAWINGS$OUTLINE", "PaperSpace": null, "SubClasses": null, "Linetype": null, "EntityHandle": "6AE", "Text": null }, "geometry": { "type": "LineString", "coordinates": [ [ -73.993108696872383, 40.675896931758622, 0.0 ], [ -73.993101796642335, 40.675895877316528, 0.0 ] ] } },
{ "type": "Feature", "properties": { "Layer": "DRAWINGS$OUTLINE", "PaperSpace": null, "SubClasses": null, "Linetype": null, "EntityHandle": "6AF", "Text": null }, "geometry": { "type": "LineString", "coordinates": [ [ -73.993101796642335, 40.675895877316528, 0.0 ], [ -73.993094897283967, 40.675894819636802, 0.0 ] ] } },
{ "type": "Feature", "properties": { "Layer": "DRAWINGS$OUTLINE", "PaperSpace": null, "SubClasses": null, "Linetype": null, "EntityHandle": "6B0", "Text": null }, "geometry": { "type": "LineString", "coordinates": [ [ -73.993094897283967, 40.675894819636802, 0.0 ], [ -73.993087998769028, 40.675893758865627, 0.0 ] ] } },
{ "type": "Feature", "properties": { "Layer": "DRAWINGS$OUTLINE", "PaperSpace": null, "SubClasses": null, "Linetype": null, "EntityHandle": "6B1", "Text": null }, "geometry": { "type": "LineString", "coordinates": [ [ -73.993087998769028, 40.675893758865627, 0.0 ], [ -73.993081101069194, 40.675892695149265, 0.0 ] ] } },
{ "type": "Feature", "properties": { "Layer": "DRAWINGS$OUTLINE", "PaperSpace": null, "SubClasses": null, "Linetype": null, "EntityHandle": "6B2", "Text": null }, "geometry": { "type": "LineString", "coordinates": [ [ -73.993081101069194, 40.675892695149265, 0.0 ], [ -73.993074204068776, 40.675891628607488, 0.0 ] ] } },
{ "type": "Feature", "properties": { "Layer": "DRAWINGS$OUTLINE", "PaperSpace": null, "SubClasses": null, "Linetype": null, "EntityHandle": "6B3", "Text": null }, "geometry": { "type": "LineString", "coordinates": [ [ -73.993074204068776, 40.675891628607488, 0.0 ], [ -73.993067307791506, 40.675890559349561, 0.0 ] ] } },
{ "type": "Feature", "properties": { "Layer": "DRAWINGS$OUTLINE", "PaperSpace": null, "SubClasses": null, "Linetype": null, "EntityHandle": "6B4", "Text": null }, "geometry": { "type": "LineString", "coordinates": [ [ -73.993067307791506, 40.675890559349561, 0.0 ], [ -73.993060412209132, 40.675889487474251, 0.0 ] ] } },
{ "type": "Feature", "properties": { "Layer": "DRAWINGS$OUTLINE", "PaperSpace": null, "SubClasses": null, "Linetype": null, "EntityHandle": "6B5", "Text": null }, "geometry": { "type": "LineString", "coordinates": [ [ -73.993060412209132, 40.675889487474251, 0.0 ], [ -73.993053517295337, 40.6758884130806, 0.0 ] ] } },
{ "type": "Feature", "properties": { "Layer": "DRAWINGS$OUTLINE", "PaperSpace": null, "SubClasses": null, "Linetype": null, "EntityHandle": "6B6", "Text": null }, "geometry": { "type": "LineString", "coordinates": [ [ -73.993053517295337, 40.6758884130806, 0.0 ], [ -73.993046623032498, 40.675887336268886, 0.0 ] ] } },
{ "type": "Feature", "properties": { "Layer": "DRAWINGS$OUTLINE", "PaperSpace": null, "SubClasses": null, "Linetype": null, "EntityHandle": "6B7", "Text": null }, "geometry": { "type": "LineString", "coordinates": [ [ -73.993046623032498, 40.675887336268886, 0.0 ], [ -73.993039729398376, 40.675886257138849, 0.0 ] ] } },
{ "type": "Feature", "properties": { "Layer": "DRAWINGS$OUTLINE", "PaperSpace": null, "SubClasses": null, "Linetype": null, "EntityHandle": "6B8", "Text": null }, "geometry": { "type": "LineString", "coordinates": [ [ -73.993039729398376, 40.675886257138849, 0.0 ], [ -73.993032836370773, 40.675885175790079, 0.0 ] ] } },
{ "type": "Feature", "properties": { "Layer": "DRAWINGS$OUTLINE", "PaperSpace": null, "SubClasses": null, "Linetype": null, "EntityHandle": "6B9", "Text": null }, "geometry": { "type": "LineString", "coordinates": [ [ -73.993032836370773, 40.675885175790079, 0.0 ], [ -73.993025943927464, 40.675884092322285, 0.0 ] ] } },
{ "type": "Feature", "properties": { "Layer": "DRAWINGS$OUTLINE", "PaperSpace": null, "SubClasses": null, "Linetype": null, "EntityHandle": "6BA", "Text": null }, "geometry": { "type": "LineString", "coordinates": [ [ -73.993025943927464, 40.675884092322285, 0.0 ], [ -73.993019052046222, 40.675883006835065, 0.0 ] ] } },
{ "type": "Feature", "properties": { "Layer": "DRAWINGS$OUTLINE", "PaperSpace": null, "SubClasses": null, "Linetype": null, "EntityHandle": "6BB", "Text": null }, "geometry": { "type": "LineString", "coordinates": [ [ -73.993019052046222, 40.675883006835065, 0.0 ], [ -73.993012160835178, 40.675881918849015, 0.0 ] ] } },
{ "type": "Feature", "properties": { "Layer": "DRAWINGS$OUTLINE", "PaperSpace": null, "SubClasses": null, "Linetype": null, "EntityHandle": "6BC", "Text": null }, "geometry": { "type": "LineString", "coordinates": [ [ -73.993012160835178, 40.675881918849015, 0.0 ], [ -73.993005270109066, 40.675880829048111, 0.0 ] ] } },
{ "type": "Feature", "properties": { "Layer": "DRAWINGS$OUTLINE", "PaperSpace": null, "SubClasses": null, "Linetype": null, "EntityHandle": "6BD", "Text": null }, "geometry": { "type": "LineString", "coordinates": [ [ -73.993005270109066, 40.675880829048111, 0.0 ], [ -73.992998379774647, 40.67587973780995, 0.0 ] ] } },
{ "type": "Feature", "properties": { "Layer": "DRAWINGS$OUTLINE", "PaperSpace": null, "SubClasses": null, "Linetype": null, "EntityHandle": "6BE", "Text": null }, "geometry": { "type": "LineString", "coordinates": [ [ -73.992998379774647, 40.67587973780995, 0.0 ], [ -73.992991489832093, 40.675878645134539, 0.0 ] ] } },
{ "type": "Feature", "properties": { "Layer": "DRAWINGS$OUTLINE", "PaperSpace": null, "SubClasses": null, "Linetype": null, "EntityHandle": "6BF", "Text": null }, "geometry": { "type": "LineString", "coordinates": [ [ -73.992991489832093, 40.675878645134539, 0.0 ], [ -73.992984600282369, 40.675877551022026, 0.0 ] ] } },
{ "type": "Feature", "properties": { "Layer": "DRAWINGS$OUTLINE", "PaperSpace": null, "SubClasses": null, "Linetype": null, "EntityHandle": "6C0", "Text": null }, "geometry": { "type": "LineString", "coordinates": [ [ -73.992984600282369, 40.675877551022026, 0.0 ], [ -73.992977711126898, 40.67587645547264, 0.0 ] ] } },
{ "type": "Feature", "properties": { "Layer": "DRAWINGS$OUTLINE", "PaperSpace": null, "SubClasses": null, "Linetype": null, "EntityHandle": "6C1", "Text": null }, "geometry": { "type": "LineString", "coordinates": [ [ -73.992977711126898, 40.67587645547264, 0.0 ], [ -73.992970822365621, 40.675875358486387, 0.0 ] ] } },
{ "type": "Feature", "properties": { "Layer": "DRAWINGS$OUTLINE", "PaperSpace": null, "SubClasses": null, "Linetype": null, "EntityHandle": "6C2", "Text": null }, "geometry": { "type": "LineString", "coordinates": [ [ -73.992970822365621, 40.675875358486387, 0.0 ], [ -73.992963933999278, 40.675874260063367, 0.0 ] ] } },
{ "type": "Feature", "properties": { "Layer": "DRAWINGS$OUTLINE", "PaperSpace": null, "SubClasses": null, "Linetype": null, "EntityHandle": "6C3", "Text": null }, "geometry": { "type": "LineString", "coordinates": [ [ -73.992963933999278, 40.675874260063367, 0.0 ], [ -73.99295704602865, 40.6758731602037, 0.0 ] ] } },
{ "type": "Feature", "properties": { "Layer": "DRAWINGS$OUTLINE", "PaperSpace": null, "SubClasses": null, "Linetype": null, "EntityHandle": "6C4", "Text": null }, "geometry": { "type": "LineString", "coordinates": [ [ -73.99295704602865, 40.6758731602037, 0.0 ], [ -73.992950158454519, 40.675872058907522, 0.0 ] ] } },
{ "type": "Feature", "properties": { "Layer": "DRAWINGS$OUTLINE", "PaperSpace": null, "SubClasses": null, "Linetype": null, "EntityHandle": "6C5", "Text": null }, "geometry": { "type": "LineString", "coordinates": [ [ -73.992950158454519, 40.675872058907522, 0.0 ], [ -73.992943271277653, 40.675870956174982, 0.0 ] ] } },
{ "type": "Feature", "properties": { "Layer": "DRAWINGS$OUTLINE", "PaperSpace": null, "SubClasses": null, "Linetype": null, "EntityHandle": "6C6", "Text": null }, "geometry": { "type": "LineString", "coordinates": [ [ -73.992943271277653, 40.675870956174982, 0.0 ], [ -73.992936384498833, 40.675869852006151, 0.0 ] ] } },
{ "type": "Feature", "properties": { "Layer": "DRAWINGS$OUTLINE", "PaperSpace": null, "SubClasses": null, "Linetype": null, "EntityHandle": "6C7", "Text": null }, "geometry": { "type": "LineString", "coordinates": [ [ -73.992936384498833, 40.675869852006151, 0.0 ], [ -73.992929498118826, 40.675868746401171, 0.0 ] ] } },
{ "type": "Feature", "properties": { "Layer": "DRAWINGS$OUTLINE", "PaperSpace": null, "SubClasses": null, "Linetype": null, "EntityHandle": "6C8", "Text": null }, "geometry": { "type": "LineString", "coordinates": [ [ -73.992929498118826, 40.675868746401171, 0.0 ], [ -73.992922612138429, 40.675867639360192, 0.0 ] ] } },
{ "type": "Feature", "properties": { "Layer": "DRAWINGS$OUTLINE", "PaperSpace": null, "SubClasses": null, "Linetype": null, "EntityHandle": "6C9", "Text": null }, "geometry": { "type": "LineString", "coordinates": [ [ -73.992922612138429, 40.675867639360192, 0.0 ], [ -73.992915726485322, 40.675866531142944, 0.0 ] ] } },
{ "type": "Feature", "properties": { "Layer": "DRAWINGS$OUTLINE", "PaperSpace": null, "SubClasses": null, "Linetype": null, "EntityHandle": "6CA", "Text": null }, "geometry": { "type": "LineString", "coordinates": [ [ -73.992915726485322, 40.675866531142944, 0.0 ], [ -73.992908840925949, 40.675865422575249, 0.0 ] ] } },
{ "type": "Feature", "properties": { "Layer": "DRAWINGS$OUTLINE", "PaperSpace": null, "SubClasses": null, "Linetype": null, "EntityHandle": "6CB", "Text": null }, "geometry": { "type": "LineString", "coordinates": [ [ -73.992908840925949, 40.675865422575249, 0.0 ], [ -73.992901955639084, 40.675864313038154, 0.0 ] ] } },
{ "type": "Feature", "properties": { "Layer": "DRAWINGS$OUTLINE", "PaperSpace": null, "SubClasses": null, "Linetype": null, "EntityHandle": "6CC", "Text": null }, "geometry": { "type": "LineString", "coordinates": [ [ -73.992901955639084, 40.675864313038154, 0.0 ], [ -73.992895070615049, 40.675863202557771, 0.0 ] ] } },
{ "type": "Feature", "properties": { "Layer": "DRAWINGS$OUTLINE", "PaperSpace": null, "SubClasses": null, "Linetype": null, "EntityHandle": "6CD", "Text": null }, "geometry": { "type": "LineString", "coordinates": [ [ -73.992895070615049, 40.675863202557771, 0.0 ], [ -73.992888185844507, 40.675862091160305, 0.0 ] ] } },
{ "type": "Feature", "properties": { "Layer": "DRAWINGS$OUTLINE", "PaperSpace": null, "SubClasses": null, "Linetype": null, "EntityHandle": "6CE", "Text": null }, "geometry": { "type": "LineString", "coordinates": [ [ -73.992888185844507, 40.675862091160305, 0.0 ], [ -73.992881301320466, 40.675860978872215, 0.0 ] ] } },
{ "type": "Feature", "properties": { "Layer": "DRAWINGS$OUTLINE", "PaperSpace": null, "SubClasses": null, "Linetype": null, "EntityHandle": "6CF", "Text": null }, "geometry": { "type": "LineString", "coordinates": [ [ -73.992881301320466, 40.675860978872215, 0.0 ], [ -73.992874417035907, 40.675859865720064, 0.0 ] ] } },
{ "type": "Feature", "properties": { "Layer": "DRAWINGS$OUTLINE", "PaperSpace": null, "SubClasses": null, "Linetype": null, "EntityHandle": "6D0", "Text": null }, "geometry": { "type": "LineString", "coordinates": [ [ -73.992874417035907, 40.675859865720064, 0.0 ], [ -73.992867532983794, 40.67585875173036, 0.0 ] ] } },
{ "type": "Feature", "properties": { "Layer": "DRAWINGS$OUTLINE", "PaperSpace": null, "SubClasses": null, "Linetype": null, "EntityHandle": "6D1", "Text": null }, "geometry": { "type": "LineString", "coordinates": [ [ -73.992867532983794, 40.67585875173036, 0.0 ], [ -73.992860649156739, 40.675857636929571, 0.0 ] ] } },
{ "type": "Feature", "properties": { "Layer": "DRAWINGS$OUTLINE", "PaperSpace": null, "SubClasses": null, "Linetype": null, "EntityHandle": "6D2", "Text": null }, "geometry": { "type": "LineString", "coordinates": [ [ -73.992860649156739, 40.675857636929571, 0.0 ], [ -73.992853765546528, 40.675856521344045, 0.0 ] ] } },
{ "type": "Feature", "properties": { "Layer": "DRAWINGS$OUTLINE", "PaperSpace": null, "SubClasses": null, "Linetype": null, "EntityHandle": "6D3", "Text": null }, "geometry": { "type": "LineString", "coordinates": [ [ -73.992853765546528, 40.675856521344045, 0.0 ], [ -73.992846882147731, 40.675855405000554, 0.0 ] ] } },
{ "type": "Feature", "properties": { "Layer": "DRAWINGS$OUTLINE", "PaperSpace": null, "SubClasses": null, "Linetype": null, "EntityHandle": "6D4", "Text": null }, "geometry": { "type": "LineString", "coordinates": [ [ -73.992846882147731, 40.675855405000554, 0.0 ], [ -73.992839998953286, 40.675854287925603, 0.0 ] ] } },
{ "type": "Feature", "properties": { "Layer": "DRAWINGS$OUTLINE", "PaperSpace": null, "SubClasses": null, "Linetype": null, "EntityHandle": "6D5", "Text": null }, "geometry": { "type": "LineString", "coordinates": [ [ -73.992839998953286, 40.675854287925603, 0.0 ], [ -73.992833115956202, 40.675853170145743, 0.0 ] ] } },
{ "type": "Feature", "properties": { "Layer": "DRAWINGS$OUTLINE", "PaperSpace": null, "SubClasses": null, "Linetype": null, "EntityHandle": "6D6", "Text": null }, "geometry": { "type": "LineString", "coordinates": [ [ -73.992833115956202, 40.675853170145743, 0.0 ], [ -73.992826233149444, 40.675852051687485, 0.0 ] ] } },
{ "type": "Feature", "properties": { "Layer": "DRAWINGS$OUTLINE", "PaperSpace": null, "SubClasses": null, "Linetype": null, "EntityHandle": "6D7", "Text": null }, "geometry": { "type": "LineString", "coordinates": [ [ -73.992826233149444, 40.675852051687485, 0.0 ], [ -73.992819350526005, 40.675850932577347, 0.0 ] ] } },
{ "type": "Feature", "properties": { "Layer": "DRAWINGS$OUTLINE", "PaperSpace": null, "SubClasses": null, "Linetype": null, "EntityHandle": "6D8", "Text": null }, "geometry": { "type": "LineString", "coordinates": [ [ -73.992819350526005, 40.675850932577347, 0.0 ], [ -73.992812468078867, 40.675849812841868, 0.0 ] ] } },
{ "type": "Feature", "properties": { "Layer": "DRAWINGS$OUTLINE", "PaperSpace": null, "SubClasses": null, "Linetype": null, "EntityHandle": "6D9", "Text": null }, "geometry": { "type": "LineString", "coordinates": [ [ -73.992812468078867, 40.675849812841868, 0.0 ], [ -73.99280558580098, 40.675848692507579, 0.0 ] ] } },
{ "type": "Feature", "properties": { "Layer": "DRAWINGS$OUTLINE", "PaperSpace": null, "SubClasses": null, "Linetype": null, "EntityHandle": "6DA", "Text": null }, "geometry": { "type": "LineString", "coordinates": [ [ -73.99280558580098, 40.675848692507579, 0.0 ], [ -73.992798703685338, 40.675847571600997, 0.0 ] ] } },
{ "type": "Feature", "properties": { "Layer": "DRAWINGS$OUTLINE", "PaperSpace": null, "SubClasses": null, "Linetype": null, "EntityHandle": "6DB", "Text": null }, "geometry": { "type": "LineString", "coordinates": [ [ -73.992798703685338, 40.675847571600997, 0.0 ], [ -73.99279182172495, 40.675846450148647, 0.0 ] ] } },
{ "type": "Feature", "properties": { "Layer": "DRAWINGS$OUTLINE", "PaperSpace": null, "SubClasses": null, "Linetype": null, "EntityHandle": "6DC", "Text": null }, "geometry": { "type": "LineString", "coordinates": [ [ -73.99279182172495, 40.675846450148647, 0.0 ], [ -73.992784939912752, 40.675845328177033, 0.0 ] ] } },
{ "type": "Feature", "properties": { "Layer": "DRAWINGS$OUTLINE", "PaperSpace": null, "SubClasses": null, "Linetype": null, "EntityHandle": "6DD", "Text": null }, "geometry": { "type": "LineString", "coordinates": [ [ -73.992784939912752, 40.675845328177033, 0.0 ], [ -73.992778058241754, 40.675844205712707, 0.0 ] ] } },
{ "type": "Feature", "properties": { "Layer": "DRAWINGS$OUTLINE", "PaperSpace": null, "SubClasses": null, "Linetype": null, "EntityHandle": "6DE", "Text": null }, "geometry": { "type": "LineString", "coordinates": [ [ -73.992778058241754, 40.675844205712707, 0.0 ], [ -73.992771176704906, 40.675843082782215, 0.0 ] ] } },
{ "type": "Feature", "properties": { "Layer": "DRAWINGS$OUTLINE", "PaperSpace": null, "SubClasses": null, "Linetype": null, "EntityHandle": "6DF", "Text": null }, "geometry": { "type": "LineString", "coordinates": [ [ -73.992771176704906, 40.675843082782215, 0.0 ], [ -73.992764295295217, 40.675841959412011, 0.0 ] ] } },
{ "type": "Feature", "properties": { "Layer": "DRAWINGS$OUTLINE", "PaperSpace": null, "SubClasses": null, "Linetype": null, "EntityHandle": "6E0", "Text": null }, "geometry": { "type": "LineString", "coordinates": [ [ -73.992764295295217, 40.675841959412011, 0.0 ], [ -73.992757414005652, 40.675840835628705, 0.0 ] ] } },
{ "type": "Feature", "properties": { "Layer": "DRAWINGS$OUTLINE", "PaperSpace": null, "SubClasses": null, "Linetype": null, "EntityHandle": "6E1", "Text": null }, "geometry": { "type": "LineString", "coordinates": [ [ -73.992757414005652, 40.675840835628705, 0.0 ], [ -73.992750532829191, 40.675839711458757, 0.0 ] ] } },
{ "type": "Feature", "properties": { "Layer": "DRAWINGS$OUTLINE", "PaperSpace": null, "SubClasses": null, "Linetype": null, "EntityHandle": "6E2", "Text": null }, "geometry": { "type": "LineString", "coordinates": [ [ -73.992750532829191, 40.675839711458757, 0.0 ], [ -73.992743651758815, 40.67583858692872, 0.0 ] ] } },
{ "type": "Feature", "properties": { "Layer": "DRAWINGS$OUTLINE", "PaperSpace": null, "SubClasses": null, "Linetype": null, "EntityHandle": "6E3", "Text": null }, "geometry": { "type": "LineString", "coordinates": [ [ -73.992743651758815, 40.67583858692872, 0.0 ], [ -73.99273677078061, 40.675837462062766, 0.0 ] ] } },
{ "type": "Feature", "properties": { "Layer": "DRAWINGS$OUTLINE", "PaperSpace": null, "SubClasses": null, "Linetype": null, "EntityHandle": "6E4", "Text": null }, "geometry": { "type": "LineString", "coordinates": [ [ -73.99273677078061, 40.675837462062766, 0.0 ], [ -73.992729889880266, 40.67583633686187, 0.0 ] ] } },
{ "type": "Feature", "properties": { "Layer": "DRAWINGS$OUTLINE", "PaperSpace": null, "SubClasses": null, "Linetype": null, "EntityHandle": "6E5", "Text": null }, "geometry": { "type": "LineString", "coordinates": [ [ -73.992729889880266, 40.67583633686187, 0.0 ], [ -73.992723009071796, 40.675835211336405, 0.0 ] ] } },
{ "type": "Feature", "properties": { "Layer": "DRAWINGS$OUTLINE", "PaperSpace": null, "SubClasses": null, "Linetype": null, "EntityHandle": "6E6", "Text": null }, "geometry": { "type": "LineString", "coordinates": [ [ -73.992723009071796, 40.675835211336405, 0.0 ], [ -73.992716128351177, 40.675834085500014, 0.0 ] ] } },
{ "type": "Feature", "properties": { "Layer": "DRAWINGS$OUTLINE", "PaperSpace": null, "SubClasses": null, "Linetype": null, "EntityHandle": "6E7", "Text": null }, "geometry": { "type": "LineString", "coordinates": [ [ -73.992716128351177, 40.675834085500014, 0.0 ], [ -73.992709247714473, 40.675832959366424, 0.0 ] ] } },
{ "type": "Feature", "properties": { "Layer": "DRAWINGS$OUTLINE", "PaperSpace": null, "SubClasses": null, "Linetype": null, "EntityHandle": "6E8", "Text": null }, "geometry": { "type": "LineString", "coordinates": [ [ -73.992709247714473, 40.675832959366424, 0.0 ], [ -73.992702367157889, 40.675831832949314, 0.0 ] ] } },
{ "type": "Feature", "properties": { "Layer": "DRAWINGS$OUTLINE", "PaperSpace": null, "SubClasses": null, "Linetype": null, "EntityHandle": "6E9", "Text": null }, "geometry": { "type": "LineString", "coordinates": [ [ -73.992702367157889, 40.675831832949314, 0.0 ], [ -73.992695486677533, 40.675830706262417, 0.0 ] ] } },
{ "type": "Feature", "properties": { "Layer": "DRAWINGS$OUTLINE", "PaperSpace": null, "SubClasses": null, "Linetype": null, "EntityHandle": "6EA", "Text": null }, "geometry": { "type": "LineString", "coordinates": [ [ -73.992695486677533, 40.675830706262417, 0.0 ], [ -73.992688606269596, 40.675829579319405, 0.0 ] ] } },
{ "type": "Feature", "properties": { "Layer": "DRAWINGS$OUTLINE", "PaperSpace": null, "SubClasses": null, "Linetype": null, "EntityHandle": "6EB", "Text": null }, "geometry": { "type": "LineString", "coordinates": [ [ -73.992688606269596, 40.675829579319405, 0.0 ], [ -73.992681725930055, 40.675828452133949, 0.0 ] ] } },
{ "type": "Feature", "properties": { "Layer": "DRAWINGS$OUTLINE", "PaperSpace": null, "SubClasses": null, "Linetype": null, "EntityHandle": "6EC", "Text": null }, "geometry": { "type": "LineString", "coordinates": [ [ -73.992681725930055, 40.675828452133949, 0.0 ], [ -73.992674845654747, 40.675827324719734, 0.0 ] ] } },
{ "type": "Feature", "properties": { "Layer": "DRAWINGS$OUTLINE", "PaperSpace": null, "SubClasses": null, "Linetype": null, "EntityHandle": "6ED", "Text": null }, "geometry": { "type": "LineString", "coordinates": [ [ -73.992674845654747, 40.675827324719734, 0.0 ], [ -73.992667965440333, 40.675826197090487, 0.0 ] ] } },
{ "type": "Feature", "properties": { "Layer": "DRAWINGS$OUTLINE", "PaperSpace": null, "SubClasses": null, "Linetype": null, "EntityHandle": "6EE", "Text": null }, "geometry": { "type": "LineString", "coordinates": [ [ -73.992667965440333, 40.675826197090487, 0.0 ], [ -73.992661085282933, 40.675825069259957, 0.0 ] ] } },
{ "type": "Feature", "properties": { "Layer": "DRAWINGS$OUTLINE", "PaperSpace": null, "SubClasses": null, "Linetype": null, "EntityHandle": "6EF", "Text": null }, "geometry": { "type": "LineString", "coordinates": [ [ -73.992661085282933, 40.675825069259957, 0.0 ], [ -73.992654205178724, 40.675823941241831, 0.0 ] ] } },
{ "type": "Feature", "properties": { "Layer": "DRAWINGS$OUTLINE", "PaperSpace": null, "SubClasses": null, "Linetype": null, "EntityHandle": "6F0", "Text": null }, "geometry": { "type": "LineString", "coordinates": [ [ -73.992654205178724, 40.675823941241831, 0.0 ], [ -73.992647325123869, 40.675822813049827, 0.0 ] ] } },
{ "type": "Feature", "properties": { "Layer": "DRAWINGS$OUTLINE", "PaperSpace": null, "SubClasses": null, "Linetype": null, "EntityHandle": "6F1", "Text": null }, "geometry": { "type": "LineString", "coordinates": [ [ -73.992647325123869, 40.675822813049827, 0.0 ], [ -73.992640445114503, 40.675821684697617, 0.0 ] ] } },
{ "type": "Feature", "properties": { "Layer": "DRAWINGS$OUTLINE", "PaperSpace": null, "SubClasses": null, "Linetype": null, "EntityHandle": "6F2", "Text": null }, "geometry": { "type": "LineString", "coordinates": [ [ -73.992640445114503, 40.675821684697617, 0.0 ], [ -73.992633565146818, 40.675820556198929, 0.0 ] ] } },
{ "type": "Feature", "properties": { "Layer": "DRAWINGS$OUTLINE", "PaperSpace": null, "SubClasses": null, "Linetype": null, "EntityHandle": "6F3", "Text": null }, "geometry": { "type": "LineString", "coordinates": [ [ -73.992633565146818, 40.675820556198929, 0.0 ], [ -73.992626685216948, 40.675819427567397, 0.0 ] ] } },
{ "type": "Feature", "properties": { "Layer": "DRAWINGS$OUTLINE", "PaperSpace": null, "SubClasses": null, "Linetype": null, "EntityHandle": "6F4", "Text": null }, "geometry": { "type": "LineString", "coordinates": [ [ -73.992626685216948, 40.675819427567397, 0.0 ], [ -73.992619805321027, 40.675818298816829, 0.0 ] ] } },
{ "type": "Feature", "properties": { "Layer": "DRAWINGS$OUTLINE", "PaperSpace": null, "SubClasses": null, "Linetype": null, "EntityHandle": "6F5", "Text": null }, "geometry": { "type": "LineString", "coordinates": [ [ -73.992619805321027, 40.675818298816829, 0.0 ], [ -73.992612925455276, 40.675817169960887, 0.0 ] ] } },
{ "type": "Feature", "properties": { "Layer": "DRAWINGS$OUTLINE", "PaperSpace": null, "SubClasses": null, "Linetype": null, "EntityHandle": "6F6", "Text": null }, "geometry": { "type": "LineString", "coordinates": [ [ -73.992612925455276, 40.675817169960887, 0.0 ], [ -73.992606045615801, 40.675816041013249, 0.0 ] ] } },
{ "type": "Feature", "properties": { "Layer": "DRAWINGS$OUTLINE", "PaperSpace": null, "SubClasses": null, "Linetype": null, "EntityHandle": "6F7", "Text": null }, "geometry": { "type": "LineString", "coordinates": [ [ -73.992606045615801, 40.675816041013249, 0.0 ], [ -73.992599165798751, 40.675814911987629, 0.0 ] ] } },
{ "type": "Feature", "properties": { "Layer": "DRAWINGS$OUTLINE", "PaperSpace": null, "SubClasses": null, "Linetype": null, "EntityHandle": "6F8", "Text": null }, "geometry": { "type": "LineString", "coordinates": [ [ -73.992599165798751, 40.675814911987629, 0.0 ], [ -73.992592286000317, 40.675813782897734, 0.0 ] ] } },
{ "type": "Feature", "properties": { "Layer": "DRAWINGS$OUTLINE", "PaperSpace": null, "SubClasses": null, "Linetype": null, "EntityHandle": "6F9", "Text": null }, "geometry": { "type": "LineString", "coordinates": [ [ -73.992592286000317, 40.675813782897734, 0.0 ], [ -73.992585406216662, 40.675812653757276, 0.0 ] ] } },
{ "type": "Feature", "properties": { "Layer": "DRAWINGS$OUTLINE", "PaperSpace": null, "SubClasses": null, "Linetype": null, "EntityHandle": "6FA", "Text": null }, "geometry": { "type": "LineString", "coordinates": [ [ -73.992585406216662, 40.675812653757276, 0.0 ], [ -73.992578526443921, 40.675811524579927, 0.0 ] ] } },
{ "type": "Feature", "properties": { "Layer": "DRAWINGS$OUTLINE", "PaperSpace": null, "SubClasses": null, "Linetype": null, "EntityHandle": "6FB", "Text": null }, "geometry": { "type": "LineString", "coordinates": [ [ -73.992578526443921, 40.675811524579927, 0.0 ], [ -73.992571646678229, 40.675810395379422, 0.0 ] ] } },
{ "type": "Feature", "properties": { "Layer": "DRAWINGS$OUTLINE", "PaperSpace": null, "SubClasses": null, "Linetype": null, "EntityHandle": "6FC", "Text": null }, "geometry": { "type": "LineString", "coordinates": [ [ -73.992571646678229, 40.675810395379422, 0.0 ], [ -73.992564766915805, 40.675809266169431, 0.0 ] ] } },
{ "type": "Feature", "properties": { "Layer": "DRAWINGS$OUTLINE", "PaperSpace": null, "SubClasses": null, "Linetype": null, "EntityHandle": "6FD", "Text": null }, "geometry": { "type": "LineString", "coordinates": [ [ -73.992564766915805, 40.675809266169431, 0.0 ], [ -73.992557887152202, 40.675808136963219, 0.0 ] ] } },
{ "type": "Feature", "properties": { "Layer": "DRAWINGS$OUTLINE", "PaperSpace": null, "SubClasses": null, "Linetype": null, "EntityHandle": "6FE", "Text": null }, "geometry": { "type": "LineString", "coordinates": [ [ -73.992557887152202, 40.675808136963219, 0.0 ], [ -73.992551007383852, 40.675807007768285, 0.0 ] ] } },
{ "type": "Feature", "properties": { "Layer": "DRAWINGS$OUTLINE", "PaperSpace": null, "SubClasses": null, "Linetype": null, "EntityHandle": "6FF", "Text": null }, "geometry": { "type": "LineString", "coordinates": [ [ -73.992551007383852, 40.675807007768285, 0.0 ], [ -73.992544127610046, 40.675805878593501, 0.0 ] ] } },
{ "type": "Feature", "properties": { "Layer": "DRAWINGS$OUTLINE", "PaperSpace": null, "SubClasses": null, "Linetype": null, "EntityHandle": "700", "Text": null }, "geometry": { "type": "LineString", "coordinates": [ [ -73.992544127610046, 40.675805878593501, 0.0 ], [ -73.992537247829333, 40.675804749448787, 0.0 ] ] } },
{ "type": "Feature", "properties": { "Layer": "DRAWINGS$OUTLINE", "PaperSpace": null, "SubClasses": null, "Linetype": null, "EntityHandle": "701", "Text": null }, "geometry": { "type": "LineString", "coordinates": [ [ -73.992537247829333, 40.675804749448787, 0.0 ], [ -73.992530368036952, 40.675803620343515, 0.0 ] ] } },
{ "type": "Feature", "properties": { "Layer": "DRAWINGS$OUTLINE", "PaperSpace": null, "SubClasses": null, "Linetype": null, "EntityHandle": "702", "Text": null }, "geometry": { "type": "LineString", "coordinates": [ [ -73.992530368036952, 40.675803620343515, 0.0 ], [ -73.992523488230219, 40.675802491287442, 0.0 ] ] } },
{ "type": "Feature", "properties": { "Layer": "DRAWINGS$OUTLINE", "PaperSpace": null, "SubClasses": null, "Linetype": null, "EntityHandle": "703", "Text": null }, "geometry": { "type": "LineString", "coordinates": [ [ -73.992523488230219, 40.675802491287442, 0.0 ], [ -73.992516608406419, 40.675801362290265, 0.0 ] ] } },
{ "type": "Feature", "properties": { "Layer": "DRAWINGS$OUTLINE", "PaperSpace": null, "SubClasses": null, "Linetype": null, "EntityHandle": "704", "Text": null }, "geometry": { "type": "LineString", "coordinates": [ [ -73.992516608406419, 40.675801362290265, 0.0 ], [ -73.992509728562837, 40.675800233361713, 0.0 ] ] } },
{ "type": "Feature", "properties": { "Layer": "DRAWINGS$OUTLINE", "PaperSpace": null, "SubClasses": null, "Linetype": null, "EntityHandle": "705", "Text": null }, "geometry": { "type": "LineString", "coordinates": [ [ -73.992509728562837, 40.675800233361713, 0.0 ], [ -73.992502848696802, 40.675799104511519, 0.0 ] ] } },
{ "type": "Feature", "properties": { "Layer": "DRAWINGS$OUTLINE", "PaperSpace": null, "SubClasses": null, "Linetype": null, "EntityHandle": "706", "Text": null }, "geometry": { "type": "LineString", "coordinates": [ [ -73.992502848696802, 40.675799104511519, 0.0 ], [ -73.992495968805571, 40.675797975749411, 0.0 ] ] } },
{ "type": "Feature", "properties": { "Layer": "DRAWINGS$OUTLINE", "PaperSpace": null, "SubClasses": null, "Linetype": null, "EntityHandle": "707", "Text": null }, "geometry": { "type": "LineString", "coordinates": [ [ -73.992495968805571, 40.675797975749411, 0.0 ], [ -73.992489088886472, 40.675796847085103, 0.0 ] ] } },
{ "type": "Feature", "properties": { "Layer": "DRAWINGS$OUTLINE", "PaperSpace": null, "SubClasses": null, "Linetype": null, "EntityHandle": "708", "Text": null }, "geometry": { "type": "LineString", "coordinates": [ [ -73.992489088886472, 40.675796847085103, 0.0 ], [ -73.992482208937659, 40.675795718528441, 0.0 ] ] } },
{ "type": "Feature", "properties": { "Layer": "DRAWINGS$OUTLINE", "PaperSpace": null, "SubClasses": null, "Linetype": null, "EntityHandle": "709", "Text": null }, "geometry": { "type": "LineString", "coordinates": [ [ -73.992482208937659, 40.675795718528441, 0.0 ], [ -73.992475328955877, 40.675794590089097, 0.0 ] ] } },
{ "type": "Feature", "properties": { "Layer": "DRAWINGS$OUTLINE", "PaperSpace": null, "SubClasses": null, "Linetype": null, "EntityHandle": "70A", "Text": null }, "geometry": { "type": "LineString", "coordinates": [ [ -73.992475328955877, 40.675794590089097, 0.0 ], [ -73.992468448938084, 40.675793461776749, 0.0 ] ] } },
{ "type": "Feature", "properties": { "Layer": "DRAWINGS$OUTLINE", "PaperSpace": null, "SubClasses": null, "Linetype": null, "EntityHandle": "70B", "Text": null }, "geometry": { "type": "LineString", "coordinates": [ [ -73.992468448938084, 40.675793461776749, 0.0 ], [ -73.992461568881595, 40.675792333601073, 0.0 ] ] } },
{ "type": "Feature", "properties": { "Layer": "DRAWINGS$OUTLINE", "PaperSpace": null, "SubClasses": null, "Linetype": null, "EntityHandle": "70C", "Text": null }, "geometry": { "type": "LineString", "coordinates": [ [ -73.992461568881595, 40.675792333601073, 0.0 ], [ -73.992454688783724, 40.675791205571826, 0.0 ] ] } },
{ "type": "Feature", "properties": { "Layer": "DRAWINGS$OUTLINE", "PaperSpace": null, "SubClasses": null, "Linetype": null, "EntityHandle": "70D", "Text": null }, "geometry": { "type": "LineString", "coordinates": [ [ -73.992454688783724, 40.675791205571826, 0.0 ], [ -73.992447808641742, 40.675790077698736, 0.0 ] ] } },
{ "type": "Feature", "properties": { "Layer": "DRAWINGS$OUTLINE", "PaperSpace": null, "SubClasses": null, "Linetype": null, "EntityHandle": "70E", "Text": null }, "geometry": { "type": "LineString", "coordinates": [ [ -73.992447808641742, 40.675790077698736, 0.0 ], [ -73.992440928452936, 40.675788949991492, 0.0 ] ] } },
{ "type": "Feature", "properties": { "Layer": "DRAWINGS$OUTLINE", "PaperSpace": null, "SubClasses": null, "Linetype": null, "EntityHandle": "70F", "Text": null }, "geometry": { "type": "LineString", "coordinates": [ [ -73.992440928452936, 40.675788949991492, 0.0 ], [ -73.992434048214619, 40.67578782245986, 0.0 ] ] } },
{ "type": "Feature", "properties": { "Layer": "DRAWINGS$OUTLINE", "PaperSpace": null, "SubClasses": null, "Linetype": null, "EntityHandle": "710", "Text": null }, "geometry": { "type": "LineString", "coordinates": [ [ -73.992434048214619, 40.67578782245986, 0.0 ], [ -73.992427167924092, 40.675786695113516, 0.0 ] ] } },
{ "type": "Feature", "properties": { "Layer": "DRAWINGS$OUTLINE", "PaperSpace": null, "SubClasses": null, "Linetype": null, "EntityHandle": "711", "Text": null }, "geometry": { "type": "LineString", "coordinates": [ [ -73.992427167924092, 40.675786695113516, 0.0 ], [ -73.992420287578653, 40.675785567962251, 0.0 ] ] } },
{ "type": "Feature", "properties": { "Layer": "DRAWINGS$OUTLINE", "PaperSpace": null, "SubClasses": null, "Linetype": null, "EntityHandle": "712", "Text": null }, "geometry": { "type": "LineString", "coordinates": [ [ -73.992420287578653, 40.675785567962251, 0.0 ], [ -73.992413407175562, 40.675784441015736, 0.0 ] ] } },
{ "type": "Feature", "properties": { "Layer": "DRAWINGS$OUTLINE", "PaperSpace": null, "SubClasses": null, "Linetype": null, "EntityHandle": "713", "Text": null }, "geometry": { "type": "LineString", "coordinates": [ [ -73.992413407175562, 40.675784441015736, 0.0 ], [ -73.992406526712173, 40.675783314283713, 0.0 ] ] } },
{ "type": "Feature", "properties": { "Layer": "DRAWINGS$OUTLINE", "PaperSpace": null, "SubClasses": null, "Linetype": null, "EntityHandle": "714", "Text": null }, "geometry": { "type": "LineString", "coordinates": [ [ -73.992406526712173, 40.675783314283713, 0.0 ], [ -73.992399646185717, 40.675782187775901, 0.0 ] ] } },
{ "type": "Feature", "properties": { "Layer": "DRAWINGS$OUTLINE", "PaperSpace": null, "SubClasses": null, "Linetype": null, "EntityHandle": "715", "Text": null }, "geometry": { "type": "LineString", "coordinates": [ [ -73.992399646185717, 40.675782187775901, 0.0 ], [ -73.99239276559355, 40.675781061502022, 0.0 ] ] } },
{ "type": "Feature", "properties": { "Layer": "DRAWINGS$OUTLINE", "PaperSpace": null, "SubClasses": null, "Linetype": null, "EntityHandle": "716", "Text": null }, "geometry": { "type": "LineString", "coordinates": [ [ -73.99239276559355, 40.675781061502022, 0.0 ], [ -73.992385884932929, 40.675779935471795, 0.0 ] ] } },
{ "type": "Feature", "properties": { "Layer": "DRAWINGS$OUTLINE", "PaperSpace": null, "SubClasses": null, "Linetype": null, "EntityHandle": "717", "Text": null }, "geometry": { "type": "LineString", "coordinates": [ [ -73.992385884932929, 40.675779935471795, 0.0 ], [ -73.992379004201169, 40.675778809694975, 0.0 ] ] } },
{ "type": "Feature", "properties": { "Layer": "DRAWINGS$OUTLINE", "PaperSpace": null, "SubClasses": null, "Linetype": null, "EntityHandle": "718", "Text": null }, "geometry": { "type": "LineString", "coordinates": [ [ -73.992379004201169, 40.675778809694975, 0.0 ], [ -73.99237212339554, 40.675777684181249, 0.0 ] ] } },
{ "type": "Feature", "properties": { "Layer": "DRAWINGS$OUTLINE", "PaperSpace": null, "SubClasses": null, "Linetype": null, "EntityHandle": "719", "Text": null }, "geometry": { "type": "LineString", "coordinates": [ [ -73.99237212339554, 40.675777684181249, 0.0 ], [ -73.992365242513372, 40.67577655894037, 0.0 ] ] } },
{ "type": "Feature", "properties": { "Layer": "DRAWINGS$OUTLINE", "PaperSpace": null, "SubClasses": null, "Linetype": null, "EntityHandle": "71A", "Text": null }, "geometry": { "type": "LineString", "coordinates": [ [ -73.992365242513372, 40.67577655894037, 0.0 ], [ -73.992358361551936, 40.675775433982032, 0.0 ] ] } },
{ "type": "Feature", "properties": { "Layer": "DRAWINGS$OUTLINE", "PaperSpace": null, "SubClasses": null, "Linetype": null, "EntityHandle": "71B", "Text": null }, "geometry": { "type": "LineString", "coordinates": [ [ -73.992358361551936, 40.675775433982032, 0.0 ], [ -73.992351480508546, 40.675774309315983, 0.0 ] ] } },
{ "type": "Feature", "properties": { "Layer": "DRAWINGS$OUTLINE", "PaperSpace": null, "SubClasses": null, "Linetype": null, "EntityHandle": "71C", "Text": null }, "geometry": { "type": "LineString", "coordinates": [ [ -73.992351480508546, 40.675774309315983, 0.0 ], [ -73.992344599380488, 40.675773184951922, 0.0 ] ] } },
{ "type": "Feature", "properties": { "Layer": "DRAWINGS$OUTLINE", "PaperSpace": null, "SubClasses": null, "Linetype": null, "EntityHandle": "71D", "Text": null }, "geometry": { "type": "LineString", "coordinates": [ [ -73.992344599380488, 40.675773184951922, 0.0 ], [ -73.992337718165061, 40.675772060899611, 0.0 ] ] } },
{ "type": "Feature", "properties": { "Layer": "DRAWINGS$OUTLINE", "PaperSpace": null, "SubClasses": null, "Linetype": null, "EntityHandle": "71E", "Text": null }, "geometry": { "type": "LineString", "coordinates": [ [ -73.992337718165061, 40.675772060899611, 0.0 ], [ -73.992330836859551, 40.675770937168735, 0.0 ] ] } },
{ "type": "Feature", "properties": { "Layer": "DRAWINGS$OUTLINE", "PaperSpace": null, "SubClasses": null, "Linetype": null, "EntityHandle": "71F", "Text": null }, "geometry": { "type": "LineString", "coordinates": [ [ -73.992330836859551, 40.675770937168735, 0.0 ], [ -73.99232395545458, 40.675769813791547, 0.0 ] ] } },
{ "type": "Feature", "properties": { "Layer": "DRAWINGS$OUTLINE", "PaperSpace": null, "SubClasses": null, "Linetype": null, "EntityHandle": "720", "Text": null }, "geometry": { "type": "LineString", "coordinates": [ [ -73.99232395545458, 40.675769813791547, 0.0 ], [ -73.992317073915885, 40.675768690880588, 0.0 ] ] } },
{ "type": "Feature", "properties": { "Layer": "DRAWINGS$OUTLINE", "PaperSpace": null, "SubClasses": null, "Linetype": null, "EntityHandle": "721", "Text": null }, "geometry": { "type": "LineString", "coordinates": [ [ -73.992317073915885, 40.675768690880588, 0.0 ], [ -73.992310192301858, 40.675767568237937, 0.0 ] ] } },
{ "type": "Feature", "properties": { "Layer": "DRAWINGS$OUTLINE", "PaperSpace": null, "SubClasses": null, "Linetype": null, "EntityHandle": "722", "Text": null }, "geometry": { "type": "LineString", "coordinates": [ [ -73.992310192301858, 40.675767568237937, 0.0 ], [ -73.9923033106124, 40.675766445863609, 0.0 ] ] } },
{ "type": "Feature", "properties": { "Layer": "DRAWINGS$OUTLINE", "PaperSpace": null, "SubClasses": null, "Linetype": null, "EntityHandle": "723", "Text": null }, "geometry": { "type": "LineString", "coordinates": [ [ -73.9923033106124, 40.675766445863609, 0.0 ], [ -73.992296428847524, 40.675765323757545, 0.0 ] ] } },
{ "type": "Feature", "properties": { "Layer": "DRAWINGS$OUTLINE", "PaperSpace": null, "SubClasses": null, "Linetype": null, "EntityHandle": "724", "Text": null }, "geometry": { "type": "LineString", "coordinates": [ [ -73.992296428847524, 40.675765323757545, 0.0 ], [ -73.992289547007232, 40.675764201919797, 0.0 ] ] } },
{ "type": "Feature", "properties": { "Layer": "DRAWINGS$OUTLINE", "PaperSpace": null, "SubClasses": null, "Linetype": null, "EntityHandle": "725", "Text": null }, "geometry": { "type": "LineString", "coordinates": [ [ -73.992289547007232, 40.675764201919797, 0.0 ], [ -73.992282665091651, 40.675763080350329, 0.0 ] ] } },
{ "type": "Feature", "properties": { "Layer": "DRAWINGS$OUTLINE", "PaperSpace": null, "SubClasses": null, "Linetype": null, "EntityHandle": "726", "Text": null }, "geometry": { "type": "LineString", "coordinates": [ [ -73.992282665091651, 40.675763080350329, 0.0 ], [ -73.992275783100737, 40.675761959049204, 0.0 ] ] } },
{ "type": "Feature", "properties": { "Layer": "DRAWINGS$OUTLINE", "PaperSpace": null, "SubClasses": null, "Linetype": null, "EntityHandle": "727", "Text": null }, "geometry": { "type": "LineString", "coordinates": [ [ -73.992275783100737, 40.675761959049204, 0.0 ], [ -73.992268901034507, 40.675760838016402, 0.0 ] ] } },
{ "type": "Feature", "properties": { "Layer": "DRAWINGS$OUTLINE", "PaperSpace": null, "SubClasses": null, "Linetype": null, "EntityHandle": "728", "Text": null }, "geometry": { "type": "LineString", "coordinates": [ [ -73.992268901034507, 40.675760838016402, 0.0 ], [ -73.992262018892987, 40.675759717251886, 0.0 ] ] } },
{ "type": "Feature", "properties": { "Layer": "DRAWINGS$OUTLINE", "PaperSpace": null, "SubClasses": null, "Linetype": null, "EntityHandle": "729", "Text": null }, "geometry": { "type": "LineString", "coordinates": [ [ -73.992262018892987, 40.675759717251886, 0.0 ], [ -73.992255136676221, 40.675758596755713, 0.0 ] ] } },
{ "type": "Feature", "properties": { "Layer": "DRAWINGS$OUTLINE", "PaperSpace": null, "SubClasses": null, "Linetype": null, "EntityHandle": "72A", "Text": null }, "geometry": { "type": "LineString", "coordinates": [ [ -73.992255136676221, 40.675758596755713, 0.0 ], [ -73.992248254384222, 40.675757476527878, 0.0 ] ] } },
{ "type": "Feature", "properties": { "Layer": "DRAWINGS$OUTLINE", "PaperSpace": null, "SubClasses": null, "Linetype": null, "EntityHandle": "72B", "Text": null }, "geometry": { "type": "LineString", "coordinates": [ [ -73.992248254384222, 40.675757476527878, 0.0 ], [ -73.99224137201702, 40.675756356568364, 0.0 ] ] } },
{ "type": "Feature", "properties": { "Layer": "DRAWINGS$OUTLINE", "PaperSpace": null, "SubClasses": null, "Linetype": null, "EntityHandle": "72C", "Text": null }, "geometry": { "type": "LineString", "coordinates": [ [ -73.99224137201702, 40.675756356568364, 0.0 ], [ -73.992234489574642, 40.675755236877173, 0.0 ] ] } },
{ "type": "Feature", "properties": { "Layer": "DRAWINGS$OUTLINE", "PaperSpace": null, "SubClasses": null, "Linetype": null, "EntityHandle": "72D", "Text": null }, "geometry": { "type": "LineString", "coordinates": [ [ -73.992234489574642, 40.675755236877173, 0.0 ], [ -73.992227607057131, 40.675754117454325, 0.0 ] ] } },
{ "type": "Feature", "properties": { "Layer": "DRAWINGS$OUTLINE", "PaperSpace": null, "SubClasses": null, "Linetype": null, "EntityHandle": "72E", "Text": null }, "geometry": { "type": "LineString", "coordinates": [ [ -73.992227607057131, 40.675754117454325, 0.0 ], [ -73.992220724464474, 40.675752998299821, 0.0 ] ] } },
{ "type": "Feature", "properties": { "Layer": "DRAWINGS$OUTLINE", "PaperSpace": null, "SubClasses": null, "Linetype": null, "EntityHandle": "72F", "Text": null }, "geometry": { "type": "LineString", "coordinates": [ [ -73.992220724464474, 40.675752998299821, 0.0 ], [ -73.99221384179674, 40.675751879413674, 0.0 ] ] } },
{ "type": "Feature", "properties": { "Layer": "DRAWINGS$OUTLINE", "PaperSpace": null, "SubClasses": null, "Linetype": null, "EntityHandle": "730", "Text": null }, "geometry": { "type": "LineString", "coordinates": [ [ -73.99221384179674, 40.675751879413674, 0.0 ], [ -73.992206959053931, 40.675750760795893, 0.0 ] ] } },
{ "type": "Feature", "properties": { "Layer": "DRAWINGS$OUTLINE", "PaperSpace": null, "SubClasses": null, "Linetype": null, "EntityHandle": "731", "Text": null }, "geometry": { "type": "LineString", "coordinates": [ [ -73.992206959053931, 40.675750760795893, 0.0 ], [ -73.9922000762609, 40.675749642357644, 0.0 ] ] } },
{ "type": "Feature", "properties": { "Layer": "DRAWINGS$OUTLINE", "PaperSpace": null, "SubClasses": null, "Linetype": null, "EntityHandle": "732", "Text": null }, "geometry": { "type": "LineString", "coordinates": [ [ -73.9922000762609, 40.675749642357644, 0.0 ], [ -73.992193193439959, 40.675748524018566, 0.0 ] ] } },
{ "type": "Feature", "properties": { "Layer": "DRAWINGS$OUTLINE", "PaperSpace": null, "SubClasses": null, "Linetype": null, "EntityHandle": "733", "Text": null }, "geometry": { "type": "LineString", "coordinates": [ [ -73.992193193439959, 40.675748524018566, 0.0 ], [ -73.992186310564961, 40.675747405873196, 0.0 ] ] } },
{ "type": "Feature", "properties": { "Layer": "DRAWINGS$OUTLINE", "PaperSpace": null, "SubClasses": null, "Linetype": null, "EntityHandle": "734", "Text": null }, "geometry": { "type": "LineString", "coordinates": [ [ -73.992186310564961, 40.675747405873196, 0.0 ], [ -73.992179427637666, 40.675746287914599, 0.0 ] ] } },
{ "type": "Feature", "properties": { "Layer": "DRAWINGS$OUTLINE", "PaperSpace": null, "SubClasses": null, "Linetype": null, "EntityHandle": "735", "Text": null }, "geometry": { "type": "LineString", "coordinates": [ [ -73.992179427637666, 40.675746287914599, 0.0 ], [ -73.992172544660079, 40.67574517013577, 0.0 ] ] } },
{ "type": "Feature", "properties": { "Layer": "DRAWINGS$OUTLINE", "PaperSpace": null, "SubClasses": null, "Linetype": null, "EntityHandle": "736", "Text": null }, "geometry": { "type": "LineString", "coordinates": [ [ -73.992172544660079, 40.67574517013577, 0.0 ], [ -73.992165661634161, 40.675744052529794, 0.0 ] ] } },
{ "type": "Feature", "properties": { "Layer": "DRAWINGS$OUTLINE", "PaperSpace": null, "SubClasses": null, "Linetype": null, "EntityHandle": "737", "Text": null }, "geometry": { "type": "LineString", "coordinates": [ [ -73.992165661634161, 40.675744052529794, 0.0 ], [ -73.992158778561929, 40.675742935089708, 0.0 ] ] } },
{ "type": "Feature", "properties": { "Layer": "DRAWINGS$OUTLINE", "PaperSpace": null, "SubClasses": null, "Linetype": null, "EntityHandle": "738", "Text": null }, "geometry": { "type": "LineString", "coordinates": [ [ -73.992158778561929, 40.675742935089708, 0.0 ], [ -73.992151895445318, 40.675741817808529, 0.0 ] ] } },
{ "type": "Feature", "properties": { "Layer": "DRAWINGS$OUTLINE", "PaperSpace": null, "SubClasses": null, "Linetype": null, "EntityHandle": "739", "Text": null }, "geometry": { "type": "LineString", "coordinates": [ [ -73.992151895445318, 40.675741817808529, 0.0 ], [ -73.992145012284482, 40.675740700679043, 0.0 ] ] } },
{ "type": "Feature", "properties": { "Layer": "DRAWINGS$OUTLINE", "PaperSpace": null, "SubClasses": null, "Linetype": null, "EntityHandle": "73A", "Text": null }, "geometry": { "type": "LineString", "coordinates": [ [ -73.992145012284482, 40.675740700679043, 0.0 ], [ -73.992138129083031, 40.675739583694522, 0.0 ] ] } },
{ "type": "Feature", "properties": { "Layer": "DRAWINGS$OUTLINE", "PaperSpace": null, "SubClasses": null, "Linetype": null, "EntityHandle": "73B", "Text": null }, "geometry": { "type": "LineString", "coordinates": [ [ -73.992138129083031, 40.675739583694522, 0.0 ], [ -73.992131245843197, 40.675738466848081, 0.0 ] ] } },
{ "type": "Feature", "properties": { "Layer": "DRAWINGS$OUTLINE", "PaperSpace": null, "SubClasses": null, "Linetype": null, "EntityHandle": "73C", "Text": null }, "geometry": { "type": "LineString", "coordinates": [ [ -73.992131245843197, 40.675738466848081, 0.0 ], [ -73.99212436256694, 40.675737350132778, 0.0 ] ] } },
{ "type": "Feature", "properties": { "Layer": "DRAWINGS$OUTLINE", "PaperSpace": null, "SubClasses": null, "Linetype": null, "EntityHandle": "73D", "Text": null }, "geometry": { "type": "LineString", "coordinates": [ [ -73.99212436256694, 40.675737350132778, 0.0 ], [ -73.992117479256237, 40.675736233541592, 0.0 ] ] } },
{ "type": "Feature", "properties": { "Layer": "DRAWINGS$OUTLINE", "PaperSpace": null, "SubClasses": null, "Linetype": null, "EntityHandle": "73E", "Text": null }, "geometry": { "type": "LineString", "coordinates": [ [ -73.992117479256237, 40.675736233541592, 0.0 ], [ -73.992110595913076, 40.67573511706766, 0.0 ] ] } },
{ "type": "Feature", "properties": { "Layer": "DRAWINGS$OUTLINE", "PaperSpace": null, "SubClasses": null, "Linetype": null, "EntityHandle": "73F", "Text": null }, "geometry": { "type": "LineString", "coordinates": [ [ -73.992110595913076, 40.67573511706766, 0.0 ], [ -73.992103712539432, 40.675734000703933, 0.0 ] ] } },
{ "type": "Feature", "properties": { "Layer": "DRAWINGS$OUTLINE", "PaperSpace": null, "SubClasses": null, "Linetype": null, "EntityHandle": "740", "Text": null }, "geometry": { "type": "LineString", "coordinates": [ [ -73.992103712539432, 40.675734000703933, 0.0 ], [ -73.992096829137324, 40.675732884443534, 0.0 ] ] } },
{ "type": "Feature", "properties": { "Layer": "DRAWINGS$OUTLINE", "PaperSpace": null, "SubClasses": null, "Linetype": null, "EntityHandle": "741", "Text": null }, "geometry": { "type": "LineString", "coordinates": [ [ -73.992096829137324, 40.675732884443534, 0.0 ], [ -73.992089945708685, 40.675731768279491, 0.0 ] ] } },
{ "type": "Feature", "properties": { "Layer": "DRAWINGS$OUTLINE", "PaperSpace": null, "SubClasses": null, "Linetype": null, "EntityHandle": "742", "Text": null }, "geometry": { "type": "LineString", "coordinates": [ [ -73.992089945708685, 40.675731768279491, 0.0 ], [ -73.992083062255517, 40.675730652204813, 0.0 ] ] } },
{ "type": "Feature", "properties": { "Layer": "DRAWINGS$OUTLINE", "PaperSpace": null, "SubClasses": null, "Linetype": null, "EntityHandle": "743", "Text": null }, "geometry": { "type": "LineString", "coordinates": [ [ -73.992083062255517, 40.675730652204813, 0.0 ], [ -73.992076178779811, 40.6757295362126, 0.0 ] ] } },
{ "type": "Feature", "properties": { "Layer": "DRAWINGS$OUTLINE", "PaperSpace": null, "SubClasses": null, "Linetype": null, "EntityHandle": "744", "Text": null }, "geometry": { "type": "LineString", "coordinates": [ [ -73.992076178779811, 40.6757295362126, 0.0 ], [ -73.992069295283542, 40.67572842029584, 0.0 ] ] } },
{ "type": "Feature", "properties": { "Layer": "DRAWINGS$OUTLINE", "PaperSpace": null, "SubClasses": null, "Linetype": null, "EntityHandle": "745", "Text": null }, "geometry": { "type": "LineString", "coordinates": [ [ -73.992069295283542, 40.67572842029584, 0.0 ], [ -73.9920624117687, 40.675727304447641, 0.0 ] ] } },
{ "type": "Feature", "properties": { "Layer": "DRAWINGS$OUTLINE", "PaperSpace": null, "SubClasses": null, "Linetype": null, "EntityHandle": "746", "Text": null }, "geometry": { "type": "LineString", "coordinates": [ [ -73.9920624117687, 40.675727304447641, 0.0 ], [ -73.992055528237273, 40.675726188660995, 0.0 ] ] } },
{ "type": "Feature", "properties": { "Layer": "DRAWINGS$OUTLINE", "PaperSpace": null, "SubClasses": null, "Linetype": null, "EntityHandle": "747", "Text": null }, "geometry": { "type": "LineString", "coordinates": [ [ -73.992055528237273, 40.675726188660995, 0.0 ], [ -73.992048644691224, 40.675725072928984, 0.0 ] ] } },
{ "type": "Feature", "properties": { "Layer": "DRAWINGS$OUTLINE", "PaperSpace": null, "SubClasses": null, "Linetype": null, "EntityHandle": "748", "Text": null }, "geometry": { "type": "LineString", "coordinates": [ [ -73.992048644691224, 40.675725072928984, 0.0 ], [ -73.992041761132555, 40.675723957244635, 0.0 ] ] } },
{ "type": "Feature", "properties": { "Layer": "DRAWINGS$OUTLINE", "PaperSpace": null, "SubClasses": null, "Linetype": null, "EntityHandle": "749", "Text": null }, "geometry": { "type": "LineString", "coordinates": [ [ -73.992041761132555, 40.675723957244635, 0.0 ], [ -73.992034877562631, 40.675722841600944, 0.0 ] ] } },
{ "type": "Feature", "properties": { "Layer": "DRAWINGS$OUTLINE", "PaperSpace": null, "SubClasses": null, "Linetype": null, "EntityHandle": "74A", "Text": null }, "geometry": { "type": "LineString", "coordinates": [ [ -73.992034877562631, 40.675722841600944, 0.0 ], [ -73.992027993980017, 40.675721725992588, 0.0 ] ] } },
{ "type": "Feature", "properties": { "Layer": "DRAWINGS$OUTLINE", "PaperSpace": null, "SubClasses": null, "Linetype": null, "EntityHandle": "74B", "Text": null }, "geometry": { "type": "LineString", "coordinates": [ [ -73.992027993980017, 40.675721725992588, 0.0 ], [ -73.992021110389075, 40.67572061041313, 0.0 ] ] } },
{ "type": "Feature", "properties": { "Layer": "DRAWINGS$OUTLINE", "PaperSpace": null, "SubClasses": null, "Linetype": null, "EntityHandle": "74C", "Text": null }, "geometry": { "type": "LineString", "coordinates": [ [ -73.992021110389075, 40.67572061041313, 0.0 ], [ -73.992014226792421, 40.675719494854519, 0.0 ] ] } },
{ "type": "Feature", "properties": { "Layer": "DRAWINGS$OUTLINE", "PaperSpace": null, "SubClasses": null, "Linetype": null, "EntityHandle": "74D", "Text": null }, "geometry": { "type": "LineString", "coordinates": [ [ -73.992014226792421, 40.675719494854519, 0.0 ], [ -73.992007343192512, 40.675718379308499, 0.0 ] ] } },
{ "type": "Feature", "properties": { "Layer": "DRAWINGS$OUTLINE", "PaperSpace": null, "SubClasses": null, "Linetype": null, "EntityHandle": "74E", "Text": null }, "geometry": { "type": "LineString", "coordinates": [ [ -73.992007343192512, 40.675718379308499, 0.0 ], [ -73.992000459591694, 40.675717263766956, 0.0 ] ] } },
{ "type": "Feature", "properties": { "Layer": "DRAWINGS$OUTLINE", "PaperSpace": null, "SubClasses": null, "Linetype": null, "EntityHandle": "74F", "Text": null }, "geometry": { "type": "LineString", "coordinates": [ [ -73.992000459591694, 40.675717263766956, 0.0 ], [ -73.991993575992254, 40.675716148221639, 0.0 ] ] } },
{ "type": "Feature", "properties": { "Layer": "DRAWINGS$OUTLINE", "PaperSpace": null, "SubClasses": null, "Linetype": null, "EntityHandle": "750", "Text": null }, "geometry": { "type": "LineString", "coordinates": [ [ -73.991993575992254, 40.675716148221639, 0.0 ], [ -73.991986692396537, 40.675715032664364, 0.0 ] ] } },
{ "type": "Feature", "properties": { "Layer": "DRAWINGS$OUTLINE", "PaperSpace": null, "SubClasses": null, "Linetype": null, "EntityHandle": "751", "Text": null }, "geometry": { "type": "LineString", "coordinates": [ [ -73.991986692396537, 40.675715032664364, 0.0 ], [ -73.991979808804231, 40.675713917086561, 0.0 ] ] } },
{ "type": "Feature", "properties": { "Layer": "DRAWINGS$OUTLINE", "PaperSpace": null, "SubClasses": null, "Linetype": null, "EntityHandle": "752", "Text": null }, "geometry": { "type": "LineString", "coordinates": [ [ -73.991979808804231, 40.675713917086561, 0.0 ], [ -73.991972925218818, 40.675712801480159, 0.0 ] ] } },
{ "type": "Feature", "properties": { "Layer": "DRAWINGS$OUTLINE", "PaperSpace": null, "SubClasses": null, "Linetype": null, "EntityHandle": "753", "Text": null }, "geometry": { "type": "LineString", "coordinates": [ [ -73.991972925218818, 40.675712801480159, 0.0 ], [ -73.991966041644062, 40.675711685837264, 0.0 ] ] } },
{ "type": "Feature", "properties": { "Layer": "DRAWINGS$OUTLINE", "PaperSpace": null, "SubClasses": null, "Linetype": null, "EntityHandle": "754", "Text": null }, "geometry": { "type": "LineString", "coordinates": [ [ -73.991966041644062, 40.675711685837264, 0.0 ], [ -73.991959158082267, 40.675710570149647, 0.0 ] ] } },
{ "type": "Feature", "properties": { "Layer": "DRAWINGS$OUTLINE", "PaperSpace": null, "SubClasses": null, "Linetype": null, "EntityHandle": "755", "Text": null }, "geometry": { "type": "LineString", "coordinates": [ [ -73.991959158082267, 40.675710570149647, 0.0 ], [ -73.991952274535763, 40.675709454409095, 0.0 ] ] } },
{ "type": "Feature", "properties": { "Layer": "DRAWINGS$OUTLINE", "PaperSpace": null, "SubClasses": null, "Linetype": null, "EntityHandle": "756", "Text": null }, "geometry": { "type": "LineString", "coordinates": [ [ -73.991952274535763, 40.675709454409095, 0.0 ], [ -73.991945391006851, 40.675708338607471, 0.0 ] ] } },
{ "type": "Feature", "properties": { "Layer": "DRAWINGS$OUTLINE", "PaperSpace": null, "SubClasses": null, "Linetype": null, "EntityHandle": "757", "Text": null }, "geometry": { "type": "LineString", "coordinates": [ [ -73.991945391006851, 40.675708338607471, 0.0 ], [ -73.991938507497878, 40.675707222736563, 0.0 ] ] } },
{ "type": "Feature", "properties": { "Layer": "DRAWINGS$OUTLINE", "PaperSpace": null, "SubClasses": null, "Linetype": null, "EntityHandle": "758", "Text": null }, "geometry": { "type": "LineString", "coordinates": [ [ -73.991938507497878, 40.675707222736563, 0.0 ], [ -73.99193162401113, 40.675706106788134, 0.0 ] ] } },
{ "type": "Feature", "properties": { "Layer": "DRAWINGS$OUTLINE", "PaperSpace": null, "SubClasses": null, "Linetype": null, "EntityHandle": "759", "Text": null }, "geometry": { "type": "LineString", "coordinates": [ [ -73.99193162401113, 40.675706106788134, 0.0 ], [ -73.991924740548924, 40.67570499075407, 0.0 ] ] } },
{ "type": "Feature", "properties": { "Layer": "DRAWINGS$OUTLINE", "PaperSpace": null, "SubClasses": null, "Linetype": null, "EntityHandle": "75A", "Text": null }, "geometry": { "type": "LineString", "coordinates": [ [ -73.991924740548924, 40.67570499075407, 0.0 ], [ -73.991917857113592, 40.675703874626102, 0.0 ] ] } },
{ "type": "Feature", "properties": { "Layer": "DRAWINGS$OUTLINE", "PaperSpace": null, "SubClasses": null, "Linetype": null, "EntityHandle": "75B", "Text": null }, "geometry": { "type": "LineString", "coordinates": [ [ -73.991917857113592, 40.675703874626102, 0.0 ], [ -73.991910973707434, 40.675702758396092, 0.0 ] ] } },
{ "type": "Feature", "properties": { "Layer": "DRAWINGS$OUTLINE", "PaperSpace": null, "SubClasses": null, "Linetype": null, "EntityHandle": "75C", "Text": null }, "geometry": { "type": "LineString", "coordinates": [ [ -73.991910973707434, 40.675702758396092, 0.0 ], [ -73.991904090332795, 40.675701642055799, 0.0 ] ] } },
{ "type": "Feature", "properties": { "Layer": "DRAWINGS$OUTLINE", "PaperSpace": null, "SubClasses": null, "Linetype": null, "EntityHandle": "75D", "Text": null }, "geometry": { "type": "LineString", "coordinates": [ [ -73.991904090332795, 40.675701642055799, 0.0 ], [ -73.99189720699195, 40.675700525597087, 0.0 ] ] } },
{ "type": "Feature", "properties": { "Layer": "DRAWINGS$OUTLINE", "PaperSpace": null, "SubClasses": null, "Linetype": null, "EntityHandle": "75E", "Text": null }, "geometry": { "type": "LineString", "coordinates": [ [ -73.99189720699195, 40.675700525597087, 0.0 ], [ -73.99189032368723, 40.675699409011713, 0.0 ] ] } },
{ "type": "Feature", "properties": { "Layer": "DRAWINGS$OUTLINE", "PaperSpace": null, "SubClasses": null, "Linetype": null, "EntityHandle": "75F", "Text": null }, "geometry": { "type": "LineString", "coordinates": [ [ -73.99189032368723, 40.675699409011713, 0.0 ], [ -73.991883440420963, 40.675698292291528, 0.0 ] ] } },
{ "type": "Feature", "properties": { "Layer": "DRAWINGS$OUTLINE", "PaperSpace": null, "SubClasses": null, "Linetype": null, "EntityHandle": "760", "Text": null }, "geometry": { "type": "LineString", "coordinates": [ [ -73.991883440420963, 40.675698292291528, 0.0 ], [ -73.991876557195454, 40.675697175428326, 0.0 ] ] } },
{ "type": "Feature", "properties": { "Layer": "DRAWINGS$OUTLINE", "PaperSpace": null, "SubClasses": null, "Linetype": null, "EntityHandle": "761", "Text": null }, "geometry": { "type": "LineString", "coordinates": [ [ -73.991876557195454, 40.675697175428326, 0.0 ], [ -73.991869674013003, 40.675696058413884, 0.0 ] ] } },
{ "type": "Feature", "properties": { "Layer": "DRAWINGS$OUTLINE", "PaperSpace": null, "SubClasses": null, "Linetype": null, "EntityHandle": "762", "Text": null }, "geometry": { "type": "LineString", "coordinates": [ [ -73.991869674013003, 40.675696058413884, 0.0 ], [ -73.991862790928252, 40.675694941037882, 0.0 ] ] } },
{ "type": "Feature", "properties": { "Layer": "DRAWINGS$OUTLINE", "PaperSpace": null, "SubClasses": null, "Linetype": null, "EntityHandle": "763", "Text": null }, "geometry": { "type": "LineString", "coordinates": [ [ -73.991862790928252, 40.675694941037882, 0.0 ], [ -73.991855907852155, 40.675693823629793, 0.0 ] ] } },
{ "type": "Feature", "properties": { "Layer": "DRAWINGS$OUTLINE", "PaperSpace": null, "SubClasses": null, "Linetype": null, "EntityHandle": "764", "Text": null }, "geometry": { "type": "LineString", "coordinates": [ [ -73.991855907852155, 40.675693823629793, 0.0 ], [ -73.991849024776272, 40.675692706221277, 0.0 ] ] } },
{ "type": "Feature", "properties": { "Layer": "DRAWINGS$OUTLINE", "PaperSpace": null, "SubClasses": null, "Linetype": null, "EntityHandle": "765", "Text": null }, "geometry": { "type": "LineString", "coordinates": [ [ -73.991849024776272, 40.675692706221277, 0.0 ], [ -73.991842141755569, 40.675691588616388, 0.0 ] ] } },
{ "type": "Feature", "properties": { "Layer": "DRAWINGS$OUTLINE", "PaperSpace": null, "SubClasses": null, "Linetype": null, "EntityHandle": "766", "Text": null }, "geometry": { "type": "LineString", "coordinates": [ [ -73.991842141755569, 40.675691588616388, 0.0 ], [ -73.991835258826413, 40.675690470685801, 0.0 ] ] } },
{ "type": "Feature", "properties": { "Layer": "DRAWINGS$OUTLINE", "PaperSpace": null, "SubClasses": null, "Linetype": null, "EntityHandle": "767", "Text": null }, "geometry": { "type": "LineString", "coordinates": [ [ -73.991835258826413, 40.675690470685801, 0.0 ], [ -73.991828375956786, 40.675689352543863, 0.0 ] ] } },
{ "type": "Feature", "properties": { "Layer": "DRAWINGS$OUTLINE", "PaperSpace": null, "SubClasses": null, "Linetype": null, "EntityHandle": "768", "Text": null }, "geometry": { "type": "LineString", "coordinates": [ [ -73.991828375956786, 40.675689352543863, 0.0 ], [ -73.991821493149871, 40.675688234177308, 0.0 ] ] } },
{ "type": "Feature", "properties": { "Layer": "DRAWINGS$OUTLINE", "PaperSpace": null, "SubClasses": null, "Linetype": null, "EntityHandle": "769", "Text": null }, "geometry": { "type": "LineString", "coordinates": [ [ -73.991821493149871, 40.675688234177308, 0.0 ], [ -73.991814610409378, 40.675687115573055, 0.0 ] ] } },
{ "type": "Feature", "properties": { "Layer": "DRAWINGS$OUTLINE", "PaperSpace": null, "SubClasses": null, "Linetype": null, "EntityHandle": "76A", "Text": null }, "geometry": { "type": "LineString", "coordinates": [ [ -73.991814610409378, 40.675687115573055, 0.0 ], [ -73.991807727739129, 40.675685996718045, 0.0 ] ] } },
{ "type": "Feature", "properties": { "Layer": "DRAWINGS$OUTLINE", "PaperSpace": null, "SubClasses": null, "Linetype": null, "EntityHandle": "76B", "Text": null }, "geometry": { "type": "LineString", "coordinates": [ [ -73.991807727739129, 40.675685996718045, 0.0 ], [ -73.991800845143075, 40.675684877599146, 0.0 ] ] } },
{ "type": "Feature", "properties": { "Layer": "DRAWINGS$OUTLINE", "PaperSpace": null, "SubClasses": null, "Linetype": null, "EntityHandle": "76C", "Text": null }, "geometry": { "type": "LineString", "coordinates": [ [ -73.991800845143075, 40.675684877599146, 0.0 ], [ -73.991793962624797, 40.675683758203299, 0.0 ] ] } },
{ "type": "Feature", "properties": { "Layer": "DRAWINGS$OUTLINE", "PaperSpace": null, "SubClasses": null, "Linetype": null, "EntityHandle": "76D", "Text": null }, "geometry": { "type": "LineString", "coordinates": [ [ -73.991793962624797, 40.675683758203299, 0.0 ], [ -73.991787080187976, 40.675682638517351, 0.0 ] ] } },
{ "type": "Feature", "properties": { "Layer": "DRAWINGS$OUTLINE", "PaperSpace": null, "SubClasses": null, "Linetype": null, "EntityHandle": "76E", "Text": null }, "geometry": { "type": "LineString", "coordinates": [ [ -73.991787080187976, 40.675682638517351, 0.0 ], [ -73.991780197836363, 40.675681518528215, 0.0 ] ] } },
{ "type": "Feature", "properties": { "Layer": "DRAWINGS$OUTLINE", "PaperSpace": null, "SubClasses": null, "Linetype": null, "EntityHandle": "76F", "Text": null }, "geometry": { "type": "LineString", "coordinates": [ [ -73.991780197836363, 40.675681518528215, 0.0 ], [ -73.991773315573695, 40.675680398222788, 0.0 ] ] } },
{ "type": "Feature", "properties": { "Layer": "DRAWINGS$OUTLINE", "PaperSpace": null, "SubClasses": null, "Linetype": null, "EntityHandle": "770", "Text": null }, "geometry": { "type": "LineString", "coordinates": [ [ -73.991773315573695, 40.675680398222788, 0.0 ], [ -73.991766433403768, 40.675679277587989, 0.0 ] ] } },
{ "type": "Feature", "properties": { "Layer": "DRAWINGS$OUTLINE", "PaperSpace": null, "SubClasses": null, "Linetype": null, "EntityHandle": "771", "Text": null }, "geometry": { "type": "LineString", "coordinates": [ [ -73.991766433403768, 40.675679277587989, 0.0 ], [ -73.991759551330276, 40.67567815661068, 0.0 ] ] } },
{ "type": "Feature", "properties": { "Layer": "DRAWINGS$OUTLINE", "PaperSpace": null, "SubClasses": null, "Linetype": null, "EntityHandle": "772", "Text": null }, "geometry": { "type": "LineString", "coordinates": [ [ -73.991759551330276, 40.67567815661068, 0.0 ], [ -73.991752669356998, 40.675677035277779, 0.0 ] ] } },
{ "type": "Feature", "properties": { "Layer": "DRAWINGS$OUTLINE", "PaperSpace": null, "SubClasses": null, "Linetype": null, "EntityHandle": "773", "Text": null }, "geometry": { "type": "LineString", "coordinates": [ [ -73.991752669356998, 40.675677035277779, 0.0 ], [ -73.991745787487687, 40.6756759135762, 0.0 ] ] } },
{ "type": "Feature", "properties": { "Layer": "DRAWINGS$OUTLINE", "PaperSpace": null, "SubClasses": null, "Linetype": null, "EntityHandle": "774", "Text": null }, "geometry": { "type": "LineString", "coordinates": [ [ -73.991745787487687, 40.6756759135762, 0.0 ], [ -73.991738905726109, 40.675674791492824, 0.0 ] ] } },
{ "type": "Feature", "properties": { "Layer": "DRAWINGS$OUTLINE", "PaperSpace": null, "SubClasses": null, "Linetype": null, "EntityHandle": "775", "Text": null }, "geometry": { "type": "LineString", "coordinates": [ [ -73.991738905726109, 40.675674791492824, 0.0 ], [ -73.991732024075972, 40.675673669014557, 0.0 ] ] } },
{ "type": "Feature", "properties": { "Layer": "DRAWINGS$OUTLINE", "PaperSpace": null, "SubClasses": null, "Linetype": null, "EntityHandle": "776", "Text": null }, "geometry": { "type": "LineString", "coordinates": [ [ -73.991732024075972, 40.675673669014557, 0.0 ], [ -73.991725142541071, 40.675672546128332, 0.0 ] ] } },
{ "type": "Feature", "properties": { "Layer": "DRAWINGS$OUTLINE", "PaperSpace": null, "SubClasses": null, "Linetype": null, "EntityHandle": "777", "Text": null }, "geometry": { "type": "LineString", "coordinates": [ [ -73.991725142541071, 40.675672546128332, 0.0 ], [ -73.991718261125101, 40.675671422821004, 0.0 ] ] } },
{ "type": "Feature", "properties": { "Layer": "DRAWINGS$OUTLINE", "PaperSpace": null, "SubClasses": null, "Linetype": null, "EntityHandle": "778", "Text": null }, "geometry": { "type": "LineString", "coordinates": [ [ -73.991718261125101, 40.675671422821004, 0.0 ], [ -73.991711379829013, 40.675670299084423, 0.0 ] ] } },
{ "type": "Feature", "properties": { "Layer": "DRAWINGS$OUTLINE", "PaperSpace": null, "SubClasses": null, "Linetype": null, "EntityHandle": "779", "Text": null }, "geometry": { "type": "LineString", "coordinates": [ [ -73.991711379829013, 40.675670299084423, 0.0 ], [ -73.991704498660297, 40.675669174902332, 0.0 ] ] } },
{ "type": "Feature", "properties": { "Layer": "DRAWINGS$OUTLINE", "PaperSpace": null, "SubClasses": null, "Linetype": null, "EntityHandle": "77A", "Text": null }, "geometry": { "type": "LineString", "coordinates": [ [ -73.991704498660297, 40.675669174902332, 0.0 ], [ -73.991697617623046, 40.675668050250501, 0.0 ] ] } },
{ "type": "Feature", "properties": { "Layer": "DRAWINGS$OUTLINE", "PaperSpace": null, "SubClasses": null, "Linetype": null, "EntityHandle": "77B", "Text": null }, "geometry": { "type": "LineString", "coordinates": [ [ -73.991697617623046, 40.675668050250501, 0.0 ], [ -73.991690736724152, 40.675666925105119, 0.0 ] ] } },
{ "type": "Feature", "properties": { "Layer": "DRAWINGS$OUTLINE", "PaperSpace": null, "SubClasses": null, "Linetype": null, "EntityHandle": "77C", "Text": null }, "geometry": { "type": "LineString", "coordinates": [ [ -73.991690736724152, 40.675666925105119, 0.0 ], [ -73.991683855970621, 40.675665799442477, 0.0 ] ] } },
{ "type": "Feature", "properties": { "Layer": "DRAWINGS$OUTLINE", "PaperSpace": null, "SubClasses": null, "Linetype": null, "EntityHandle": "77D", "Text": null }, "geometry": { "type": "LineString", "coordinates": [ [ -73.991683855970621, 40.675665799442477, 0.0 ], [ -73.991676975368947, 40.675664673238693, 0.0 ] ] } },
{ "type": "Feature", "properties": { "Layer": "DRAWINGS$OUTLINE", "PaperSpace": null, "SubClasses": null, "Linetype": null, "EntityHandle": "77E", "Text": null }, "geometry": { "type": "LineString", "coordinates": [ [ -73.991676975368947, 40.675664673238693, 0.0 ], [ -73.991670094925624, 40.67566354646997, 0.0 ] ] } },
{ "type": "Feature", "properties": { "Layer": "DRAWINGS$OUTLINE", "PaperSpace": null, "SubClasses": null, "Linetype": null, "EntityHandle": "77F", "Text": null }, "geometry": { "type": "LineString", "coordinates": [ [ -73.991670094925624, 40.67566354646997, 0.0 ], [ -73.991663214648725, 40.675662419112712, 0.0 ] ] } },
{ "type": "Feature", "properties": { "Layer": "DRAWINGS$OUTLINE", "PaperSpace": null, "SubClasses": null, "Linetype": null, "EntityHandle": "780", "Text": null }, "geometry": { "type": "LineString", "coordinates": [ [ -73.991663214648725, 40.675662419112712, 0.0 ], [ -73.991656334545297, 40.675661291143157, 0.0 ] ] } },
{ "type": "Feature", "properties": { "Layer": "DRAWINGS$OUTLINE", "PaperSpace": null, "SubClasses": null, "Linetype": null, "EntityHandle": "781", "Text": null }, "geometry": { "type": "LineString", "coordinates": [ [ -73.991656334545297, 40.675661291143157, 0.0 ], [ -73.991649454622305, 40.675660162537547, 0.0 ] ] } },
{ "type": "Feature", "properties": { "Layer": "DRAWINGS$OUTLINE", "PaperSpace": null, "SubClasses": null, "Linetype": null, "EntityHandle": "782", "Text": null }, "geometry": { "type": "LineString", "coordinates": [ [ -73.991649454622305, 40.675660162537547, 0.0 ], [ -73.991642574886782, 40.675659033272169, 0.0 ] ] } },
{ "type": "Feature", "properties": { "Layer": "DRAWINGS$OUTLINE", "PaperSpace": null, "SubClasses": null, "Linetype": null, "EntityHandle": "783", "Text": null }, "geometry": { "type": "LineString", "coordinates": [ [ -73.991642574886782, 40.675659033272169, 0.0 ], [ -73.991635695345764, 40.67565790332322, 0.0 ] ] } },
{ "type": "Feature", "properties": { "Layer": "DRAWINGS$OUTLINE", "PaperSpace": null, "SubClasses": null, "Linetype": null, "EntityHandle": "784", "Text": null }, "geometry": { "type": "LineString", "coordinates": [ [ -73.991635695345764, 40.67565790332322, 0.0 ], [ -73.991628816006241, 40.675656772666997, 0.0 ] ] } },
{ "type": "Feature", "properties": { "Layer": "DRAWINGS$OUTLINE", "PaperSpace": null, "SubClasses": null, "Linetype": null, "EntityHandle": "785", "Text": null }, "geometry": { "type": "LineString", "coordinates": [ [ -73.991628816006241, 40.675656772666997, 0.0 ], [ -73.991621936875262, 40.675655641279725, 0.0 ] ] } },
{ "type": "Feature", "properties": { "Layer": "DRAWINGS$OUTLINE", "PaperSpace": null, "SubClasses": null, "Linetype": null, "EntityHandle": "786", "Text": null }, "geometry": { "type": "LineString", "coordinates": [ [ -73.991621936875262, 40.675655641279725, 0.0 ], [ -73.991615057959791, 40.675654509137622, 0.0 ] ] } },
{ "type": "Feature", "properties": { "Layer": "DRAWINGS$OUTLINE", "PaperSpace": null, "SubClasses": null, "Linetype": null, "EntityHandle": "787", "Text": null }, "geometry": { "type": "LineString", "coordinates": [ [ -73.991615057959791, 40.675654509137622, 0.0 ], [ -73.991608179266919, 40.675653376216978, 0.0 ] ] } },
{ "type": "Feature", "properties": { "Layer": "DRAWINGS$OUTLINE", "PaperSpace": null, "SubClasses": null, "Linetype": null, "EntityHandle": "788", "Text": null }, "geometry": { "type": "LineString", "coordinates": [ [ -73.991608179266919, 40.675653376216978, 0.0 ], [ -73.991601300803609, 40.675652242494017, 0.0 ] ] } },
{ "type": "Feature", "properties": { "Layer": "DRAWINGS$OUTLINE", "PaperSpace": null, "SubClasses": null, "Linetype": null, "EntityHandle": "789", "Text": null }, "geometry": { "type": "LineString", "coordinates": [ [ -73.991601300803609, 40.675652242494017, 0.0 ], [ -73.991594422576881, 40.675651107945015, 0.0 ] ] } },
{ "type": "Feature", "properties": { "Layer": "DRAWINGS$OUTLINE", "PaperSpace": null, "SubClasses": null, "Linetype": null, "EntityHandle": "78A", "Text": null }, "geometry": { "type": "LineString", "coordinates": [ [ -73.991594422576881, 40.675651107945015, 0.0 ], [ -73.991587544415921, 40.675649973154947, 0.0 ] ] } },
{ "type": "Feature", "properties": { "Layer": "DRAWINGS$OUTLINE", "PaperSpace": null, "SubClasses": null, "Linetype": null, "EntityHandle": "78B", "Text": null }, "geometry": { "type": "LineString", "coordinates": [ [ -73.991587544415921, 40.675649973154947, 0.0 ], [ -73.991580666484353, 40.675648837553105, 0.0 ] ] } },
{ "type": "Feature", "properties": { "Layer": "DRAWINGS$OUTLINE", "PaperSpace": null, "SubClasses": null, "Linetype": null, "EntityHandle": "78C", "Text": null }, "geometry": { "type": "LineString", "coordinates": [ [ -73.991580666484353, 40.675648837553105, 0.0 ], [ -73.991573788922906, 40.675647700651567, 0.0 ] ] } },
{ "type": "Feature", "properties": { "Layer": "DRAWINGS$OUTLINE", "PaperSpace": null, "SubClasses": null, "Linetype": null, "EntityHandle": "78D", "Text": null }, "geometry": { "type": "LineString", "coordinates": [ [ -73.991573788922906, 40.675647700651567, 0.0 ], [ -73.991566911731326, 40.675646562450346, 0.0 ] ] } },
{ "type": "Feature", "properties": { "Layer": "DRAWINGS$OUTLINE", "PaperSpace": null, "SubClasses": null, "Linetype": null, "EntityHandle": "78E", "Text": null }, "geometry": { "type": "LineString", "coordinates": [ [ -73.991566911731326, 40.675646562450346, 0.0 ], [ -73.991560034910307, 40.675645422949508, 0.0 ] ] } },
{ "type": "Feature", "properties": { "Layer": "DRAWINGS$OUTLINE", "PaperSpace": null, "SubClasses": null, "Linetype": null, "EntityHandle": "78F", "Text": null }, "geometry": { "type": "LineString", "coordinates": [ [ -73.991560034910307, 40.675645422949508, 0.0 ], [ -73.991553158461386, 40.675644282149342, 0.0 ] ] } },
{ "type": "Feature", "properties": { "Layer": "DRAWINGS$OUTLINE", "PaperSpace": null, "SubClasses": null, "Linetype": null, "EntityHandle": "790", "Text": null }, "geometry": { "type": "LineString", "coordinates": [ [ -73.991553158461386, 40.675644282149342, 0.0 ], [ -73.991546282384334, 40.67564314004975, 0.0 ] ] } },
{ "type": "Feature", "properties": { "Layer": "DRAWINGS$OUTLINE", "PaperSpace": null, "SubClasses": null, "Linetype": null, "EntityHandle": "791", "Text": null }, "geometry": { "type": "LineString", "coordinates": [ [ -73.991546282384334, 40.67564314004975, 0.0 ], [ -73.991539406679706, 40.675641996650889, 0.0 ] ] } },
{ "type": "Feature", "properties": { "Layer": "DRAWINGS$OUTLINE", "PaperSpace": null, "SubClasses": null, "Linetype": null, "EntityHandle": "792", "Text": null }, "geometry": { "type": "LineString", "coordinates": [ [ -73.991539406679706, 40.675641996650889, 0.0 ], [ -73.99153253134817, 40.675640851952856, 0.0 ] ] } },
{ "type": "Feature", "properties": { "Layer": "DRAWINGS$OUTLINE", "PaperSpace": null, "SubClasses": null, "Linetype": null, "EntityHandle": "793", "Text": null }, "geometry": { "type": "LineString", "coordinates": [ [ -73.99153253134817, 40.675640851952856, 0.0 ], [ -73.991525656390365, 40.675639705955717, 0.0 ] ] } },
{ "type": "Feature", "properties": { "Layer": "DRAWINGS$OUTLINE", "PaperSpace": null, "SubClasses": null, "Linetype": null, "EntityHandle": "794", "Text": null }, "geometry": { "type": "LineString", "coordinates": [ [ -73.991525656390365, 40.675639705955717, 0.0 ], [ -73.991518781806889, 40.675638558659628, 0.0 ] ] } },
{ "type": "Feature", "properties": { "Layer": "DRAWINGS$OUTLINE", "PaperSpace": null, "SubClasses": null, "Linetype": null, "EntityHandle": "795", "Text": null }, "geometry": { "type": "LineString", "coordinates": [ [ -73.991518781806889, 40.675638558659628, 0.0 ], [ -73.991511907598408, 40.675637410064652, 0.0 ] ] } },
{ "type": "Feature", "properties": { "Layer": "DRAWINGS$OUTLINE", "PaperSpace": null, "SubClasses": null, "Linetype": null, "EntityHandle": "796", "Text": null }, "geometry": { "type": "LineString", "coordinates": [ [ -73.991511907598408, 40.675637410064652, 0.0 ], [ -73.991505033765549, 40.675636260170926, 0.0 ] ] } },
{ "type": "Feature", "properties": { "Layer": "DRAWINGS$OUTLINE", "PaperSpace": null, "SubClasses": null, "Linetype": null, "EntityHandle": "797", "Text": null }, "geometry": { "type": "LineString", "coordinates": [ [ -73.991505033765549, 40.675636260170926, 0.0 ], [ -73.991498160308964, 40.67563510897854, 0.0 ] ] } },
{ "type": "Feature", "properties": { "Layer": "DRAWINGS$OUTLINE", "PaperSpace": null, "SubClasses": null, "Linetype": null, "EntityHandle": "798", "Text": null }, "geometry": { "type": "LineString", "coordinates": [ [ -73.991498160308964, 40.67563510897854, 0.0 ], [ -73.991491287229238, 40.675633956487601, 0.0 ] ] } },
{ "type": "Feature", "properties": { "Layer": "DRAWINGS$OUTLINE", "PaperSpace": null, "SubClasses": null, "Linetype": null, "EntityHandle": "799", "Text": null }, "geometry": { "type": "LineString", "coordinates": [ [ -73.991491287229238, 40.675633956487601, 0.0 ], [ -73.991484414751682, 40.67563280191343, 0.0 ] ] } },
{ "type": "Feature", "properties": { "Layer": "DRAWINGS$OUTLINE", "PaperSpace": null, "SubClasses": null, "Linetype": null, "EntityHandle": "79A", "Text": null }, "geometry": { "type": "LineString", "coordinates": [ [ -73.991484414751682, 40.67563280191343, 0.0 ], [ -73.991477542925253, 40.675631645111359, 0.0 ] ] } },
{ "type": "Feature", "properties": { "Layer": "DRAWINGS$OUTLINE", "PaperSpace": null, "SubClasses": null, "Linetype": null, "EntityHandle": "79B", "Text": null }, "geometry": { "type": "LineString", "coordinates": [ [ -73.991477542925253, 40.675631645111359, 0.0 ], [ -73.991470671653545, 40.675630486374573, 0.0 ] ] } },
{ "type": "Feature", "properties": { "Layer": "DRAWINGS$OUTLINE", "PaperSpace": null, "SubClasses": null, "Linetype": null, "EntityHandle": "79C", "Text": null }, "geometry": { "type": "LineString", "coordinates": [ [ -73.991470671653545, 40.675630486374573, 0.0 ], [ -73.991463800972781, 40.675629325586947, 0.0 ] ] } },
{ "type": "Feature", "properties": { "Layer": "DRAWINGS$OUTLINE", "PaperSpace": null, "SubClasses": null, "Linetype": null, "EntityHandle": "79D", "Text": null }, "geometry": { "type": "LineString", "coordinates": [ [ -73.991463800972781, 40.675629325586947, 0.0 ], [ -73.991456930913088, 40.67562816263117, 0.0 ] ] } },
{ "type": "Feature", "properties": { "Layer": "DRAWINGS$OUTLINE", "PaperSpace": null, "SubClasses": null, "Linetype": null, "EntityHandle": "79E", "Text": null }, "geometry": { "type": "LineString", "coordinates": [ [ -73.991456930913088, 40.67562816263117, 0.0 ], [ -73.991450061521491, 40.675626997392925, 0.0 ] ] } },
{ "type": "Feature", "properties": { "Layer": "DRAWINGS$OUTLINE", "PaperSpace": null, "SubClasses": null, "Linetype": null, "EntityHandle": "79F", "Text": null }, "geometry": { "type": "LineString", "coordinates": [ [ -73.991450061521491, 40.675626997392925, 0.0 ], [ -73.991443192836158, 40.675625829756321, 0.0 ] ] } },
{ "type": "Feature", "properties": { "Layer": "DRAWINGS$OUTLINE", "PaperSpace": null, "SubClasses": null, "Linetype": null, "EntityHandle": "7A0", "Text": null }, "geometry": { "type": "LineString", "coordinates": [ [ -73.991443192836158, 40.675625829756321, 0.0 ], [ -73.991436324895304, 40.675624659605482, 0.0 ] ] } },
{ "type": "Feature", "properties": { "Layer": "DRAWINGS$OUTLINE", "PaperSpace": null, "SubClasses": null, "Linetype": null, "EntityHandle": "7A1", "Text": null }, "geometry": { "type": "LineString", "coordinates": [ [ -73.991436324895304, 40.675624659605482, 0.0 ], [ -73.991429457737141, 40.675623486824549, 0.0 ] ] } },
{ "type": "Feature", "properties": { "Layer": "DRAWINGS$OUTLINE", "PaperSpace": null, "SubClasses": null, "Linetype": null, "EntityHandle": "7A2", "Text": null }, "geometry": { "type": "LineString", "coordinates": [ [ -73.991429457737141, 40.675623486824549, 0.0 ], [ -73.991422591399811, 40.675622311297651, 0.0 ] ] } },
{ "type": "Feature", "properties": { "Layer": "DRAWINGS$OUTLINE", "PaperSpace": null, "SubClasses": null, "Linetype": null, "EntityHandle": "7A3", "Text": null }, "geometry": { "type": "LineString", "coordinates": [ [ -73.991422591399811, 40.675622311297651, 0.0 ], [ -73.991415725921527, 40.675621132908951, 0.0 ] ] } },
{ "type": "Feature", "properties": { "Layer": "DRAWINGS$OUTLINE", "PaperSpace": null, "SubClasses": null, "Linetype": null, "EntityHandle": "7A4", "Text": null }, "geometry": { "type": "LineString", "coordinates": [ [ -73.991415725921527, 40.675621132908951, 0.0 ], [ -73.991408861333085, 40.675619951543368, 0.0 ] ] } },
{ "type": "Feature", "properties": { "Layer": "DRAWINGS$OUTLINE", "PaperSpace": null, "SubClasses": null, "Linetype": null, "EntityHandle": "7A5", "Text": null }, "geometry": { "type": "LineString", "coordinates": [ [ -73.991408861333085, 40.675619951543368, 0.0 ], [ -73.991401997641276, 40.675618767106627, 0.0 ] ] } },
{ "type": "Feature", "properties": { "Layer": "DRAWINGS$OUTLINE", "PaperSpace": null, "SubClasses": null, "Linetype": null, "EntityHandle": "7A6", "Text": null }, "geometry": { "type": "LineString", "coordinates": [ [ -73.991401997641276, 40.675618767106627, 0.0 ], [ -73.991395134917582, 40.675617579398029, 0.0 ] ] } },
{ "type": "Feature", "properties": { "Layer": "DRAWINGS$OUTLINE", "PaperSpace": null, "SubClasses": null, "Linetype": null, "EntityHandle": "7A7", "Text": null }, "geometry": { "type": "LineString", "coordinates": [ [ -73.991395134917582, 40.675617579398029, 0.0 ], [ -73.991388273223805, 40.675616388174305, 0.0 ] ] } },
{ "type": "Feature", "properties": { "Layer": "DRAWINGS$OUTLINE", "PaperSpace": null, "SubClasses": null, "Linetype": null, "EntityHandle": "7A8", "Text": null }, "geometry": { "type": "LineString", "coordinates": [ [ -73.991388273223805, 40.675616388174305, 0.0 ], [ -73.991381412620896, 40.675615193192073, 0.0 ] ] } },
{ "type": "Feature", "properties": { "Layer": "DRAWINGS$OUTLINE", "PaperSpace": null, "SubClasses": null, "Linetype": null, "EntityHandle": "7A9", "Text": null }, "geometry": { "type": "LineString", "coordinates": [ [ -73.991381412620896, 40.675615193192073, 0.0 ], [ -73.991374553208473, 40.675613994214629, 0.0 ] ] } },
{ "type": "Feature", "properties": { "Layer": "DRAWINGS$OUTLINE", "PaperSpace": null, "SubClasses": null, "Linetype": null, "EntityHandle": "7AA", "Text": null }, "geometry": { "type": "LineString", "coordinates": [ [ -73.991374553208473, 40.675613994214629, 0.0 ], [ -73.991367695084151, 40.675612791004937, 0.0 ] ] } },
{ "type": "Feature", "properties": { "Layer": "DRAWINGS$OUTLINE", "PaperSpace": null, "SubClasses": null, "Linetype": null, "EntityHandle": "7AB", "Text": null }, "geometry": { "type": "LineString", "coordinates": [ [ -73.991367695084151, 40.675612791004937, 0.0 ], [ -73.991360838333989, 40.675611583323942, 0.0 ] ] } },
{ "type": "Feature", "properties": { "Layer": "DRAWINGS$OUTLINE", "PaperSpace": null, "SubClasses": null, "Linetype": null, "EntityHandle": "7AC", "Text": null }, "geometry": { "type": "LineString", "coordinates": [ [ -73.991360838333989, 40.675611583323942, 0.0 ], [ -73.991353983044064, 40.675610370932638, 0.0 ] ] } },
{ "type": "Feature", "properties": { "Layer": "DRAWINGS$OUTLINE", "PaperSpace": null, "SubClasses": null, "Linetype": null, "EntityHandle": "7AD", "Text": null }, "geometry": { "type": "LineString", "coordinates": [ [ -73.991353983044064, 40.675610370932638, 0.0 ], [ -73.991347129300436, 40.675609153592028, 0.0 ] ] } },
{ "type": "Feature", "properties": { "Layer": "DRAWINGS$OUTLINE", "PaperSpace": null, "SubClasses": null, "Linetype": null, "EntityHandle": "7AE", "Text": null }, "geometry": { "type": "LineString", "coordinates": [ [ -73.991347129300436, 40.675609153592028, 0.0 ], [ -73.991340277189138, 40.675607931062999, 0.0 ] ] } },
{ "type": "Feature", "properties": { "Layer": "DRAWINGS$OUTLINE", "PaperSpace": null, "SubClasses": null, "Linetype": null, "EntityHandle": "7AF", "Text": null }, "geometry": { "type": "LineString", "coordinates": [ [ -73.991340277189138, 40.675607931062999, 0.0 ], [ -73.991333426697125, 40.675606703088775, 0.0 ] ] } },
{ "type": "Feature", "properties": { "Layer": "DRAWINGS$OUTLINE", "PaperSpace": null, "SubClasses": null, "Linetype": null, "EntityHandle": "7B0", "Text": null }, "geometry": { "type": "LineString", "coordinates": [ [ -73.991333426697125, 40.675606703088775, 0.0 ], [ -73.991326578111057, 40.675605469384372, 0.0 ] ] } },
{ "type": "Feature", "properties": { "Layer": "DRAWINGS$OUTLINE", "PaperSpace": null, "SubClasses": null, "Linetype": null, "EntityHandle": "7B1", "Text": null }, "geometry": { "type": "LineString", "coordinates": [ [ -73.991326578111057, 40.675605469384372, 0.0 ], [ -73.991319731346294, 40.675604229424152, 0.0 ] ] } },
{ "type": "Feature", "properties": { "Layer": "DRAWINGS$OUTLINE", "PaperSpace": null, "SubClasses": null, "Linetype": null, "EntityHandle": "7B2", "Text": null }, "geometry": { "type": "LineString", "coordinates": [ [ -73.991319731346294, 40.675604229424152, 0.0 ], [ -73.991312886691546, 40.675602982804996, 0.0 ] ] } },
{ "type": "Feature", "properties": { "Layer": "DRAWINGS$OUTLINE", "PaperSpace": null, "SubClasses": null, "Linetype": null, "EntityHandle": "7B3", "Text": null }, "geometry": { "type": "LineString", "coordinates": [ [ -73.991312886691546, 40.675602982804996, 0.0 ], [ -73.991306044232985, 40.675601729057149, 0.0 ] ] } },
{ "type": "Feature", "properties": { "Layer": "DRAWINGS$OUTLINE", "PaperSpace": null, "SubClasses": null, "Linetype": null, "EntityHandle": "7B4", "Text": null }, "geometry": { "type": "LineString", "coordinates": [ [ -73.991306044232985, 40.675601729057149, 0.0 ], [ -73.991299204231183, 40.675600467702218, 0.0 ] ] } },
{ "type": "Feature", "properties": { "Layer": "DRAWINGS$OUTLINE", "PaperSpace": null, "SubClasses": null, "Linetype": null, "EntityHandle": "7B5", "Text": null }, "geometry": { "type": "LineString", "coordinates": [ [ -73.991299204231183, 40.675600467702218, 0.0 ], [ -73.991292366818413, 40.67559919818909, 0.0 ] ] } },
{ "type": "Feature", "properties": { "Layer": "DRAWINGS$OUTLINE", "PaperSpace": null, "SubClasses": null, "Linetype": null, "EntityHandle": "7B6", "Text": null }, "geometry": { "type": "LineString", "coordinates": [ [ -73.991292366818413, 40.67559919818909, 0.0 ], [ -73.991285532189664, 40.675597919919049, 0.0 ] ] } },
{ "type": "Feature", "properties": { "Layer": "DRAWINGS$OUTLINE", "PaperSpace": null, "SubClasses": null, "Linetype": null, "EntityHandle": "7B7", "Text": null }, "geometry": { "type": "LineString", "coordinates": [ [ -73.991285532189664, 40.675597919919049, 0.0 ], [ -73.991278700581816, 40.67559663223053, 0.0 ] ] } },
{ "type": "Feature", "properties": { "Layer": "DRAWINGS$OUTLINE", "PaperSpace": null, "SubClasses": null, "Linetype": null, "EntityHandle": "7B8", "Text": null }, "geometry": { "type": "LineString", "coordinates": [ [ -73.991278700581816, 40.67559663223053, 0.0 ], [ -73.991271872279285, 40.675595334386131, 0.0 ] ] } },
{ "type": "Feature", "properties": { "Layer": "DRAWINGS$OUTLINE", "PaperSpace": null, "SubClasses": null, "Linetype": null, "EntityHandle": "7B9", "Text": null }, "geometry": { "type": "LineString", "coordinates": [ [ -73.991271872279285, 40.675595334386131, 0.0 ], [ -73.991265047622136, 40.67559402555738, 0.0 ] ] } },
{ "type": "Feature", "properties": { "Layer": "DRAWINGS$OUTLINE", "PaperSpace": null, "SubClasses": null, "Linetype": null, "EntityHandle": "7BA", "Text": null }, "geometry": { "type": "LineString", "coordinates": [ [ -73.991265047622136, 40.67559402555738, 0.0 ], [ -73.991258227131382, 40.675592704827707, 0.0 ] ] } },
{ "type": "Feature", "properties": { "Layer": "DRAWINGS$OUTLINE", "PaperSpace": null, "SubClasses": null, "Linetype": null, "EntityHandle": "7BB", "Text": null }, "geometry": { "type": "LineString", "coordinates": [ [ -73.991258227131382, 40.675592704827707, 0.0 ], [ -73.991251410910564, 40.675591371079221, 0.0 ] ] } },
{ "type": "Feature", "properties": { "Layer": "DRAWINGS$OUTLINE", "PaperSpace": null, "SubClasses": null, "Linetype": null, "EntityHandle": "7BC", "Text": null }, "geometry": { "type": "LineString", "coordinates": [ [ -73.991251410910564, 40.675591371079221, 0.0 ], [ -73.991244599370035, 40.675590023207924, 0.0 ] ] } },
{ "type": "Feature", "properties": { "Layer": "DRAWINGS$OUTLINE", "PaperSpace": null, "SubClasses": null, "Linetype": null, "EntityHandle": "7BD", "Text": null }, "geometry": { "type": "LineString", "coordinates": [ [ -73.991244599370035, 40.675590023207924, 0.0 ], [ -73.991237793253404, 40.675588659714649, 0.0 ] ] } },
{ "type": "Feature", "properties": { "Layer": "DRAWINGS$OUTLINE", "PaperSpace": null, "SubClasses": null, "Linetype": null, "EntityHandle": "7BE", "Text": null }, "geometry": { "type": "LineString", "coordinates": [ [ -73.991237793253404, 40.675588659714649, 0.0 ], [ -73.991230993165246, 40.675587278880968, 0.0 ] ] } },
{ "type": "Feature", "properties": { "Layer": "DRAWINGS$OUTLINE", "PaperSpace": null, "SubClasses": null, "Linetype": null, "EntityHandle": "7BF", "Text": null }, "geometry": { "type": "LineString", "coordinates": [ [ -73.991230993165246, 40.675587278880968, 0.0 ], [ -73.99122419986027, 40.675585878803474, 0.0 ] ] } },
{ "type": "Feature", "properties": { "Layer": "DRAWINGS$OUTLINE", "PaperSpace": null, "SubClasses": null, "Linetype": null, "EntityHandle": "7C0", "Text": null }, "geometry": { "type": "LineString", "coordinates": [ [ -73.99122419986027, 40.675585878803474, 0.0 ], [ -73.991217414248709, 40.675584457297958, 0.0 ] ] } },
{ "type": "Feature", "properties": { "Layer": "DRAWINGS$OUTLINE", "PaperSpace": null, "SubClasses": null, "Linetype": null, "EntityHandle": "7C1", "Text": null }, "geometry": { "type": "LineString", "coordinates": [ [ -73.991217414248709, 40.675584457297958, 0.0 ], [ -73.991210637379424, 40.675583011781342, 0.0 ] ] } },
{ "type": "Feature", "properties": { "Layer": "DRAWINGS$OUTLINE", "PaperSpace": null, "SubClasses": null, "Linetype": null, "EntityHandle": "7C2", "Text": null }, "geometry": { "type": "LineString", "coordinates": [ [ -73.991210637379424, 40.675583011781342, 0.0 ], [ -73.991203870611727, 40.675581539158458, 0.0 ] ] } },
{ "type": "Feature", "properties": { "Layer": "DRAWINGS$OUTLINE", "PaperSpace": null, "SubClasses": null, "Linetype": null, "EntityHandle": "7C3", "Text": null }, "geometry": { "type": "LineString", "coordinates": [ [ -73.991203870611727, 40.675581539158458, 0.0 ], [ -73.99119711557853, 40.675580035607624, 0.0 ] ] } },
{ "type": "Feature", "properties": { "Layer": "DRAWINGS$OUTLINE", "PaperSpace": null, "SubClasses": null, "Linetype": null, "EntityHandle": "7C4", "Text": null }, "geometry": { "type": "LineString", "coordinates": [ [ -73.99119711557853, 40.675580035607624, 0.0 ], [ -73.991190374442951, 40.675578496335071, 0.0 ] ] } },
{ "type": "Feature", "properties": { "Layer": "DRAWINGS$OUTLINE", "PaperSpace": null, "SubClasses": null, "Linetype": null, "EntityHandle": "7C5", "Text": null }, "geometry": { "type": "LineString", "coordinates": [ [ -73.991190374442951, 40.675578496335071, 0.0 ], [ -73.991183650071278, 40.675576915155368, 0.0 ] ] } },
{ "type": "Feature", "properties": { "Layer": "DRAWINGS$OUTLINE", "PaperSpace": null, "SubClasses": null, "Linetype": null, "EntityHandle": "7C6", "Text": null }, "geometry": { "type": "LineString", "coordinates": [ [ -73.991183650071278, 40.675576915155368, 0.0 ], [ -73.991176946415251, 40.67557528384399, 0.0 ] ] } },
{ "type": "Feature", "properties": { "Layer": "DRAWINGS$OUTLINE", "PaperSpace": null, "SubClasses": null, "Linetype": null, "EntityHandle": "7C7", "Text": null }, "geometry": { "type": "LineString", "coordinates": [ [ -73.991176946415251, 40.67557528384399, 0.0 ], [ -73.99117026909903, 40.675573591087918, 0.0 ] ] } },
{ "type": "Feature", "properties": { "Layer": "DRAWINGS$OUTLINE", "PaperSpace": null, "SubClasses": null, "Linetype": null, "EntityHandle": "7C8", "Text": null }, "geometry": { "type": "LineString", "coordinates": [ [ -73.99117026909903, 40.675573591087918, 0.0 ], [ -73.99116362722549, 40.675571819432669, 0.0 ] ] } },
{ "type": "Feature", "properties": { "Layer": "DRAWINGS$OUTLINE", "PaperSpace": null, "SubClasses": null, "Linetype": null, "EntityHandle": "7C9", "Text": null }, "geometry": { "type": "LineString", "coordinates": [ [ -73.99116362722549, 40.675571819432669, 0.0 ], [ -73.991157034616521, 40.675569944313395, 0.0 ] ] } },
{ "type": "Feature", "properties": { "Layer": "DRAWINGS$OUTLINE", "PaperSpace": null, "SubClasses": null, "Linetype": null, "EntityHandle": "7CA", "Text": null }, "geometry": { "type": "LineString", "coordinates": [ [ -73.991157034616521, 40.675569944313395, 0.0 ], [ -73.991150513407121, 40.675567930028123, 0.0 ] ] } },
{ "type": "Feature", "properties": { "Layer": "DRAWINGS$OUTLINE", "PaperSpace": null, "SubClasses": null, "Linetype": null, "EntityHandle": "7CB", "Text": null }, "geometry": { "type": "LineString", "coordinates": [ [ -73.991150513407121, 40.675567930028123, 0.0 ], [ -73.99114410215229, 40.675565721103638, 0.0 ] ] } },
{ "type": "Feature", "properties": { "Layer": "DRAWINGS$OUTLINE", "PaperSpace": null, "SubClasses": null, "Linetype": null, "EntityHandle": "7CC", "Text": null }, "geometry": { "type": "LineString", "coordinates": [ [ -73.99114410215229, 40.675565721103638, 0.0 ], [ -73.991137870547249, 40.675563233310172, 0.0 ] ] } },
{ "type": "Feature", "properties": { "Layer": "DRAWINGS$OUTLINE", "PaperSpace": null, "SubClasses": null, "Linetype": null, "EntityHandle": "7CD", "Text": null }, "geometry": { "type": "LineString", "coordinates": [ [ -73.991137870547249, 40.675563233310172, 0.0 ], [ -73.991131962488865, 40.675560327136644, 0.0 ] ] } },
{ "type": "Feature", "properties": { "Layer": "DRAWINGS$OUTLINE", "PaperSpace": null, "SubClasses": null, "Linetype": null, "EntityHandle": "7CE", "Text": null }, "geometry": { "type": "LineString", "coordinates": [ [ -73.991131962488865, 40.675560327136644, 0.0 ], [ -73.991126703283513, 40.675556779511702, 0.0 ] ] } },
{ "type": "Feature", "properties": { "Layer": "DRAWINGS$OUTLINE", "PaperSpace": null, "SubClasses": null, "Linetype": null, "EntityHandle": "7CF", "Text": null }, "geometry": { "type": "LineString", "coordinates": [ [ -73.991126703283513, 40.675556779511702, 0.0 ], [ -73.991122818416443, 40.675552339687471, 0.0 ] ] } },
{ "type": "Feature", "properties": { "Layer": "DRAWINGS$OUTLINE", "PaperSpace": null, "SubClasses": null, "Linetype": null, "EntityHandle": "7D0", "Text": null }, "geometry": { "type": "LineString", "coordinates": [ [ -73.991122818416443, 40.675552339687471, 0.0 ], [ -73.991121270190888, 40.675547145754784, 0.0 ] ] } },
{ "type": "Feature", "properties": { "Layer": "DRAWINGS$OUTLINE", "PaperSpace": null, "SubClasses": null, "Linetype": null, "EntityHandle": "7D1", "Text": null }, "geometry": { "type": "LineString", "coordinates": [ [ -73.991121270190888, 40.675547145754784, 0.0 ], [ -73.991122017858387, 40.675541833827182, 0.0 ] ] } },
{ "type": "Feature", "properties": { "Layer": "DRAWINGS$OUTLINE", "PaperSpace": null, "SubClasses": null, "Linetype": null, "EntityHandle": "7D2", "Text": null }, "geometry": { "type": "LineString", "coordinates": [ [ -73.991122017858387, 40.675541833827182, 0.0 ], [ -73.991124157959533, 40.675536734364961, 0.0 ] ] } },
{ "type": "Feature", "properties": { "Layer": "DRAWINGS$OUTLINE", "PaperSpace": null, "SubClasses": null, "Linetype": null, "EntityHandle": "7D3", "Text": null }, "geometry": { "type": "LineString", "coordinates": [ [ -73.991124157959533, 40.675536734364961, 0.0 ], [ -73.991127023299484, 40.675531841870416, 0.0 ] ] } },
{ "type": "Feature", "properties": { "Layer": "DRAWINGS$OUTLINE", "PaperSpace": null, "SubClasses": null, "Linetype": null, "EntityHandle": "7D4", "Text": null }, "geometry": { "type": "LineString", "coordinates": [ [ -73.991127023299484, 40.675531841870416, 0.0 ], [ -73.991130268339944, 40.675527087687435, 0.0 ] ] } },
{ "type": "Feature", "properties": { "Layer": "DRAWINGS$OUTLINE", "PaperSpace": null, "SubClasses": null, "Linetype": null, "EntityHandle": "7D5", "Text": null }, "geometry": { "type": "LineString", "coordinates": [ [ -73.991130268339944, 40.675527087687435, 0.0 ], [ -73.991133714677844, 40.67552241597798, 0.0 ] ] } },
{ "type": "Feature", "properties": { "Layer": "DRAWINGS$OUTLINE", "PaperSpace": null, "SubClasses": null, "Linetype": null, "EntityHandle": "7D6", "Text": null }, "geometry": { "type": "LineString", "coordinates": [ [ -73.991133714677844, 40.67552241597798, 0.0 ], [ -73.991137262663344, 40.675517788497473, 0.0 ] ] } },
{ "type": "Feature", "properties": { "Layer": "DRAWINGS$OUTLINE", "PaperSpace": null, "SubClasses": null, "Linetype": null, "EntityHandle": "7D7", "Text": null }, "geometry": { "type": "LineString", "coordinates": [ [ -73.991137262663344, 40.675517788497473, 0.0 ], [ -73.991140854346796, 40.675513180612725, 0.0 ] ] } },
{ "type": "Feature", "properties": { "Layer": "DRAWINGS$OUTLINE", "PaperSpace": null, "SubClasses": null, "Linetype": null, "EntityHandle": "7D8", "Text": null }, "geometry": { "type": "LineString", "coordinates": [ [ -73.991140854346796, 40.675513180612725, 0.0 ], [ -73.991144471197572, 40.675508584116322, 0.0 ] ] } },
{ "type": "Feature", "properties": { "Layer": "DRAWINGS$OUTLINE", "PaperSpace": null, "SubClasses": null, "Linetype": null, "EntityHandle": "7D9", "Text": null }, "geometry": { "type": "LineString", "coordinates": [ [ -73.991144471197572, 40.675508584116322, 0.0 ], [ -73.991148108389226, 40.675503996880856, 0.0 ] ] } },
{ "type": "Feature", "properties": { "Layer": "DRAWINGS$OUTLINE", "PaperSpace": null, "SubClasses": null, "Linetype": null, "EntityHandle": "7DA", "Text": null }, "geometry": { "type": "LineString", "coordinates": [ [ -73.991148108389226, 40.675503996880856, 0.0 ], [ -73.991151762223296, 40.675499417362488, 0.0 ] ] } },
{ "type": "Feature", "properties": { "Layer": "DRAWINGS$OUTLINE", "PaperSpace": null, "SubClasses": null, "Linetype": null, "EntityHandle": "7DB", "Text": null }, "geometry": { "type": "LineString", "coordinates": [ [ -73.991151762223296, 40.675499417362488, 0.0 ], [ -73.991155430026538, 40.675494844318301, 0.0 ] ] } },
{ "type": "Feature", "properties": { "Layer": "DRAWINGS$OUTLINE", "PaperSpace": null, "SubClasses": null, "Linetype": null, "EntityHandle": "7DC", "Text": null }, "geometry": { "type": "LineString", "coordinates": [ [ -73.991155430026538, 40.675494844318301, 0.0 ], [ -73.991159109713578, 40.675490276812532, 0.0 ] ] } },
{ "type": "Feature", "properties": { "Layer": "DRAWINGS$OUTLINE", "PaperSpace": null, "SubClasses": null, "Linetype": null, "EntityHandle": "7DD", "Text": null }, "geometry": { "type": "LineString", "coordinates": [ [ -73.991159109713578, 40.675490276812532, 0.0 ], [ -73.991162799624092, 40.675485714083344, 0.0 ] ] } },
{ "type": "Feature", "properties": { "Layer": "DRAWINGS$OUTLINE", "PaperSpace": null, "SubClasses": null, "Linetype": null, "EntityHandle": "7DE", "Text": null }, "geometry": { "type": "LineString", "coordinates": [ [ -73.991162799624092, 40.675485714083344, 0.0 ], [ -73.991166498373502, 40.675481155503697, 0.0 ] ] } },
{ "type": "Feature", "properties": { "Layer": "DRAWINGS$OUTLINE", "PaperSpace": null, "SubClasses": null, "Linetype": null, "EntityHandle": "7DF", "Text": null }, "geometry": { "type": "LineString", "coordinates": [ [ -73.991166498373502, 40.675481155503697, 0.0 ], [ -73.991170204767911, 40.675476600520213, 0.0 ] ] } },
{ "type": "Feature", "properties": { "Layer": "DRAWINGS$OUTLINE", "PaperSpace": null, "SubClasses": null, "Linetype": null, "EntityHandle": "7E0", "Text": null }, "geometry": { "type": "LineString", "coordinates": [ [ -73.991170204767911, 40.675476600520213, 0.0 ], [ -73.991173917705424, 40.675472048630816, 0.0 ] ] } },
{ "type": "Feature", "properties": { "Layer": "DRAWINGS$OUTLINE", "PaperSpace": null, "SubClasses": null, "Linetype": null, "EntityHandle": "7E1", "Text": null }, "geometry": { "type": "LineString", "coordinates": [ [ -73.991173917705424, 40.675472048630816, 0.0 ], [ -73.991177636083052, 40.675467499355769, 0.0 ] ] } },
{ "type": "Feature", "properties": { "Layer": "DRAWINGS$OUTLINE", "PaperSpace": null, "SubClasses": null, "Linetype": null, "EntityHandle": "7E2", "Text": null }, "geometry": { "type": "LineString", "coordinates": [ [ -73.991177636083052, 40.675467499355769, 0.0 ], [ -73.99118135916649, 40.675462952286004, 0.0 ] ] } },
{ "type": "Feature", "properties": { "Layer": "DRAWINGS$OUTLINE", "PaperSpace": null, "SubClasses": null, "Linetype": null, "EntityHandle": "7E3", "Text": null }, "geometry": { "type": "LineString", "coordinates": [ [ -73.99118135916649, 40.675462952286004, 0.0 ], [ -73.991185086556129, 40.675458407255022, 0.0 ] ] } },
{ "type": "Feature", "properties": { "Layer": "DRAWINGS$OUTLINE", "PaperSpace": null, "SubClasses": null, "Linetype": null, "EntityHandle": "7E4", "Text": null }, "geometry": { "type": "LineString", "coordinates": [ [ -73.991185086556129, 40.675458407255022, 0.0 ], [ -73.991188817885131, 40.675453864084311, 0.0 ] ] } },
{ "type": "Feature", "properties": { "Layer": "DRAWINGS$OUTLINE", "PaperSpace": null, "SubClasses": null, "Linetype": null, "EntityHandle": "7E5", "Text": null }, "geometry": { "type": "LineString", "coordinates": [ [ -73.991188817885131, 40.675453864084311, 0.0 ], [ -73.991192552782252, 40.675449322600798, 0.0 ] ] } },
{ "type": "Feature", "properties": { "Layer": "DRAWINGS$OUTLINE", "PaperSpace": null, "SubClasses": null, "Linetype": null, "EntityHandle": "7E6", "Text": null }, "geometry": { "type": "LineString", "coordinates": [ [ -73.991192552782252, 40.675449322600798, 0.0 ], [ -73.991196290868047, 40.675444782641385, 0.0 ] ] } },
{ "type": "Feature", "properties": { "Layer": "DRAWINGS$OUTLINE", "PaperSpace": null, "SubClasses": null, "Linetype": null, "EntityHandle": "7E7", "Text": null }, "geometry": { "type": "LineString", "coordinates": [ [ -73.991196290868047, 40.675444782641385, 0.0 ], [ -73.991200031769978, 40.67544024403459, 0.0 ] ] } },
{ "type": "Feature", "properties": { "Layer": "DRAWINGS$OUTLINE", "PaperSpace": null, "SubClasses": null, "Linetype": null, "EntityHandle": "7E8", "Text": null }, "geometry": { "type": "LineString", "coordinates": [ [ -73.991200031769978, 40.67544024403459, 0.0 ], [ -73.991203775115522, 40.675435706608859, 0.0 ] ] } },
{ "type": "Feature", "properties": { "Layer": "DRAWINGS$OUTLINE", "PaperSpace": null, "SubClasses": null, "Linetype": null, "EntityHandle": "7E9", "Text": null }, "geometry": { "type": "LineString", "coordinates": [ [ -73.991203775115522, 40.675435706608859, 0.0 ], [ -73.991207520532143, 40.675431170192589, 0.0 ] ] } },
{ "type": "Feature", "properties": { "Layer": "DRAWINGS$OUTLINE", "PaperSpace": null, "SubClasses": null, "Linetype": null, "EntityHandle": "7EA", "Text": null }, "geometry": { "type": "LineString", "coordinates": [ [ -73.991207520532143, 40.675431170192589, 0.0 ], [ -73.991211267647373, 40.67542663461429, 0.0 ] ] } },
{ "type": "Feature", "properties": { "Layer": "DRAWINGS$OUTLINE", "PaperSpace": null, "SubClasses": null, "Linetype": null, "EntityHandle": "7EB", "Text": null }, "geometry": { "type": "LineString", "coordinates": [ [ -73.991211267647373, 40.67542663461429, 0.0 ], [ -73.991215016132116, 40.675422099690863, 0.0 ] ] } },
{ "type": "Feature", "properties": { "Layer": "DRAWINGS$OUTLINE", "PaperSpace": null, "SubClasses": null, "Linetype": null, "EntityHandle": "7EC", "Text": null }, "geometry": { "type": "LineString", "coordinates": [ [ -73.991215016132116, 40.675422099690863, 0.0 ], [ -73.9912187659382, 40.675417565362608, 0.0 ] ] } },
{ "type": "Feature", "properties": { "Layer": "DRAWINGS$OUTLINE", "PaperSpace": null, "SubClasses": null, "Linetype": null, "EntityHandle": "7ED", "Text": null }, "geometry": { "type": "LineString", "coordinates": [ [ -73.9912187659382, 40.675417565362608, 0.0 ], [ -73.991222516951467, 40.67541303161498, 0.0 ] ] } },
{ "type": "Feature", "properties": { "Layer": "DRAWINGS$OUTLINE", "PaperSpace": null, "SubClasses": null, "Linetype": null, "EntityHandle": "7EE", "Text": null }, "geometry": { "type": "LineString", "coordinates": [ [ -73.991222516951467, 40.67541303161498, 0.0 ], [ -73.991226269047772, 40.675408498380833, 0.0 ] ] } },
{ "type": "Feature", "properties": { "Layer": "DRAWINGS$OUTLINE", "PaperSpace": null, "SubClasses": null, "Linetype": null, "EntityHandle": "7EF", "Text": null }, "geometry": { "type": "LineString", "coordinates": [ [ -73.991226269047772, 40.675408498380833, 0.0 ], [ -73.991230022094655, 40.675403965602868, 0.0 ] ] } },
{ "type": "Feature", "properties": { "Layer": "DRAWINGS$OUTLINE", "PaperSpace": null, "SubClasses": null, "Linetype": null, "EntityHandle": "7F0", "Text": null }, "geometry": { "type": "LineString", "coordinates": [ [ -73.991230022094655, 40.675403965602868, 0.0 ], [ -73.991233775961689, 40.675399433221578, 0.0 ] ] } },
{ "type": "Feature", "properties": { "Layer": "DRAWINGS$OUTLINE", "PaperSpace": null, "SubClasses": null, "Linetype": null, "EntityHandle": "7F1", "Text": null }, "geometry": { "type": "LineString", "coordinates": [ [ -73.991233775961689, 40.675399433221578, 0.0 ], [ -73.991237530519896, 40.675394901175494, 0.0 ] ] } },
{ "type": "Feature", "properties": { "Layer": "DRAWINGS$OUTLINE", "PaperSpace": null, "SubClasses": null, "Linetype": null, "EntityHandle": "7F2", "Text": null }, "geometry": { "type": "LineString", "coordinates": [ [ -73.991237530519896, 40.675394901175494, 0.0 ], [ -73.991241285640314, 40.675390369403281, 0.0 ] ] } },
{ "type": "Feature", "properties": { "Layer": "DRAWINGS$OUTLINE", "PaperSpace": null, "SubClasses": null, "Linetype": null, "EntityHandle": "7F3", "Text": null }, "geometry": { "type": "LineString", "coordinates": [ [ -73.991241285640314, 40.675390369403281, 0.0 ], [ -73.991245041193949, 40.675385837843514, 0.0 ] ] } },
{ "type": "Feature", "properties": { "Layer": "DRAWINGS$OUTLINE", "PaperSpace": null, "SubClasses": null, "Linetype": null, "EntityHandle": "7F4", "Text": null }, "geometry": { "type": "LineString", "coordinates": [ [ -73.991245041193949, 40.675385837843514, 0.0 ], [ -73.991248797082108, 40.675381306436286, 0.0 ] ] } },
{ "type": "Feature", "properties": { "Layer": "DRAWINGS$OUTLINE", "PaperSpace": null, "SubClasses": null, "Linetype": null, "EntityHandle": "7F5", "Text": null }, "geometry": { "type": "LineString", "coordinates": [ [ -73.991248797082108, 40.675381306436286, 0.0 ], [ -73.991252553245147, 40.675376775160622, 0.0 ] ] } },
{ "type": "Feature", "properties": { "Layer": "DRAWINGS$OUTLINE", "PaperSpace": null, "SubClasses": null, "Linetype": null, "EntityHandle": "7F6", "Text": null }, "geometry": { "type": "LineString", "coordinates": [ [ -73.991252553245147, 40.675376775160622, 0.0 ], [ -73.991256309622443, 40.675372243987788, 0.0 ] ] } },
{ "type": "Feature", "properties": { "Layer": "DRAWINGS$OUTLINE", "PaperSpace": null, "SubClasses": null, "Linetype": null, "EntityHandle": "7F7", "Text": null }, "geometry": { "type": "LineString", "coordinates": [ [ -73.991256309622443, 40.675372243987788, 0.0 ], [ -73.991260066156457, 40.67536771288492, 0.0 ] ] } },
{ "type": "Feature", "properties": { "Layer": "DRAWINGS$OUTLINE", "PaperSpace": null, "SubClasses": null, "Linetype": null, "EntityHandle": "7F8", "Text": null }, "geometry": { "type": "LineString", "coordinates": [ [ -73.991260066156457, 40.67536771288492, 0.0 ], [ -73.991263822781661, 40.675363181828807, 0.0 ] ] } },
{ "type": "Feature", "properties": { "Layer": "DRAWINGS$OUTLINE", "PaperSpace": null, "SubClasses": null, "Linetype": null, "EntityHandle": "7F9", "Text": null }, "geometry": { "type": "LineString", "coordinates": [ [ -73.991263822781661, 40.675363181828807, 0.0 ], [ -73.991267579437476, 40.675358650790379, 0.0 ] ] } },
{ "type": "Feature", "properties": { "Layer": "DRAWINGS$OUTLINE", "PaperSpace": null, "SubClasses": null, "Linetype": null, "EntityHandle": "7FA", "Text": null }, "geometry": { "type": "LineString", "coordinates": [ [ -73.991267579437476, 40.675358650790379, 0.0 ], [ -73.991271336063249, 40.675354119740497, 0.0 ] ] } },
{ "type": "Feature", "properties": { "Layer": "DRAWINGS$OUTLINE", "PaperSpace": null, "SubClasses": null, "Linetype": null, "EntityHandle": "7FB", "Text": null }, "geometry": { "type": "LineString", "coordinates": [ [ -73.991271336063249, 40.675354119740497, 0.0 ], [ -73.9912750925984, 40.675349588650064, 0.0 ] ] } },
{ "type": "Feature", "properties": { "Layer": "DRAWINGS$OUTLINE", "PaperSpace": null, "SubClasses": null, "Linetype": null, "EntityHandle": "7FC", "Text": null }, "geometry": { "type": "LineString", "coordinates": [ [ -73.9912750925984, 40.675349588650064, 0.0 ], [ -73.991278849004289, 40.675345057500842, 0.0 ] ] } },
{ "type": "Feature", "properties": { "Layer": "DRAWINGS$OUTLINE", "PaperSpace": null, "SubClasses": null, "Linetype": null, "EntityHandle": "7FD", "Text": null }, "geometry": { "type": "LineString", "coordinates": [ [ -73.991278849004289, 40.675345057500842, 0.0 ], [ -73.991282605537378, 40.675340526403346, 0.0 ] ] } },
{ "type": "Feature", "properties": { "Layer": "DRAWINGS$OUTLINE", "PaperSpace": null, "SubClasses": null, "Linetype": null, "EntityHandle": "7FE", "Text": null }, "geometry": { "type": "LineString", "coordinates": [ [ -73.991282605537378, 40.675340526403346, 0.0 ], [ -73.99128636246472, 40.675335995516612, 0.0 ] ] } },
{ "type": "Feature", "properties": { "Layer": "DRAWINGS$OUTLINE", "PaperSpace": null, "SubClasses": null, "Linetype": null, "EntityHandle": "7FF", "Text": null }, "geometry": { "type": "LineString", "coordinates": [ [ -73.99128636246472, 40.675335995516612, 0.0 ], [ -73.99129012006037, 40.675331464937365, 0.0 ] ] } },
{ "type": "Feature", "properties": { "Layer": "DRAWINGS$OUTLINE", "PaperSpace": null, "SubClasses": null, "Linetype": null, "EntityHandle": "800", "Text": null }, "geometry": { "type": "LineString", "coordinates": [ [ -73.99129012006037, 40.675331464937365, 0.0 ], [ -73.991293878575178, 40.675326934790341, 0.0 ] ] } },
{ "type": "Feature", "properties": { "Layer": "DRAWINGS$OUTLINE", "PaperSpace": null, "SubClasses": null, "Linetype": null, "EntityHandle": "801", "Text": null }, "geometry": { "type": "LineString", "coordinates": [ [ -73.991293878575178, 40.675326934790341, 0.0 ], [ -73.991297638259994, 40.675322405200255, 0.0 ] ] } },
{ "type": "Feature", "properties": { "Layer": "DRAWINGS$OUTLINE", "PaperSpace": null, "SubClasses": null, "Linetype": null, "EntityHandle": "802", "Text": null }, "geometry": { "type": "LineString", "coordinates": [ [ -73.991297638259994, 40.675322405200255, 0.0 ], [ -73.991301399365639, 40.675317876291921, 0.0 ] ] } },
{ "type": "Feature", "properties": { "Layer": "DRAWINGS$OUTLINE", "PaperSpace": null, "SubClasses": null, "Linetype": null, "EntityHandle": "803", "Text": null }, "geometry": { "type": "LineString", "coordinates": [ [ -73.991301399365639, 40.675317876291921, 0.0 ], [ -73.991305162167791, 40.675313348160223, 0.0 ] ] } },
{ "type": "Feature", "properties": { "Layer": "DRAWINGS$OUTLINE", "PaperSpace": null, "SubClasses": null, "Linetype": null, "EntityHandle": "804", "Text": null }, "geometry": { "type": "LineString", "coordinates": [ [ -73.991305162167791, 40.675313348160223, 0.0 ], [ -73.991308926864235, 40.67530882099372, 0.0 ] ] } },
{ "type": "Feature", "properties": { "Layer": "DRAWINGS$OUTLINE", "PaperSpace": null, "SubClasses": null, "Linetype": null, "EntityHandle": "805", "Text": null }, "geometry": { "type": "LineString", "coordinates": [ [ -73.991308926864235, 40.67530882099372, 0.0 ], [ -73.991312693738664, 40.675304294877662, 0.0 ] ] } },
{ "type": "Feature", "properties": { "Layer": "DRAWINGS$OUTLINE", "PaperSpace": null, "SubClasses": null, "Linetype": null, "EntityHandle": "806", "Text": null }, "geometry": { "type": "LineString", "coordinates": [ [ -73.991312693738664, 40.675304294877662, 0.0 ], [ -73.991316463043617, 40.675299769934803, 0.0 ] ] } },
{ "type": "Feature", "properties": { "Layer": "DRAWINGS$OUTLINE", "PaperSpace": null, "SubClasses": null, "Linetype": null, "EntityHandle": "807", "Text": null }, "geometry": { "type": "LineString", "coordinates": [ [ -73.991316463043617, 40.675299769934803, 0.0 ], [ -73.991320235066098, 40.675295246246534, 0.0 ] ] } },
{ "type": "Feature", "properties": { "Layer": "DRAWINGS$OUTLINE", "PaperSpace": null, "SubClasses": null, "Linetype": null, "EntityHandle": "808", "Text": null }, "geometry": { "type": "LineString", "coordinates": [ [ -73.991320235066098, 40.675295246246534, 0.0 ], [ -73.991324010014608, 40.675290723988461, 0.0 ] ] } },
{ "type": "Feature", "properties": { "Layer": "DRAWINGS$OUTLINE", "PaperSpace": null, "SubClasses": null, "Linetype": null, "EntityHandle": "809", "Text": null }, "geometry": { "type": "LineString", "coordinates": [ [ -73.991324010014608, 40.675290723988461, 0.0 ], [ -73.991327788140012, 40.675286203285374, 0.0 ] ] } },
{ "type": "Feature", "properties": { "Layer": "DRAWINGS$OUTLINE", "PaperSpace": null, "SubClasses": null, "Linetype": null, "EntityHandle": "80A", "Text": null }, "geometry": { "type": "LineString", "coordinates": [ [ -73.991327788140012, 40.675286203285374, 0.0 ], [ -73.991331569693159, 40.675281684261975, 0.0 ] ] } },
{ "type": "Feature", "properties": { "Layer": "DRAWINGS$OUTLINE", "PaperSpace": null, "SubClasses": null, "Linetype": null, "EntityHandle": "80B", "Text": null }, "geometry": { "type": "LineString", "coordinates": [ [ -73.991331569693159, 40.675281684261975, 0.0 ], [ -73.991335354924928, 40.675277167043077, 0.0 ] ] } },
{ "type": "Feature", "properties": { "Layer": "DRAWINGS$OUTLINE", "PaperSpace": null, "SubClasses": null, "Linetype": null, "EntityHandle": "80C", "Text": null }, "geometry": { "type": "LineString", "coordinates": [ [ -73.991335354924928, 40.675277167043077, 0.0 ], [ -73.991339144086155, 40.675272651753367, 0.0 ] ] } },
{ "type": "Feature", "properties": { "Layer": "DRAWINGS$OUTLINE", "PaperSpace": null, "SubClasses": null, "Linetype": null, "EntityHandle": "80D", "Text": null }, "geometry": { "type": "LineString", "coordinates": [ [ -73.991339144086155, 40.675272651753367, 0.0 ], [ -73.991342937427703, 40.675268138517637, 0.0 ] ] } },
{ "type": "Feature", "properties": { "Layer": "DRAWINGS$OUTLINE", "PaperSpace": null, "SubClasses": null, "Linetype": null, "EntityHandle": "80E", "Text": null }, "geometry": { "type": "LineString", "coordinates": [ [ -73.991342937427703, 40.675268138517637, 0.0 ], [ -73.991346735239702, 40.675263627414033, 0.0 ] ] } },
{ "type": "Feature", "properties": { "Layer": "DRAWINGS$OUTLINE", "PaperSpace": null, "SubClasses": null, "Linetype": null, "EntityHandle": "80F", "Text": null }, "geometry": { "type": "LineString", "coordinates": [ [ -73.991346735239702, 40.675263627414033, 0.0 ], [ -73.991350537689314, 40.675259118666659, 0.0 ] ] } },
{ "type": "Feature", "properties": { "Layer": "DRAWINGS$OUTLINE", "PaperSpace": null, "SubClasses": null, "Linetype": null, "EntityHandle": "810", "Text": null }, "geometry": { "type": "LineString", "coordinates": [ [ -73.991350537689314, 40.675259118666659, 0.0 ], [ -73.991354345137069, 40.675254612270365, 0.0 ] ] } },
{ "type": "Feature", "properties": { "Layer": "DRAWINGS$OUTLINE", "PaperSpace": null, "SubClasses": null, "Linetype": null, "EntityHandle": "811", "Text": null }, "geometry": { "type": "LineString", "coordinates": [ [ -73.991354345137069, 40.675254612270365, 0.0 ], [ -73.991358157768758, 40.675250108427115, 0.0 ] ] } },
{ "type": "Feature", "properties": { "Layer": "DRAWINGS$OUTLINE", "PaperSpace": null, "SubClasses": null, "Linetype": null, "EntityHandle": "812", "Text": null }, "geometry": { "type": "LineString", "coordinates": [ [ -73.991358157768758, 40.675250108427115, 0.0 ], [ -73.991361975810165, 40.675245607283628, 0.0 ] ] } },
{ "type": "Feature", "properties": { "Layer": "DRAWINGS$OUTLINE", "PaperSpace": null, "SubClasses": null, "Linetype": null, "EntityHandle": "813", "Text": null }, "geometry": { "type": "LineString", "coordinates": [ [ -73.991361975810165, 40.675245607283628, 0.0 ], [ -73.991365799605404, 40.675241108897907, 0.0 ] ] } },
{ "type": "Feature", "properties": { "Layer": "DRAWINGS$OUTLINE", "PaperSpace": null, "SubClasses": null, "Linetype": null, "EntityHandle": "814", "Text": null }, "geometry": { "type": "LineString", "coordinates": [ [ -73.991365799605404, 40.675241108897907, 0.0 ], [ -73.991369629413171, 40.675236613521946, 0.0 ] ] } },
{ "type": "Feature", "properties": { "Layer": "DRAWINGS$OUTLINE", "PaperSpace": null, "SubClasses": null, "Linetype": null, "EntityHandle": "815", "Text": null }, "geometry": { "type": "LineString", "coordinates": [ [ -73.991369629413171, 40.675236613521946, 0.0 ], [ -73.991373465603985, 40.67523212128841, 0.0 ] ] } },
{ "type": "Feature", "properties": { "Layer": "DRAWINGS$OUTLINE", "PaperSpace": null, "SubClasses": null, "Linetype": null, "EntityHandle": "816", "Text": null }, "geometry": { "type": "LineString", "coordinates": [ [ -73.991373465603985, 40.67523212128841, 0.0 ], [ -73.991377308516434, 40.675227632381848, 0.0 ] ] } },
{ "type": "Feature", "properties": { "Layer": "DRAWINGS$OUTLINE", "PaperSpace": null, "SubClasses": null, "Linetype": null, "EntityHandle": "817", "Text": null }, "geometry": { "type": "LineString", "coordinates": [ [ -73.991377308516434, 40.675227632381848, 0.0 ], [ -73.991381158479896, 40.675223147016951, 0.0 ] ] } },
{ "type": "Feature", "properties": { "Layer": "DRAWINGS$OUTLINE", "PaperSpace": null, "SubClasses": null, "Linetype": null, "EntityHandle": "818", "Text": null }, "geometry": { "type": "LineString", "coordinates": [ [ -73.991381158479896, 40.675223147016951, 0.0 ], [ -73.991385015958912, 40.67521866527602, 0.0 ] ] } },
{ "type": "Feature", "properties": { "Layer": "DRAWINGS$OUTLINE", "PaperSpace": null, "SubClasses": null, "Linetype": null, "EntityHandle": "819", "Text": null }, "geometry": { "type": "LineString", "coordinates": [ [ -73.991385015958912, 40.67521866527602, 0.0 ], [ -73.991388881195277, 40.675214187530315, 0.0 ] ] } },
{ "type": "Feature", "properties": { "Layer": "DRAWINGS$OUTLINE", "PaperSpace": null, "SubClasses": null, "Linetype": null, "EntityHandle": "81A", "Text": null }, "geometry": { "type": "LineString", "coordinates": [ [ -73.991388881195277, 40.675214187530315, 0.0 ], [ -73.99139275469112, 40.675209713884378, 0.0 ] ] } },
{ "type": "Feature", "properties": { "Layer": "DRAWINGS$OUTLINE", "PaperSpace": null, "SubClasses": null, "Linetype": null, "EntityHandle": "81B", "Text": null }, "geometry": { "type": "LineString", "coordinates": [ [ -73.99139275469112, 40.675209713884378, 0.0 ], [ -73.991396636848705, 40.675205244600257, 0.0 ] ] } },
{ "type": "Feature", "properties": { "Layer": "DRAWINGS$OUTLINE", "PaperSpace": null, "SubClasses": null, "Linetype": null, "EntityHandle": "81C", "Text": null }, "geometry": { "type": "LineString", "coordinates": [ [ -73.991396636848705, 40.675205244600257, 0.0 ], [ -73.991400528132019, 40.675200779916423, 0.0 ] ] } },
{ "type": "Feature", "properties": { "Layer": "DRAWINGS$OUTLINE", "PaperSpace": null, "SubClasses": null, "Linetype": null, "EntityHandle": "81D", "Text": null }, "geometry": { "type": "LineString", "coordinates": [ [ -73.991400528132019, 40.675200779916423, 0.0 ], [ -73.991404429034034, 40.675196320093029, 0.0 ] ] } },
{ "type": "Feature", "properties": { "Layer": "DRAWINGS$OUTLINE", "PaperSpace": null, "SubClasses": null, "Linetype": null, "EntityHandle": "81E", "Text": null }, "geometry": { "type": "LineString", "coordinates": [ [ -73.991404429034034, 40.675196320093029, 0.0 ], [ -73.991408340081378, 40.675191865414298, 0.0 ] ] } },
{ "type": "Feature", "properties": { "Layer": "DRAWINGS$OUTLINE", "PaperSpace": null, "SubClasses": null, "Linetype": null, "EntityHandle": "81F", "Text": null }, "geometry": { "type": "LineString", "coordinates": [ [ -73.991408340081378, 40.675191865414298, 0.0 ], [ -73.991412261839372, 40.675187416191733, 0.0 ] ] } },
{ "type": "Feature", "properties": { "Layer": "DRAWINGS$OUTLINE", "PaperSpace": null, "SubClasses": null, "Linetype": null, "EntityHandle": "820", "Text": null }, "geometry": { "type": "LineString", "coordinates": [ [ -73.991412261839372, 40.675187416191733, 0.0 ], [ -73.991416194917889, 40.675182972767871, 0.0 ] ] } },
{ "type": "Feature", "properties": { "Layer": "DRAWINGS$OUTLINE", "PaperSpace": null, "SubClasses": null, "Linetype": null, "EntityHandle": "821", "Text": null }, "geometry": { "type": "LineString", "coordinates": [ [ -73.991416194917889, 40.675182972767871, 0.0 ], [ -73.991420139977905, 40.675178535520402, 0.0 ] ] } },
{ "type": "Feature", "properties": { "Layer": "DRAWINGS$OUTLINE", "PaperSpace": null, "SubClasses": null, "Linetype": null, "EntityHandle": "822", "Text": null }, "geometry": { "type": "LineString", "coordinates": [ [ -73.991420139977905, 40.675178535520402, 0.0 ], [ -73.991424097750823, 40.675174104854555, 0.0 ] ] } },
{ "type": "Feature", "properties": { "Layer": "DRAWINGS$OUTLINE", "PaperSpace": null, "SubClasses": null, "Linetype": null, "EntityHandle": "823", "Text": null }, "geometry": { "type": "LineString", "coordinates": [ [ -73.991424097750823, 40.675174104854555, 0.0 ], [ -73.991428069054692, 40.675169681201417, 0.0 ] ] } },
{ "type": "Feature", "properties": { "Layer": "DRAWINGS$OUTLINE", "PaperSpace": null, "SubClasses": null, "Linetype": null, "EntityHandle": "824", "Text": null }, "geometry": { "type": "LineString", "coordinates": [ [ -73.991428069054692, 40.675169681201417, 0.0 ], [ -73.991432054767657, 40.675165265066902, 0.0 ] ] } },
{ "type": "Feature", "properties": { "Layer": "DRAWINGS$OUTLINE", "PaperSpace": null, "SubClasses": null, "Linetype": null, "EntityHandle": "825", "Text": null }, "geometry": { "type": "LineString", "coordinates": [ [ -73.991432054767657, 40.675165265066902, 0.0 ], [ -73.991436055870736, 40.67516085700732, 0.0 ] ] } },
{ "type": "Feature", "properties": { "Layer": "DRAWINGS$OUTLINE", "PaperSpace": null, "SubClasses": null, "Linetype": null, "EntityHandle": "826", "Text": null }, "geometry": { "type": "LineString", "coordinates": [ [ -73.991436055870736, 40.67516085700732, 0.0 ], [ -73.991440073456886, 40.675156457647326, 0.0 ] ] } },
{ "type": "Feature", "properties": { "Layer": "DRAWINGS$OUTLINE", "PaperSpace": null, "SubClasses": null, "Linetype": null, "EntityHandle": "827", "Text": null }, "geometry": { "type": "LineString", "coordinates": [ [ -73.991440073456886, 40.675156457647326, 0.0 ], [ -73.991444108752205, 40.675152067690846, 0.0 ] ] } },
{ "type": "Feature", "properties": { "Layer": "DRAWINGS$OUTLINE", "PaperSpace": null, "SubClasses": null, "Linetype": null, "EntityHandle": "828", "Text": null }, "geometry": { "type": "LineString", "coordinates": [ [ -73.991444108752205, 40.675152067690846, 0.0 ], [ -73.99144816303702, 40.675147687902225, 0.0 ] ] } },
{ "type": "Feature", "properties": { "Layer": "DRAWINGS$OUTLINE", "PaperSpace": null, "SubClasses": null, "Linetype": null, "EntityHandle": "829", "Text": null }, "geometry": { "type": "LineString", "coordinates": [ [ -73.99144816303702, 40.675147687902225, 0.0 ], [ -73.991452237760782, 40.675143319176811, 0.0 ] ] } },
{ "type": "Feature", "properties": { "Layer": "DRAWINGS$OUTLINE", "PaperSpace": null, "SubClasses": null, "Linetype": null, "EntityHandle": "82A", "Text": null }, "geometry": { "type": "LineString", "coordinates": [ [ -73.991452237760782, 40.675143319176811, 0.0 ], [ -73.991456334778391, 40.675138962421606, 0.0 ] ] } },
{ "type": "Feature", "properties": { "Layer": "DRAWINGS$OUTLINE", "PaperSpace": null, "SubClasses": null, "Linetype": null, "EntityHandle": "82B", "Text": null }, "geometry": { "type": "LineString", "coordinates": [ [ -73.991456334778391, 40.675138962421606, 0.0 ], [ -73.991460455899855, 40.67513461893445, 0.0 ] ] } },
{ "type": "Feature", "properties": { "Layer": "DRAWINGS$OUTLINE", "PaperSpace": null, "SubClasses": null, "Linetype": null, "EntityHandle": "82C", "Text": null }, "geometry": { "type": "LineString", "coordinates": [ [ -73.991460455899855, 40.67513461893445, 0.0 ], [ -73.991464603361138, 40.675130290005015, 0.0 ] ] } },
{ "type": "Feature", "properties": { "Layer": "DRAWINGS$OUTLINE", "PaperSpace": null, "SubClasses": null, "Linetype": null, "EntityHandle": "82D", "Text": null }, "geometry": { "type": "LineString", "coordinates": [ [ -73.991464603361138, 40.675130290005015, 0.0 ], [ -73.991468779682478, 40.675125977190838, 0.0 ] ] } },
{ "type": "Feature", "properties": { "Layer": "DRAWINGS$OUTLINE", "PaperSpace": null, "SubClasses": null, "Linetype": null, "EntityHandle": "82E", "Text": null }, "geometry": { "type": "LineString", "coordinates": [ [ -73.991468779682478, 40.675125977190838, 0.0 ], [ -73.991472987823812, 40.675121682309687, 0.0 ] ] } },
{ "type": "Feature", "properties": { "Layer": "DRAWINGS$OUTLINE", "PaperSpace": null, "SubClasses": null, "Linetype": null, "EntityHandle": "82F", "Text": null }, "geometry": { "type": "LineString", "coordinates": [ [ -73.991472987823812, 40.675121682309687, 0.0 ], [ -73.991477231187218, 40.675117407637721, 0.0 ] ] } },
{ "type": "Feature", "properties": { "Layer": "DRAWINGS$OUTLINE", "PaperSpace": null, "SubClasses": null, "Linetype": null, "EntityHandle": "830", "Text": null }, "geometry": { "type": "LineString", "coordinates": [ [ -73.991360981185863, 40.676337786609679, 0.0 ], [ -73.991358392227511, 40.676337379661085, 0.0 ] ] } },
{ "type": "Feature", "properties": { "Layer": "DRAWINGS$OUTLINE", "PaperSpace": null, "SubClasses": null, "Linetype": null, "EntityHandle": "831", "Text": null }, "geometry": { "type": "LineString", "coordinates": [ [ -73.991358392227511, 40.676337379661085, 0.0 ], [ -73.991355832721553, 40.676336876037155, 0.0 ] ] } },
{ "type": "Feature", "properties": { "Layer": "DRAWINGS$OUTLINE", "PaperSpace": null, "SubClasses": null, "Linetype": null, "EntityHandle": "832", "Text": null }, "geometry": { "type": "LineString", "coordinates": [ [ -73.991355832721553, 40.676336876037155, 0.0 ], [ -73.991353306071005, 40.676336283923014, 0.0 ] ] } },
{ "type": "Feature", "properties": { "Layer": "DRAWINGS$OUTLINE", "PaperSpace": null, "SubClasses": null, "Linetype": null, "EntityHandle": "833", "Text": null }, "geometry": { "type": "LineString", "coordinates": [ [ -73.991353306071005, 40.676336283923014, 0.0 ], [ -73.991350814217611, 40.676335611670467, 0.0 ] ] } },
{ "type": "Feature", "properties": { "Layer": "DRAWINGS$OUTLINE", "PaperSpace": null, "SubClasses": null, "Linetype": null, "EntityHandle": "834", "Text": null }, "geometry": { "type": "LineString", "coordinates": [ [ -73.991350814217611, 40.676335611670467, 0.0 ], [ -73.991348357491731, 40.67633486816537, 0.0 ] ] } },
{ "type": "Feature", "properties": { "Layer": "DRAWINGS$OUTLINE", "PaperSpace": null, "SubClasses": null, "Linetype": null, "EntityHandle": "835", "Text": null }, "geometry": { "type": "LineString", "coordinates": [ [ -73.991348357491731, 40.67633486816537, 0.0 ], [ -73.991345934777726, 40.676334062499102, 0.0 ] ] } },
{ "type": "Feature", "properties": { "Layer": "DRAWINGS$OUTLINE", "PaperSpace": null, "SubClasses": null, "Linetype": null, "EntityHandle": "836", "Text": null }, "geometry": { "type": "LineString", "coordinates": [ [ -73.991345934777726, 40.676334062499102, 0.0 ], [ -73.991343543719708, 40.67633320371516, 0.0 ] ] } },
{ "type": "Feature", "properties": { "Layer": "DRAWINGS$OUTLINE", "PaperSpace": null, "SubClasses": null, "Linetype": null, "EntityHandle": "837", "Text": null }, "geometry": { "type": "LineString", "coordinates": [ [ -73.991343543719708, 40.67633320371516, 0.0 ], [ -73.991341180951835, 40.676332300640702, 0.0 ] ] } },
{ "type": "Feature", "properties": { "Layer": "DRAWINGS$OUTLINE", "PaperSpace": null, "SubClasses": null, "Linetype": null, "EntityHandle": "838", "Text": null }, "geometry": { "type": "LineString", "coordinates": [ [ -73.991341180951835, 40.676332300640702, 0.0 ], [ -73.991338842308778, 40.6763313618317, 0.0 ] ] } },
{ "type": "Feature", "properties": { "Layer": "DRAWINGS$OUTLINE", "PaperSpace": null, "SubClasses": null, "Linetype": null, "EntityHandle": "839", "Text": null }, "geometry": { "type": "LineString", "coordinates": [ [ -73.991338842308778, 40.6763313618317, 0.0 ], [ -73.991336522254045, 40.676330396644381, 0.0 ] ] } },
{ "type": "Feature", "properties": { "Layer": "DRAWINGS$OUTLINE", "PaperSpace": null, "SubClasses": null, "Linetype": null, "EntityHandle": "83A", "Text": null }, "geometry": { "type": "LineString", "coordinates": [ [ -73.991336522254045, 40.676330396644381, 0.0 ], [ -73.991334213716385, 40.676329415553099, 0.0 ] ] } },
{ "type": "Feature", "properties": { "Layer": "DRAWINGS$OUTLINE", "PaperSpace": null, "SubClasses": null, "Linetype": null, "EntityHandle": "83B", "Text": null }, "geometry": { "type": "LineString", "coordinates": [ [ -73.991334213716385, 40.676329415553099, 0.0 ], [ -73.991331908048494, 40.676328430543926, 0.0 ] ] } },
{ "type": "Feature", "properties": { "Layer": "DRAWINGS$OUTLINE", "PaperSpace": null, "SubClasses": null, "Linetype": null, "EntityHandle": "83C", "Text": null }, "geometry": { "type": "LineString", "coordinates": [ [ -73.991331908048494, 40.676328430543926, 0.0 ], [ -73.991329594435285, 40.676327456427785, 0.0 ] ] } },
{ "type": "Feature", "properties": { "Layer": "DRAWINGS$OUTLINE", "PaperSpace": null, "SubClasses": null, "Linetype": null, "EntityHandle": "83D", "Text": null }, "geometry": { "type": "LineString", "coordinates": [ [ -73.991329594435285, 40.676327456427785, 0.0 ], [ -73.991327258966081, 40.676326513115797, 0.0 ] ] } },
{ "type": "Feature", "properties": { "Layer": "DRAWINGS$OUTLINE", "PaperSpace": null, "SubClasses": null, "Linetype": null, "EntityHandle": "83E", "Text": null }, "geometry": { "type": "LineString", "coordinates": [ [ -73.991327258966081, 40.676326513115797, 0.0 ], [ -73.991324882253764, 40.676325631767938, 0.0 ] ] } },
{ "type": "Feature", "properties": { "Layer": "DRAWINGS$OUTLINE", "PaperSpace": null, "SubClasses": null, "Linetype": null, "EntityHandle": "83F", "Text": null }, "geometry": { "type": "LineString", "coordinates": [ [ -73.991324882253764, 40.676325631767938, 0.0 ], [ -73.991322443214386, 40.676324856164868, 0.0 ] ] } },
{ "type": "Feature", "properties": { "Layer": "DRAWINGS$OUTLINE", "PaperSpace": null, "SubClasses": null, "Linetype": null, "EntityHandle": "840", "Text": null }, "geometry": { "type": "LineString", "coordinates": [ [ -73.991322443214386, 40.676324856164868, 0.0 ], [ -73.991319916566226, 40.676324268008997, 0.0 ] ] } },
{ "type": "Feature", "properties": { "Layer": "DRAWINGS$OUTLINE", "PaperSpace": null, "SubClasses": null, "Linetype": null, "EntityHandle": "841", "Text": null }, "geometry": { "type": "LineString", "coordinates": [ [ -73.991319916566226, 40.676324268008997, 0.0 ], [ -73.991317305790716, 40.676323965555355, 0.0 ] ] } },
{ "type": "Feature", "properties": { "Layer": "DRAWINGS$OUTLINE", "PaperSpace": null, "SubClasses": null, "Linetype": null, "EntityHandle": "842", "Text": null }, "geometry": { "type": "LineString", "coordinates": [ [ -73.991317305790716, 40.676323965555355, 0.0 ], [ -73.991314667714093, 40.67632403046732, 0.0 ] ] } },
{ "type": "Feature", "properties": { "Layer": "DRAWINGS$OUTLINE", "PaperSpace": null, "SubClasses": null, "Linetype": null, "EntityHandle": "843", "Text": null }, "geometry": { "type": "LineString", "coordinates": [ [ -73.991314667714093, 40.67632403046732, 0.0 ], [ -73.991312103797455, 40.676324506309641, 0.0 ] ] } },
{ "type": "Feature", "properties": { "Layer": "DRAWINGS$OUTLINE", "PaperSpace": null, "SubClasses": null, "Linetype": null, "EntityHandle": "844", "Text": null }, "geometry": { "type": "LineString", "coordinates": [ [ -73.991312103797455, 40.676324506309641, 0.0 ], [ -73.99130971676388, 40.676325364637897, 0.0 ] ] } },
{ "type": "Feature", "properties": { "Layer": "DRAWINGS$OUTLINE", "PaperSpace": null, "SubClasses": null, "Linetype": null, "EntityHandle": "845", "Text": null }, "geometry": { "type": "LineString", "coordinates": [ [ -73.99130971676388, 40.676325364637897, 0.0 ], [ -73.991307550935701, 40.67632651593604, 0.0 ] ] } },
{ "type": "Feature", "properties": { "Layer": "DRAWINGS$OUTLINE", "PaperSpace": null, "SubClasses": null, "Linetype": null, "EntityHandle": "846", "Text": null }, "geometry": { "type": "LineString", "coordinates": [ [ -73.991307550935701, 40.67632651593604, 0.0 ], [ -73.991305588838571, 40.676327863701673, 0.0 ] ] } },
{ "type": "Feature", "properties": { "Layer": "DRAWINGS$OUTLINE", "PaperSpace": null, "SubClasses": null, "Linetype": null, "EntityHandle": "847", "Text": null }, "geometry": { "type": "LineString", "coordinates": [ [ -73.991305588838571, 40.676327863701673, 0.0 ], [ -73.99130378632745, 40.67632933569584, 0.0 ] ] } },
{ "type": "Feature", "properties": { "Layer": "DRAWINGS$OUTLINE", "PaperSpace": null, "SubClasses": null, "Linetype": null, "EntityHandle": "848", "Text": null }, "geometry": { "type": "LineString", "coordinates": [ [ -73.99130378632745, 40.67632933569584, 0.0 ], [ -73.991302091327256, 40.676330880274897, 0.0 ] ] } },
{ "type": "Feature", "properties": { "Layer": "DRAWINGS$OUTLINE", "PaperSpace": null, "SubClasses": null, "Linetype": null, "EntityHandle": "849", "Text": null }, "geometry": { "type": "LineString", "coordinates": [ [ -73.991302091327256, 40.676330880274897, 0.0 ], [ -73.991300456487835, 40.676332462158229, 0.0 ] ] } },
{ "type": "Feature", "properties": { "Layer": "DRAWINGS$OUTLINE", "PaperSpace": null, "SubClasses": null, "Linetype": null, "EntityHandle": "84A", "Text": null }, "geometry": { "type": "LineString", "coordinates": [ [ -73.991300456487835, 40.676332462158229, 0.0 ], [ -73.991298838392723, 40.6763340540261, 0.0 ] ] } },
{ "type": "Feature", "properties": { "Layer": "DRAWINGS$OUTLINE", "PaperSpace": null, "SubClasses": null, "Linetype": null, "EntityHandle": "84B", "Text": null }, "geometry": { "type": "LineString", "coordinates": [ [ -73.991298838392723, 40.6763340540261, 0.0 ], [ -73.9912971977501, 40.676335632412098, 0.0 ] ] } },
{ "type": "Feature", "properties": { "Layer": "DRAWINGS$OUTLINE", "PaperSpace": null, "SubClasses": null, "Linetype": null, "EntityHandle": "84C", "Text": null }, "geometry": { "type": "LineString", "coordinates": [ [ -73.9912971977501, 40.676335632412098, 0.0 ], [ -73.991295497326874, 40.676337173569557, 0.0 ] ] } },
{ "type": "Feature", "properties": { "Layer": "DRAWINGS$OUTLINE", "PaperSpace": null, "SubClasses": null, "Linetype": null, "EntityHandle": "84D", "Text": null }, "geometry": { "type": "LineString", "coordinates": [ [ -73.991295497326874, 40.676337173569557, 0.0 ], [ -73.991293700594539, 40.67633864979851, 0.0 ] ] } },
{ "type": "Feature", "properties": { "Layer": "DRAWINGS$OUTLINE", "PaperSpace": null, "SubClasses": null, "Linetype": null, "EntityHandle": "84E", "Text": null }, "geometry": { "type": "LineString", "coordinates": [ [ -73.991293700594539, 40.67633864979851, 0.0 ], [ -73.991291772166434, 40.676340025948846, 0.0 ] ] } },
{ "type": "Feature", "properties": { "Layer": "DRAWINGS$OUTLINE", "PaperSpace": null, "SubClasses": null, "Linetype": null, "EntityHandle": "84F", "Text": null }, "geometry": { "type": "LineString", "coordinates": [ [ -73.991291772166434, 40.676340025948846, 0.0 ], [ -73.991289681685046, 40.676341256673695, 0.0 ] ] } },
{ "type": "Feature", "properties": { "Layer": "DRAWINGS$OUTLINE", "PaperSpace": null, "SubClasses": null, "Linetype": null, "EntityHandle": "850", "Text": null }, "geometry": { "type": "LineString", "coordinates": [ [ -73.991289681685046, 40.676341256673695, 0.0 ], [ -73.99128742135315, 40.676342298569629, 0.0 ] ] } },
{ "type": "Feature", "properties": { "Layer": "DRAWINGS$OUTLINE", "PaperSpace": null, "SubClasses": null, "Linetype": null, "EntityHandle": "851", "Text": null }, "geometry": { "type": "LineString", "coordinates": [ [ -73.99128742135315, 40.676342298569629, 0.0 ], [ -73.991285015001822, 40.676343129509426, 0.0 ] ] } },
{ "type": "Feature", "properties": { "Layer": "DRAWINGS$OUTLINE", "PaperSpace": null, "SubClasses": null, "Linetype": null, "EntityHandle": "852", "Text": null }, "geometry": { "type": "LineString", "coordinates": [ [ -73.991285015001822, 40.676343129509426, 0.0 ], [ -73.991282497860965, 40.676343741601102, 0.0 ] ] } },
{ "type": "Feature", "properties": { "Layer": "DRAWINGS$OUTLINE", "PaperSpace": null, "SubClasses": null, "Linetype": null, "EntityHandle": "853", "Text": null }, "geometry": { "type": "LineString", "coordinates": [ [ -73.991282497860965, 40.676343741601102, 0.0 ], [ -73.99127990780255, 40.676344140999163, 0.0 ] ] } },
{ "type": "Feature", "properties": { "Layer": "DRAWINGS$OUTLINE", "PaperSpace": null, "SubClasses": null, "Linetype": null, "EntityHandle": "854", "Text": null }, "geometry": { "type": "LineString", "coordinates": [ [ -73.99127990780255, 40.676344140999163, 0.0 ], [ -73.991277278513195, 40.676344345057082, 0.0 ] ] } },
{ "type": "Feature", "properties": { "Layer": "DRAWINGS$OUTLINE", "PaperSpace": null, "SubClasses": null, "Linetype": null, "EntityHandle": "855", "Text": null }, "geometry": { "type": "LineString", "coordinates": [ [ -73.991277278513195, 40.676344345057082, 0.0 ], [ -73.991274635703419, 40.676344377389796, 0.0 ] ] } },
{ "type": "Feature", "properties": { "Layer": "DRAWINGS$OUTLINE", "PaperSpace": null, "SubClasses": null, "Linetype": null, "EntityHandle": "856", "Text": null }, "geometry": { "type": "LineString", "coordinates": [ [ -73.991274635703419, 40.676344377389796, 0.0 ], [ -73.991271996653538, 40.676344262615075, 0.0 ] ] } },
{ "type": "Feature", "properties": { "Layer": "DRAWINGS$OUTLINE", "PaperSpace": null, "SubClasses": null, "Linetype": null, "EntityHandle": "857", "Text": null }, "geometry": { "type": "LineString", "coordinates": [ [ -73.991271996653538, 40.676344262615075, 0.0 ], [ -73.991269372010308, 40.67634402272769, 0.0 ] ] } },
{ "type": "Feature", "properties": { "Layer": "DRAWINGS$OUTLINE", "PaperSpace": null, "SubClasses": null, "Linetype": null, "EntityHandle": "858", "Text": null }, "geometry": { "type": "LineString", "coordinates": [ [ -73.991269372010308, 40.67634402272769, 0.0 ], [ -73.991266767687989, 40.676343677135087, 0.0 ] ] } },
{ "type": "Feature", "properties": { "Layer": "DRAWINGS$OUTLINE", "PaperSpace": null, "SubClasses": null, "Linetype": null, "EntityHandle": "859", "Text": null }, "geometry": { "type": "LineString", "coordinates": [ [ -73.991266767687989, 40.676343677135087, 0.0 ], [ -73.991264186605676, 40.676343241818188, 0.0 ] ] } },
{ "type": "Feature", "properties": { "Layer": "DRAWINGS$OUTLINE", "PaperSpace": null, "SubClasses": null, "Linetype": null, "EntityHandle": "85A", "Text": null }, "geometry": { "type": "LineString", "coordinates": [ [ -73.991264186605676, 40.676343241818188, 0.0 ], [ -73.991261629814446, 40.676342729924073, 0.0 ] ] } },
{ "type": "Feature", "properties": { "Layer": "DRAWINGS$OUTLINE", "PaperSpace": null, "SubClasses": null, "Linetype": null, "EntityHandle": "85B", "Text": null }, "geometry": { "type": "LineString", "coordinates": [ [ -73.991261629814446, 40.676342729924073, 0.0 ], [ -73.991259097251088, 40.676342152390703, 0.0 ] ] } },
{ "type": "Feature", "properties": { "Layer": "DRAWINGS$OUTLINE", "PaperSpace": null, "SubClasses": null, "Linetype": null, "EntityHandle": "85C", "Text": null }, "geometry": { "type": "LineString", "coordinates": [ [ -73.991259097251088, 40.676342152390703, 0.0 ], [ -73.991256588073554, 40.676341518390664, 0.0 ] ] } },
{ "type": "Feature", "properties": { "Layer": "DRAWINGS$OUTLINE", "PaperSpace": null, "SubClasses": null, "Linetype": null, "EntityHandle": "85D", "Text": null }, "geometry": { "type": "LineString", "coordinates": [ [ -73.991256588073554, 40.676341518390664, 0.0 ], [ -73.991254101235697, 40.676340835183794, 0.0 ] ] } },
{ "type": "Feature", "properties": { "Layer": "DRAWINGS$OUTLINE", "PaperSpace": null, "SubClasses": null, "Linetype": null, "EntityHandle": "85E", "Text": null }, "geometry": { "type": "LineString", "coordinates": [ [ -73.991254101235697, 40.676340835183794, 0.0 ], [ -73.991251635455541, 40.676340109068775, 0.0 ] ] } },
{ "type": "Feature", "properties": { "Layer": "DRAWINGS$OUTLINE", "PaperSpace": null, "SubClasses": null, "Linetype": null, "EntityHandle": "85F", "Text": null }, "geometry": { "type": "LineString", "coordinates": [ [ -73.991251635455541, 40.676340109068775, 0.0 ], [ -73.991249189393102, 40.676339345263621, 0.0 ] ] } },
{ "type": "Feature", "properties": { "Layer": "DRAWINGS$OUTLINE", "PaperSpace": null, "SubClasses": null, "Linetype": null, "EntityHandle": "860", "Text": null }, "geometry": { "type": "LineString", "coordinates": [ [ -73.991249189393102, 40.676339345263621, 0.0 ], [ -73.991246761776779, 40.676338548076728, 0.0 ] ] } },
{ "type": "Feature", "properties": { "Layer": "DRAWINGS$OUTLINE", "PaperSpace": null, "SubClasses": null, "Linetype": null, "EntityHandle": "861", "Text": null }, "geometry": { "type": "LineString", "coordinates": [ [ -73.991246761776779, 40.676338548076728, 0.0 ], [ -73.991244351392467, 40.676337721101127, 0.0 ] ] } },
{ "type": "Feature", "properties": { "Layer": "DRAWINGS$OUTLINE", "PaperSpace": null, "SubClasses": null, "Linetype": null, "EntityHandle": "862", "Text": null }, "geometry": { "type": "LineString", "coordinates": [ [ -73.991244351392467, 40.676337721101127, 0.0 ], [ -73.991241957121886, 40.676336867377302, 0.0 ] ] } },
{ "type": "Feature", "properties": { "Layer": "DRAWINGS$OUTLINE", "PaperSpace": null, "SubClasses": null, "Linetype": null, "EntityHandle": "863", "Text": null }, "geometry": { "type": "LineString", "coordinates": [ [ -73.991241957121886, 40.676336867377302, 0.0 ], [ -73.991239577966297, 40.676335989519735, 0.0 ] ] } },
{ "type": "Feature", "properties": { "Layer": "DRAWINGS$OUTLINE", "PaperSpace": null, "SubClasses": null, "Linetype": null, "EntityHandle": "864", "Text": null }, "geometry": { "type": "LineString", "coordinates": [ [ -73.991239577966297, 40.676335989519735, 0.0 ], [ -73.991237212960883, 40.676335089777936, 0.0 ] ] } },
{ "type": "Feature", "properties": { "Layer": "DRAWINGS$OUTLINE", "PaperSpace": null, "SubClasses": null, "Linetype": null, "EntityHandle": "865", "Text": null }, "geometry": { "type": "LineString", "coordinates": [ [ -73.991237212960883, 40.676335089777936, 0.0 ], [ -73.991234861211325, 40.676334170123454, 0.0 ] ] } },
{ "type": "Feature", "properties": { "Layer": "DRAWINGS$OUTLINE", "PaperSpace": null, "SubClasses": null, "Linetype": null, "EntityHandle": "866", "Text": null }, "geometry": { "type": "LineString", "coordinates": [ [ -73.991234861211325, 40.676334170123454, 0.0 ], [ -73.991232521863125, 40.676333232300166, 0.0 ] ] } },
{ "type": "Feature", "properties": { "Layer": "DRAWINGS$OUTLINE", "PaperSpace": null, "SubClasses": null, "Linetype": null, "EntityHandle": "867", "Text": null }, "geometry": { "type": "LineString", "coordinates": [ [ -73.991232521863125, 40.676333232300166, 0.0 ], [ -73.99123019411887, 40.676332277885621, 0.0 ] ] } },
{ "type": "Feature", "properties": { "Layer": "DRAWINGS$OUTLINE", "PaperSpace": null, "SubClasses": null, "Linetype": null, "EntityHandle": "868", "Text": null }, "geometry": { "type": "LineString", "coordinates": [ [ -73.99123019411887, 40.676332277885621, 0.0 ], [ -73.991227877205858, 40.676331308326731, 0.0 ] ] } },
{ "type": "Feature", "properties": { "Layer": "DRAWINGS$OUTLINE", "PaperSpace": null, "SubClasses": null, "Linetype": null, "EntityHandle": "869", "Text": null }, "geometry": { "type": "LineString", "coordinates": [ [ -73.991227877205858, 40.676331308326731, 0.0 ], [ -73.991225570352128, 40.676330324935591, 0.0 ] ] } },
{ "type": "Feature", "properties": { "Layer": "DRAWINGS$OUTLINE", "PaperSpace": null, "SubClasses": null, "Linetype": null, "EntityHandle": "86A", "Text": null }, "geometry": { "type": "LineString", "coordinates": [ [ -73.991225570352128, 40.676330324935591, 0.0 ], [ -73.991223272466911, 40.676329329496539, 0.0 ] ] } },
{ "type": "Feature", "properties": { "Layer": "DRAWINGS$OUTLINE", "PaperSpace": null, "SubClasses": null, "Linetype": null, "EntityHandle": "86B", "Text": null }, "geometry": { "type": "LineString", "coordinates": [ [ -73.991223272466911, 40.676329329496539, 0.0 ], [ -73.991220982365505, 40.676328323629569, 0.0 ] ] } },
{ "type": "Feature", "properties": { "Layer": "DRAWINGS$OUTLINE", "PaperSpace": null, "SubClasses": null, "Linetype": null, "EntityHandle": "86C", "Text": null }, "geometry": { "type": "LineString", "coordinates": [ [ -73.991220982365505, 40.676328323629569, 0.0 ], [ -73.991218699200289, 40.676327308727977, 0.0 ] ] } },
{ "type": "Feature", "properties": { "Layer": "DRAWINGS$OUTLINE", "PaperSpace": null, "SubClasses": null, "Linetype": null, "EntityHandle": "86D", "Text": null }, "geometry": { "type": "LineString", "coordinates": [ [ -73.991218699200289, 40.676327308727977, 0.0 ], [ -73.991216422121127, 40.67632628590767, 0.0 ] ] } },
{ "type": "Feature", "properties": { "Layer": "DRAWINGS$OUTLINE", "PaperSpace": null, "SubClasses": null, "Linetype": null, "EntityHandle": "86E", "Text": null }, "geometry": { "type": "LineString", "coordinates": [ [ -73.991216422121127, 40.67632628590767, 0.0 ], [ -73.991214150419708, 40.676325256141546, 0.0 ] ] } },
{ "type": "Feature", "properties": { "Layer": "DRAWINGS$OUTLINE", "PaperSpace": null, "SubClasses": null, "Linetype": null, "EntityHandle": "86F", "Text": null }, "geometry": { "type": "LineString", "coordinates": [ [ -73.991214150419708, 40.676325256141546, 0.0 ], [ -73.991211883511767, 40.67632422030664, 0.0 ] ] } },
{ "type": "Feature", "properties": { "Layer": "DRAWINGS$OUTLINE", "PaperSpace": null, "SubClasses": null, "Linetype": null, "EntityHandle": "870", "Text": null }, "geometry": { "type": "LineString", "coordinates": [ [ -73.991211883511767, 40.67632422030664, 0.0 ], [ -73.991209620800703, 40.676323179165855, 0.0 ] ] } },
{ "type": "Feature", "properties": { "Layer": "DRAWINGS$OUTLINE", "PaperSpace": null, "SubClasses": null, "Linetype": null, "EntityHandle": "871", "Text": null }, "geometry": { "type": "LineString", "coordinates": [ [ -73.991209620800703, 40.676323179165855, 0.0 ], [ -73.991207361731213, 40.676322133429352, 0.0 ] ] } },
{ "type": "Feature", "properties": { "Layer": "DRAWINGS$OUTLINE", "PaperSpace": null, "SubClasses": null, "Linetype": null, "EntityHandle": "872", "Text": null }, "geometry": { "type": "LineString", "coordinates": [ [ -73.991207361731213, 40.676322133429352, 0.0 ], [ -73.991205105820143, 40.676321083804716, 0.0 ] ] } },
{ "type": "Feature", "properties": { "Layer": "DRAWINGS$OUTLINE", "PaperSpace": null, "SubClasses": null, "Linetype": null, "EntityHandle": "873", "Text": null }, "geometry": { "type": "LineString", "coordinates": [ [ -73.991205105820143, 40.676321083804716, 0.0 ], [ -73.991202852480342, 40.676320030948453, 0.0 ] ] } },
{ "type": "Feature", "properties": { "Layer": "DRAWINGS$OUTLINE", "PaperSpace": null, "SubClasses": null, "Linetype": null, "EntityHandle": "874", "Text": null }, "geometry": { "type": "LineString", "coordinates": [ [ -73.991202852480342, 40.676320030948453, 0.0 ], [ -73.991200601274173, 40.676318975451444, 0.0 ] ] } },
{ "type": "Feature", "properties": { "Layer": "DRAWINGS$OUTLINE", "PaperSpace": null, "SubClasses": null, "Linetype": null, "EntityHandle": "875", "Text": null }, "geometry": { "type": "LineString", "coordinates": [ [ -73.991200601274173, 40.676318975451444, 0.0 ], [ -73.991198351852631, 40.676317917750723, 0.0 ] ] } },
{ "type": "Feature", "properties": { "Layer": "DRAWINGS$OUTLINE", "PaperSpace": null, "SubClasses": null, "Linetype": null, "EntityHandle": "876", "Text": null }, "geometry": { "type": "LineString", "coordinates": [ [ -73.991198351852631, 40.676317917750723, 0.0 ], [ -73.991196103872596, 40.676316858273573, 0.0 ] ] } },
{ "type": "Feature", "properties": { "Layer": "DRAWINGS$OUTLINE", "PaperSpace": null, "SubClasses": null, "Linetype": null, "EntityHandle": "877", "Text": null }, "geometry": { "type": "LineString", "coordinates": [ [ -73.991196103872596, 40.676316858273573, 0.0 ], [ -73.991193856995594, 40.676315797449526, 0.0 ] ] } },
{ "type": "Feature", "properties": { "Layer": "DRAWINGS$OUTLINE", "PaperSpace": null, "SubClasses": null, "Linetype": null, "EntityHandle": "878", "Text": null }, "geometry": { "type": "LineString", "coordinates": [ [ -73.991193856995594, 40.676315797449526, 0.0 ], [ -73.991191610867091, 40.676314735700551, 0.0 ] ] } },
{ "type": "Feature", "properties": { "Layer": "DRAWINGS$OUTLINE", "PaperSpace": null, "SubClasses": null, "Linetype": null, "EntityHandle": "879", "Text": null }, "geometry": { "type": "LineString", "coordinates": [ [ -73.991191610867091, 40.676314735700551, 0.0 ], [ -73.991189365141636, 40.676313673452775, 0.0 ] ] } },
{ "type": "Feature", "properties": { "Layer": "DRAWINGS$OUTLINE", "PaperSpace": null, "SubClasses": null, "Linetype": null, "EntityHandle": "87A", "Text": null }, "geometry": { "type": "LineString", "coordinates": [ [ -73.991189365141636, 40.676313673452775, 0.0 ], [ -73.991187119473778, 40.676312611132488, 0.0 ] ] } },
{ "type": "Feature", "properties": { "Layer": "DRAWINGS$OUTLINE", "PaperSpace": null, "SubClasses": null, "Linetype": null, "EntityHandle": "87B", "Text": null }, "geometry": { "type": "LineString", "coordinates": [ [ -73.991187119473778, 40.676312611132488, 0.0 ], [ -73.991184873518009, 40.676311549165845, 0.0 ] ] } },
{ "type": "Feature", "properties": { "Layer": "DRAWINGS$OUTLINE", "PaperSpace": null, "SubClasses": null, "Linetype": null, "EntityHandle": "87C", "Text": null }, "geometry": { "type": "LineString", "coordinates": [ [ -73.991184873518009, 40.676311549165845, 0.0 ], [ -73.991182626928378, 40.67631048797881, 0.0 ] ] } },
{ "type": "Feature", "properties": { "Layer": "DRAWINGS$OUTLINE", "PaperSpace": null, "SubClasses": null, "Linetype": null, "EntityHandle": "87D", "Text": null }, "geometry": { "type": "LineString", "coordinates": [ [ -73.991182626928378, 40.67631048797881, 0.0 ], [ -73.991180379359946, 40.67630942799785, 0.0 ] ] } },
{ "type": "Feature", "properties": { "Layer": "DRAWINGS$OUTLINE", "PaperSpace": null, "SubClasses": null, "Linetype": null, "EntityHandle": "87E", "Text": null }, "geometry": { "type": "LineString", "coordinates": [ [ -73.991180379359946, 40.67630942799785, 0.0 ], [ -73.99117813049773, 40.676308369607924, 0.0 ] ] } },
{ "type": "Feature", "properties": { "Layer": "DRAWINGS$OUTLINE", "PaperSpace": null, "SubClasses": null, "Linetype": null, "EntityHandle": "87F", "Text": null }, "geometry": { "type": "LineString", "coordinates": [ [ -73.99117813049773, 40.676308369607924, 0.0 ], [ -73.991175880054911, 40.67630731316661, 0.0 ] ] } },
{ "type": "Feature", "properties": { "Layer": "DRAWINGS$OUTLINE", "PaperSpace": null, "SubClasses": null, "Linetype": null, "EntityHandle": "880", "Text": null }, "geometry": { "type": "LineString", "coordinates": [ [ -73.991175880054911, 40.67630731316661, 0.0 ], [ -73.99117362769546, 40.676306259098112, 0.0 ] ] } },
{ "type": "Feature", "properties": { "Layer": "DRAWINGS$OUTLINE", "PaperSpace": null, "SubClasses": null, "Linetype": null, "EntityHandle": "881", "Text": null }, "geometry": { "type": "LineString", "coordinates": [ [ -73.99117362769546, 40.676306259098112, 0.0 ], [ -73.991171373077407, 40.676305207826765, 0.0 ] ] } },
{ "type": "Feature", "properties": { "Layer": "DRAWINGS$OUTLINE", "PaperSpace": null, "SubClasses": null, "Linetype": null, "EntityHandle": "882", "Text": null }, "geometry": { "type": "LineString", "coordinates": [ [ -73.991171373077407, 40.676305207826765, 0.0 ], [ -73.991169115866143, 40.676304159790639, 0.0 ] ] } },
{ "type": "Feature", "properties": { "Layer": "DRAWINGS$OUTLINE", "PaperSpace": null, "SubClasses": null, "Linetype": null, "EntityHandle": "883", "Text": null }, "geometry": { "type": "LineString", "coordinates": [ [ -73.991169115866143, 40.676304159790639, 0.0 ], [ -73.991166855709196, 40.676303115438429, 0.0 ] ] } },
{ "type": "Feature", "properties": { "Layer": "DRAWINGS$OUTLINE", "PaperSpace": null, "SubClasses": null, "Linetype": null, "EntityHandle": "884", "Text": null }, "geometry": { "type": "LineString", "coordinates": [ [ -73.991166855709196, 40.676303115438429, 0.0 ], [ -73.991164592245028, 40.676302075242688, 0.0 ] ] } },
{ "type": "Feature", "properties": { "Layer": "DRAWINGS$OUTLINE", "PaperSpace": null, "SubClasses": null, "Linetype": null, "EntityHandle": "885", "Text": null }, "geometry": { "type": "LineString", "coordinates": [ [ -73.991164592245028, 40.676302075242688, 0.0 ], [ -73.991162325098301, 40.676301039707248, 0.0 ] ] } },
{ "type": "Feature", "properties": { "Layer": "DRAWINGS$OUTLINE", "PaperSpace": null, "SubClasses": null, "Linetype": null, "EntityHandle": "886", "Text": null }, "geometry": { "type": "LineString", "coordinates": [ [ -73.991162325098301, 40.676301039707248, 0.0 ], [ -73.99116005386972, 40.676300009373271, 0.0 ] ] } },
{ "type": "Feature", "properties": { "Layer": "DRAWINGS$OUTLINE", "PaperSpace": null, "SubClasses": null, "Linetype": null, "EntityHandle": "887", "Text": null }, "geometry": { "type": "LineString", "coordinates": [ [ -73.99116005386972, 40.676300009373271, 0.0 ], [ -73.991157778114527, 40.676298984821933, 0.0 ] ] } },
{ "type": "Feature", "properties": { "Layer": "DRAWINGS$OUTLINE", "PaperSpace": null, "SubClasses": null, "Linetype": null, "EntityHandle": "888", "Text": null }, "geometry": { "type": "LineString", "coordinates": [ [ -73.991157778114527, 40.676298984821933, 0.0 ], [ -73.9911554974247, 40.676297966721592, 0.0 ] ] } },
{ "type": "Feature", "properties": { "Layer": "DRAWINGS$OUTLINE", "PaperSpace": null, "SubClasses": null, "Linetype": null, "EntityHandle": "889", "Text": null }, "geometry": { "type": "LineString", "coordinates": [ [ -73.9911554974247, 40.676297966721592, 0.0 ], [ -73.99115321127465, 40.676296955692493, 0.0 ] ] } },
{ "type": "Feature", "properties": { "Layer": "DRAWINGS$OUTLINE", "PaperSpace": null, "SubClasses": null, "Linetype": null, "EntityHandle": "88A", "Text": null }, "geometry": { "type": "LineString", "coordinates": [ [ -73.99115321127465, 40.676296955692493, 0.0 ], [ -73.991150919160077, 40.676295952529941, 0.0 ] ] } },
{ "type": "Feature", "properties": { "Layer": "DRAWINGS$OUTLINE", "PaperSpace": null, "SubClasses": null, "Linetype": null, "EntityHandle": "88B", "Text": null }, "geometry": { "type": "LineString", "coordinates": [ [ -73.991150919160077, 40.676295952529941, 0.0 ], [ -73.991148620492922, 40.676294958096655, 0.0 ] ] } },
{ "type": "Feature", "properties": { "Layer": "DRAWINGS$OUTLINE", "PaperSpace": null, "SubClasses": null, "Linetype": null, "EntityHandle": "88C", "Text": null }, "geometry": { "type": "LineString", "coordinates": [ [ -73.991148620492922, 40.676294958096655, 0.0 ], [ -73.991146314664704, 40.676293973326331, 0.0 ] ] } },
{ "type": "Feature", "properties": { "Layer": "DRAWINGS$OUTLINE", "PaperSpace": null, "SubClasses": null, "Linetype": null, "EntityHandle": "88D", "Text": null }, "geometry": { "type": "LineString", "coordinates": [ [ -73.991146314664704, 40.676293973326331, 0.0 ], [ -73.991144001015698, 40.676292999242968, 0.0 ] ] } },
{ "type": "Feature", "properties": { "Layer": "DRAWINGS$OUTLINE", "PaperSpace": null, "SubClasses": null, "Linetype": null, "EntityHandle": "88E", "Text": null }, "geometry": { "type": "LineString", "coordinates": [ [ -73.991144001015698, 40.676292999242968, 0.0 ], [ -73.991141678836001, 40.67629203699763, 0.0 ] ] } },
{ "type": "Feature", "properties": { "Layer": "DRAWINGS$OUTLINE", "PaperSpace": null, "SubClasses": null, "Linetype": null, "EntityHandle": "88F", "Text": null }, "geometry": { "type": "LineString", "coordinates": [ [ -73.991141678836001, 40.67629203699763, 0.0 ], [ -73.991139347322644, 40.676291087893148, 0.0 ] ] } },
{ "type": "Feature", "properties": { "Layer": "DRAWINGS$OUTLINE", "PaperSpace": null, "SubClasses": null, "Linetype": null, "EntityHandle": "890", "Text": null }, "geometry": { "type": "LineString", "coordinates": [ [ -73.991139347322644, 40.676291087893148, 0.0 ], [ -73.991137005635252, 40.676290153458837, 0.0 ] ] } },
{ "type": "Feature", "properties": { "Layer": "DRAWINGS$OUTLINE", "PaperSpace": null, "SubClasses": null, "Linetype": null, "EntityHandle": "891", "Text": null }, "geometry": { "type": "LineString", "coordinates": [ [ -73.991137005635252, 40.676290153458837, 0.0 ], [ -73.991134652760437, 40.676289235462043, 0.0 ] ] } },
{ "type": "Feature", "properties": { "Layer": "DRAWINGS$OUTLINE", "PaperSpace": null, "SubClasses": null, "Linetype": null, "EntityHandle": "892", "Text": null }, "geometry": { "type": "LineString", "coordinates": [ [ -73.991134652760437, 40.676289235462043, 0.0 ], [ -73.991132287552404, 40.676288336012831, 0.0 ] ] } },
{ "type": "Feature", "properties": { "Layer": "DRAWINGS$OUTLINE", "PaperSpace": null, "SubClasses": null, "Linetype": null, "EntityHandle": "893", "Text": null }, "geometry": { "type": "LineString", "coordinates": [ [ -73.991132287552404, 40.676288336012831, 0.0 ], [ -73.991129908765416, 40.676287457637862, 0.0 ] ] } },
{ "type": "Feature", "properties": { "Layer": "DRAWINGS$OUTLINE", "PaperSpace": null, "SubClasses": null, "Linetype": null, "EntityHandle": "894", "Text": null }, "geometry": { "type": "LineString", "coordinates": [ [ -73.991129908765416, 40.676287457637862, 0.0 ], [ -73.991127514935883, 40.676286603241287, 0.0 ] ] } },
{ "type": "Feature", "properties": { "Layer": "DRAWINGS$OUTLINE", "PaperSpace": null, "SubClasses": null, "Linetype": null, "EntityHandle": "895", "Text": null }, "geometry": { "type": "LineString", "coordinates": [ [ -73.991127514935883, 40.676286603241287, 0.0 ], [ -73.991125104420576, 40.676285776505566, 0.0 ] ] } },
{ "type": "Feature", "properties": { "Layer": "DRAWINGS$OUTLINE", "PaperSpace": null, "SubClasses": null, "Linetype": null, "EntityHandle": "896", "Text": null }, "geometry": { "type": "LineString", "coordinates": [ [ -73.991125104420576, 40.676285776505566, 0.0 ], [ -73.991122675343007, 40.676284981874893, 0.0 ] ] } },
{ "type": "Feature", "properties": { "Layer": "DRAWINGS$OUTLINE", "PaperSpace": null, "SubClasses": null, "Linetype": null, "EntityHandle": "897", "Text": null }, "geometry": { "type": "LineString", "coordinates": [ [ -73.991122675343007, 40.676284981874893, 0.0 ], [ -73.991120225623789, 40.676284224912969, 0.0 ] ] } },
{ "type": "Feature", "properties": { "Layer": "DRAWINGS$OUTLINE", "PaperSpace": null, "SubClasses": null, "Linetype": null, "EntityHandle": "898", "Text": null }, "geometry": { "type": "LineString", "coordinates": [ [ -73.991120225623789, 40.676284224912969, 0.0 ], [ -73.99111775284841, 40.676283512777765, 0.0 ] ] } },
{ "type": "Feature", "properties": { "Layer": "DRAWINGS$OUTLINE", "PaperSpace": null, "SubClasses": null, "Linetype": null, "EntityHandle": "899", "Text": null }, "geometry": { "type": "LineString", "coordinates": [ [ -73.99111775284841, 40.676283512777765, 0.0 ], [ -73.991115254269602, 40.676282854998377, 0.0 ] ] } },
{ "type": "Feature", "properties": { "Layer": "DRAWINGS$OUTLINE", "PaperSpace": null, "SubClasses": null, "Linetype": null, "EntityHandle": "89A", "Text": null }, "geometry": { "type": "LineString", "coordinates": [ [ -73.991115254269602, 40.676282854998377, 0.0 ], [ -73.99111272744193, 40.676282263169497, 0.0 ] ] } },
{ "type": "Feature", "properties": { "Layer": "DRAWINGS$OUTLINE", "PaperSpace": null, "SubClasses": null, "Linetype": null, "EntityHandle": "89B", "Text": null }, "geometry": { "type": "LineString", "coordinates": [ [ -73.99111272744193, 40.676282263169497, 0.0 ], [ -73.99111017203154, 40.676281747482612, 0.0 ] ] } },
{ "type": "Feature", "properties": { "Layer": "DRAWINGS$OUTLINE", "PaperSpace": null, "SubClasses": null, "Linetype": null, "EntityHandle": "89C", "Text": null }, "geometry": { "type": "LineString", "coordinates": [ [ -73.99111017203154, 40.676281747482612, 0.0 ], [ -73.991107589061627, 40.67628131890001, 0.0 ] ] } },
{ "type": "Feature", "properties": { "Layer": "DRAWINGS$OUTLINE", "PaperSpace": null, "SubClasses": null, "Linetype": null, "EntityHandle": "89D", "Text": null }, "geometry": { "type": "LineString", "coordinates": [ [ -73.991107589061627, 40.67628131890001, 0.0 ], [ -73.991104981056168, 40.676280990056753, 0.0 ] ] } },
{ "type": "Feature", "properties": { "Layer": "DRAWINGS$OUTLINE", "PaperSpace": null, "SubClasses": null, "Linetype": null, "EntityHandle": "89E", "Text": null }, "geometry": { "type": "LineString", "coordinates": [ [ -73.991104981056168, 40.676280990056753, 0.0 ], [ -73.991102352701375, 40.676280775383212, 0.0 ] ] } },
{ "type": "Feature", "properties": { "Layer": "DRAWINGS$OUTLINE", "PaperSpace": null, "SubClasses": null, "Linetype": null, "EntityHandle": "89F", "Text": null }, "geometry": { "type": "LineString", "coordinates": [ [ -73.991102352701375, 40.676280775383212, 0.0 ], [ -73.99109971172058, 40.676280690637718, 0.0 ] ] } },
{ "type": "Feature", "properties": { "Layer": "DRAWINGS$OUTLINE", "PaperSpace": null, "SubClasses": null, "Linetype": null, "EntityHandle": "8A0", "Text": null }, "geometry": { "type": "LineString", "coordinates": [ [ -73.99109971172058, 40.676280690637718, 0.0 ], [ -73.99109706977373, 40.676280752473282, 0.0 ] ] } },
{ "type": "Feature", "properties": { "Layer": "DRAWINGS$OUTLINE", "PaperSpace": null, "SubClasses": null, "Linetype": null, "EntityHandle": "8A1", "Text": null }, "geometry": { "type": "LineString", "coordinates": [ [ -73.99109706977373, 40.676280752473282, 0.0 ], [ -73.991094443064597, 40.676280975995304, 0.0 ] ] } },
{ "type": "Feature", "properties": { "Layer": "DRAWINGS$OUTLINE", "PaperSpace": null, "SubClasses": null, "Linetype": null, "EntityHandle": "8A2", "Text": null }, "geometry": { "type": "LineString", "coordinates": [ [ -73.991094443064597, 40.676280975995304, 0.0 ], [ -73.991091851896442, 40.676281372408404, 0.0 ] ] } },
{ "type": "Feature", "properties": { "Layer": "DRAWINGS$OUTLINE", "PaperSpace": null, "SubClasses": null, "Linetype": null, "EntityHandle": "8A3", "Text": null }, "geometry": { "type": "LineString", "coordinates": [ [ -73.991091851896442, 40.676281372408404, 0.0 ], [ -73.991089318941619, 40.676281946776506, 0.0 ] ] } },
{ "type": "Feature", "properties": { "Layer": "DRAWINGS$OUTLINE", "PaperSpace": null, "SubClasses": null, "Linetype": null, "EntityHandle": "8A4", "Text": null }, "geometry": { "type": "LineString", "coordinates": [ [ -73.991089318941619, 40.676281946776506, 0.0 ], [ -73.991086865452857, 40.676282694897068, 0.0 ] ] } },
{ "type": "Feature", "properties": { "Layer": "DRAWINGS$OUTLINE", "PaperSpace": null, "SubClasses": null, "Linetype": null, "EntityHandle": "8A5", "Text": null }, "geometry": { "type": "LineString", "coordinates": [ [ -73.991086865452857, 40.676282694897068, 0.0 ], [ -73.991084507592745, 40.676283604135996, 0.0 ] ] } },
{ "type": "Feature", "properties": { "Layer": "DRAWINGS$OUTLINE", "PaperSpace": null, "SubClasses": null, "Linetype": null, "EntityHandle": "8A6", "Text": null }, "geometry": { "type": "LineString", "coordinates": [ [ -73.991084507592745, 40.676283604135996, 0.0 ], [ -73.991082249659371, 40.676284650420527, 0.0 ] ] } },
{ "type": "Feature", "properties": { "Layer": "DRAWINGS$OUTLINE", "PaperSpace": null, "SubClasses": null, "Linetype": null, "EntityHandle": "8A7", "Text": null }, "geometry": { "type": "LineString", "coordinates": [ [ -73.991082249659371, 40.676284650420527, 0.0 ], [ -73.991080082549246, 40.676285803027838, 0.0 ] ] } },
{ "type": "Feature", "properties": { "Layer": "DRAWINGS$OUTLINE", "PaperSpace": null, "SubClasses": null, "Linetype": null, "EntityHandle": "8A8", "Text": null }, "geometry": { "type": "LineString", "coordinates": [ [ -73.991080082549246, 40.676285803027838, 0.0 ], [ -73.99107798712663, 40.676287030260774, 0.0 ] ] } },
{ "type": "Feature", "properties": { "Layer": "DRAWINGS$OUTLINE", "PaperSpace": null, "SubClasses": null, "Linetype": null, "EntityHandle": "8A9", "Text": null }, "geometry": { "type": "LineString", "coordinates": [ [ -73.99107798712663, 40.676287030260774, 0.0 ], [ -73.991075928629215, 40.676288293382719, 0.0 ] ] } },
{ "type": "Feature", "properties": { "Layer": "DRAWINGS$OUTLINE", "PaperSpace": null, "SubClasses": null, "Linetype": null, "EntityHandle": "8AA", "Text": null }, "geometry": { "type": "LineString", "coordinates": [ [ -73.991075928629215, 40.676288293382719, 0.0 ], [ -73.991073859424318, 40.676289546248171, 0.0 ] ] } },
{ "type": "Feature", "properties": { "Layer": "DRAWINGS$OUTLINE", "PaperSpace": null, "SubClasses": null, "Linetype": null, "EntityHandle": "8AB", "Text": null }, "geometry": { "type": "LineString", "coordinates": [ [ -73.991073859424318, 40.676289546248171, 0.0 ], [ -73.991071722083603, 40.676290730410102, 0.0 ] ] } },
{ "type": "Feature", "properties": { "Layer": "DRAWINGS$OUTLINE", "PaperSpace": null, "SubClasses": null, "Linetype": null, "EntityHandle": "8AC", "Text": null }, "geometry": { "type": "LineString", "coordinates": [ [ -73.991071722083603, 40.676290730410102, 0.0 ], [ -73.991069449836914, 40.676291756961859, 0.0 ] ] } },
{ "type": "Feature", "properties": { "Layer": "DRAWINGS$OUTLINE", "PaperSpace": null, "SubClasses": null, "Linetype": null, "EntityHandle": "8AD", "Text": null }, "geometry": { "type": "LineString", "coordinates": [ [ -73.991069449836914, 40.676291756961859, 0.0 ], [ -73.991067000041753, 40.676292506926295, 0.0 ] ] } },
{ "type": "Feature", "properties": { "Layer": "DRAWINGS$OUTLINE", "PaperSpace": null, "SubClasses": null, "Linetype": null, "EntityHandle": "8AE", "Text": null }, "geometry": { "type": "LineString", "coordinates": [ [ -73.991067000041753, 40.676292506926295, 0.0 ], [ -73.991064413636892, 40.676292910909098, 0.0 ] ] } },
{ "type": "Feature", "properties": { "Layer": "DRAWINGS$OUTLINE", "PaperSpace": null, "SubClasses": null, "Linetype": null, "EntityHandle": "8AF", "Text": null }, "geometry": { "type": "LineString", "coordinates": [ [ -73.991064413636892, 40.676292910909098, 0.0 ], [ -73.991061773891246, 40.676292975461308, 0.0 ] ] } },
{ "type": "Feature", "properties": { "Layer": "DRAWINGS$OUTLINE", "PaperSpace": null, "SubClasses": null, "Linetype": null, "EntityHandle": "8B0", "Text": null }, "geometry": { "type": "LineString", "coordinates": [ [ -73.991061773891246, 40.676292975461308, 0.0 ], [ -73.991059147489537, 40.676292756206422, 0.0 ] ] } },
{ "type": "Feature", "properties": { "Layer": "DRAWINGS$OUTLINE", "PaperSpace": null, "SubClasses": null, "Linetype": null, "EntityHandle": "8B1", "Text": null }, "geometry": { "type": "LineString", "coordinates": [ [ -73.991059147489537, 40.676292756206422, 0.0 ], [ -73.991056566930538, 40.676292321802464, 0.0 ] ] } },
{ "type": "Feature", "properties": { "Layer": "DRAWINGS$OUTLINE", "PaperSpace": null, "SubClasses": null, "Linetype": null, "EntityHandle": "8B2", "Text": null }, "geometry": { "type": "LineString", "coordinates": [ [ -73.991056566930538, 40.676292321802464, 0.0 ], [ -73.991054040500103, 40.676291729973357, 0.0 ] ] } },
{ "type": "Feature", "properties": { "Layer": "DRAWINGS$OUTLINE", "PaperSpace": null, "SubClasses": null, "Linetype": null, "EntityHandle": "8B3", "Text": null }, "geometry": { "type": "LineString", "coordinates": [ [ -73.991054040500103, 40.676291729973357, 0.0 ], [ -73.99105156504514, 40.676291023762232, 0.0 ] ] } },
{ "type": "Feature", "properties": { "Layer": "DRAWINGS$OUTLINE", "PaperSpace": null, "SubClasses": null, "Linetype": null, "EntityHandle": "8B4", "Text": null }, "geometry": { "type": "LineString", "coordinates": [ [ -73.99105156504514, 40.676291023762232, 0.0 ], [ -73.991049133083024, 40.676290234482785, 0.0 ] ] } },
{ "type": "Feature", "properties": { "Layer": "DRAWINGS$OUTLINE", "PaperSpace": null, "SubClasses": null, "Linetype": null, "EntityHandle": "8B5", "Text": null }, "geometry": { "type": "LineString", "coordinates": [ [ -73.991049133083024, 40.676290234482785, 0.0 ], [ -73.991046737491331, 40.676289383074561, 0.0 ] ] } },
{ "type": "Feature", "properties": { "Layer": "DRAWINGS$OUTLINE", "PaperSpace": null, "SubClasses": null, "Linetype": null, "EntityHandle": "8B6", "Text": null }, "geometry": { "type": "LineString", "coordinates": [ [ -73.991046737491331, 40.676289383074561, 0.0 ], [ -73.991044372080523, 40.676288484034565, 0.0 ] ] } },
{ "type": "Feature", "properties": { "Layer": "DRAWINGS$OUTLINE", "PaperSpace": null, "SubClasses": null, "Linetype": null, "EntityHandle": "8B7", "Text": null }, "geometry": { "type": "LineString", "coordinates": [ [ -73.991044372080523, 40.676288484034565, 0.0 ], [ -73.991042031272201, 40.676287548368848, 0.0 ] ] } },
{ "type": "Feature", "properties": { "Layer": "DRAWINGS$OUTLINE", "PaperSpace": null, "SubClasses": null, "Linetype": null, "EntityHandle": "8B8", "Text": null }, "geometry": { "type": "LineString", "coordinates": [ [ -73.991042031272201, 40.676287548368848, 0.0 ], [ -73.991039710044376, 40.676286584821817, 0.0 ] ] } },
{ "type": "Feature", "properties": { "Layer": "DRAWINGS$OUTLINE", "PaperSpace": null, "SubClasses": null, "Linetype": null, "EntityHandle": "8B9", "Text": null }, "geometry": { "type": "LineString", "coordinates": [ [ -73.991039710044376, 40.676286584821817, 0.0 ], [ -73.991037404766132, 40.676285599340353, 0.0 ] ] } },
{ "type": "Feature", "properties": { "Layer": "DRAWINGS$OUTLINE", "PaperSpace": null, "SubClasses": null, "Linetype": null, "EntityHandle": "8BA", "Text": null }, "geometry": { "type": "LineString", "coordinates": [ [ -73.991037404766132, 40.676285599340353, 0.0 ], [ -73.991035112317718, 40.67628459662928, 0.0 ] ] } },
{ "type": "Feature", "properties": { "Layer": "DRAWINGS$OUTLINE", "PaperSpace": null, "SubClasses": null, "Linetype": null, "EntityHandle": "8BB", "Text": null }, "geometry": { "type": "LineString", "coordinates": [ [ -73.991035112317718, 40.67628459662928, 0.0 ], [ -73.991032830283615, 40.676283580212534, 0.0 ] ] } },
{ "type": "Feature", "properties": { "Layer": "DRAWINGS$OUTLINE", "PaperSpace": null, "SubClasses": null, "Linetype": null, "EntityHandle": "8BC", "Text": null }, "geometry": { "type": "LineString", "coordinates": [ [ -73.991032830283615, 40.676283580212534, 0.0 ], [ -73.991030556683199, 40.676282552919879, 0.0 ] ] } },
{ "type": "Feature", "properties": { "Layer": "DRAWINGS$OUTLINE", "PaperSpace": null, "SubClasses": null, "Linetype": null, "EntityHandle": "8BD", "Text": null }, "geometry": { "type": "LineString", "coordinates": [ [ -73.991030556683199, 40.676282552919879, 0.0 ], [ -73.991028289676805, 40.676281517219635, 0.0 ] ] } },
{ "type": "Feature", "properties": { "Layer": "DRAWINGS$OUTLINE", "PaperSpace": null, "SubClasses": null, "Linetype": null, "EntityHandle": "8BE", "Text": null }, "geometry": { "type": "LineString", "coordinates": [ [ -73.991028289676805, 40.676281517219635, 0.0 ], [ -73.991026027752966, 40.676280475089015, 0.0 ] ] } },
{ "type": "Feature", "properties": { "Layer": "DRAWINGS$OUTLINE", "PaperSpace": null, "SubClasses": null, "Linetype": null, "EntityHandle": "8BF", "Text": null }, "geometry": { "type": "LineString", "coordinates": [ [ -73.991026027752966, 40.676280475089015, 0.0 ], [ -73.991023770007388, 40.676279427736524, 0.0 ] ] } },
{ "type": "Feature", "properties": { "Layer": "DRAWINGS$OUTLINE", "PaperSpace": null, "SubClasses": null, "Linetype": null, "EntityHandle": "8C0", "Text": null }, "geometry": { "type": "LineString", "coordinates": [ [ -73.991023770007388, 40.676279427736524, 0.0 ], [ -73.991021515530562, 40.676278376284039, 0.0 ] ] } },
{ "type": "Feature", "properties": { "Layer": "DRAWINGS$OUTLINE", "PaperSpace": null, "SubClasses": null, "Linetype": null, "EntityHandle": "8C1", "Text": null }, "geometry": { "type": "LineString", "coordinates": [ [ -73.991021515530562, 40.676278376284039, 0.0 ], [ -73.991019263442027, 40.676277321866642, 0.0 ] ] } },
{ "type": "Feature", "properties": { "Layer": "DRAWINGS$OUTLINE", "PaperSpace": null, "SubClasses": null, "Linetype": null, "EntityHandle": "8C2", "Text": null }, "geometry": { "type": "LineString", "coordinates": [ [ -73.991019263442027, 40.676277321866642, 0.0 ], [ -73.991017012858421, 40.676276265602517, 0.0 ] ] } },
{ "type": "Feature", "properties": { "Layer": "DRAWINGS$OUTLINE", "PaperSpace": null, "SubClasses": null, "Linetype": null, "EntityHandle": "8C3", "Text": null }, "geometry": { "type": "LineString", "coordinates": [ [ -73.991017012858421, 40.676276265602517, 0.0 ], [ -73.991014763394446, 40.676275207954845, 0.0 ] ] } },
{ "type": "Feature", "properties": { "Layer": "DRAWINGS$OUTLINE", "PaperSpace": null, "SubClasses": null, "Linetype": null, "EntityHandle": "8C4", "Text": null }, "geometry": { "type": "LineString", "coordinates": [ [ -73.991014763394446, 40.676275207954845, 0.0 ], [ -73.991012515148171, 40.676274148807522, 0.0 ] ] } },
{ "type": "Feature", "properties": { "Layer": "DRAWINGS$OUTLINE", "PaperSpace": null, "SubClasses": null, "Linetype": null, "EntityHandle": "8C5", "Text": null }, "geometry": { "type": "LineString", "coordinates": [ [ -73.991012515148171, 40.676274148807522, 0.0 ], [ -73.99101026817489, 40.676273088097496, 0.0 ] ] } },
{ "type": "Feature", "properties": { "Layer": "DRAWINGS$OUTLINE", "PaperSpace": null, "SubClasses": null, "Linetype": null, "EntityHandle": "8C6", "Text": null }, "geometry": { "type": "LineString", "coordinates": [ [ -73.99101026817489, 40.676273088097496, 0.0 ], [ -73.991008022527197, 40.676272025760227, 0.0 ] ] } },
{ "type": "Feature", "properties": { "Layer": "DRAWINGS$OUTLINE", "PaperSpace": null, "SubClasses": null, "Linetype": null, "EntityHandle": "8C7", "Text": null }, "geometry": { "type": "LineString", "coordinates": [ [ -73.991008022527197, 40.676272025760227, 0.0 ], [ -73.991005778272012, 40.67627096173711, 0.0 ] ] } },
{ "type": "Feature", "properties": { "Layer": "DRAWINGS$OUTLINE", "PaperSpace": null, "SubClasses": null, "Linetype": null, "EntityHandle": "8C8", "Text": null }, "geometry": { "type": "LineString", "coordinates": [ [ -73.991005778272012, 40.67627096173711, 0.0 ], [ -73.991003535448129, 40.676269895954619, 0.0 ] ] } },
{ "type": "Feature", "properties": { "Layer": "DRAWINGS$OUTLINE", "PaperSpace": null, "SubClasses": null, "Linetype": null, "EntityHandle": "8C9", "Text": null }, "geometry": { "type": "LineString", "coordinates": [ [ -73.991003535448129, 40.676269895954619, 0.0 ], [ -73.991001294117211, 40.676268828348022, 0.0 ] ] } },
{ "type": "Feature", "properties": { "Layer": "DRAWINGS$OUTLINE", "PaperSpace": null, "SubClasses": null, "Linetype": null, "EntityHandle": "8CA", "Text": null }, "geometry": { "type": "LineString", "coordinates": [ [ -73.991001294117211, 40.676268828348022, 0.0 ], [ -73.990999054340975, 40.676267758849917, 0.0 ] ] } },
{ "type": "Feature", "properties": { "Layer": "DRAWINGS$OUTLINE", "PaperSpace": null, "SubClasses": null, "Linetype": null, "EntityHandle": "8CB", "Text": null }, "geometry": { "type": "LineString", "coordinates": [ [ -73.990999054340975, 40.676267758849917, 0.0 ], [ -73.990996816195704, 40.676266687396719, 0.0 ] ] } },
{ "type": "Feature", "properties": { "Layer": "DRAWINGS$OUTLINE", "PaperSpace": null, "SubClasses": null, "Linetype": null, "EntityHandle": "8CC", "Text": null }, "geometry": { "type": "LineString", "coordinates": [ [ -73.990996816195704, 40.676266687396719, 0.0 ], [ -73.990994579696263, 40.676265613891616, 0.0 ] ] } },
{ "type": "Feature", "properties": { "Layer": "DRAWINGS$OUTLINE", "PaperSpace": null, "SubClasses": null, "Linetype": null, "EntityHandle": "8CD", "Text": null }, "geometry": { "type": "LineString", "coordinates": [ [ -73.990994579696263, 40.676265613891616, 0.0 ], [ -73.990992344970707, 40.676264538287832, 0.0 ] ] } },
{ "type": "Feature", "properties": { "Layer": "DRAWINGS$OUTLINE", "PaperSpace": null, "SubClasses": null, "Linetype": null, "EntityHandle": "8CE", "Text": null }, "geometry": { "type": "LineString", "coordinates": [ [ -73.990992344970707, 40.676264538287832, 0.0 ], [ -73.990990112065106, 40.676263460494376, 0.0 ] ] } },
{ "type": "Feature", "properties": { "Layer": "DRAWINGS$OUTLINE", "PaperSpace": null, "SubClasses": null, "Linetype": null, "EntityHandle": "8CF", "Text": null }, "geometry": { "type": "LineString", "coordinates": [ [ -73.990990112065106, 40.676263460494376, 0.0 ], [ -73.990987881066246, 40.676262380434402, 0.0 ] ] } },
{ "type": "Feature", "properties": { "Layer": "DRAWINGS$OUTLINE", "PaperSpace": null, "SubClasses": null, "Linetype": null, "EntityHandle": "8D0", "Text": null }, "geometry": { "type": "LineString", "coordinates": [ [ -73.990987881066246, 40.676262380434402, 0.0 ], [ -73.990985652029025, 40.67626129800945, 0.0 ] ] } },
{ "type": "Feature", "properties": { "Layer": "DRAWINGS$OUTLINE", "PaperSpace": null, "SubClasses": null, "Linetype": null, "EntityHandle": "8D1", "Text": null }, "geometry": { "type": "LineString", "coordinates": [ [ -73.990985652029025, 40.67626129800945, 0.0 ], [ -73.990983425048768, 40.676260213133929, 0.0 ] ] } },
{ "type": "Feature", "properties": { "Layer": "DRAWINGS$OUTLINE", "PaperSpace": null, "SubClasses": null, "Linetype": null, "EntityHandle": "8D2", "Text": null }, "geometry": { "type": "LineString", "coordinates": [ [ -73.990983425048768, 40.676260213133929, 0.0 ], [ -73.990981200213213, 40.676259125710914, 0.0 ] ] } },
{ "type": "Feature", "properties": { "Layer": "DRAWINGS$OUTLINE", "PaperSpace": null, "SubClasses": null, "Linetype": null, "EntityHandle": "8D3", "Text": null }, "geometry": { "type": "LineString", "coordinates": [ [ -73.990981200213213, 40.676259125710914, 0.0 ], [ -73.990978977615057, 40.676258035637566, 0.0 ] ] } },
{ "type": "Feature", "properties": { "Layer": "DRAWINGS$OUTLINE", "PaperSpace": null, "SubClasses": null, "Linetype": null, "EntityHandle": "8D4", "Text": null }, "geometry": { "type": "LineString", "coordinates": [ [ -73.990978977615057, 40.676258035637566, 0.0 ], [ -73.990976757353835, 40.676256942805118, 0.0 ] ] } },
{ "type": "Feature", "properties": { "Layer": "DRAWINGS$OUTLINE", "PaperSpace": null, "SubClasses": null, "Linetype": null, "EntityHandle": "8D5", "Text": null }, "geometry": { "type": "LineString", "coordinates": [ [ -73.990976757353835, 40.676256942805118, 0.0 ], [ -73.990974539536651, 40.676255847098126, 0.0 ] ] } },
{ "type": "Feature", "properties": { "Layer": "DRAWINGS$OUTLINE", "PaperSpace": null, "SubClasses": null, "Linetype": null, "EntityHandle": "8D6", "Text": null }, "geometry": { "type": "LineString", "coordinates": [ [ -73.990974539536651, 40.676255847098126, 0.0 ], [ -73.990972324278886, 40.676254748393859, 0.0 ] ] } },
{ "type": "Feature", "properties": { "Layer": "DRAWINGS$OUTLINE", "PaperSpace": null, "SubClasses": null, "Linetype": null, "EntityHandle": "8D7", "Text": null }, "geometry": { "type": "LineString", "coordinates": [ [ -73.990972324278886, 40.676254748393859, 0.0 ], [ -73.990970111705167, 40.676253646561406, 0.0 ] ] } },
{ "type": "Feature", "properties": { "Layer": "DRAWINGS$OUTLINE", "PaperSpace": null, "SubClasses": null, "Linetype": null, "EntityHandle": "8D8", "Text": null }, "geometry": { "type": "LineString", "coordinates": [ [ -73.990970111705167, 40.676253646561406, 0.0 ], [ -73.990967901916065, 40.676252541443539, 0.0 ] ] } },
{ "type": "Feature", "properties": { "Layer": "DRAWINGS$OUTLINE", "PaperSpace": null, "SubClasses": null, "Linetype": null, "EntityHandle": "8D9", "Text": null }, "geometry": { "type": "LineString", "coordinates": [ [ -73.990967901916065, 40.676252541443539, 0.0 ], [ -73.99096569511785, 40.676251432920168, 0.0 ] ] } },
{ "type": "Feature", "properties": { "Layer": "DRAWINGS$OUTLINE", "PaperSpace": null, "SubClasses": null, "Linetype": null, "EntityHandle": "8DA", "Text": null }, "geometry": { "type": "LineString", "coordinates": [ [ -73.99096569511785, 40.676251432920168, 0.0 ], [ -73.990963491433618, 40.676250320811917, 0.0 ] ] } },
{ "type": "Feature", "properties": { "Layer": "DRAWINGS$OUTLINE", "PaperSpace": null, "SubClasses": null, "Linetype": null, "EntityHandle": "8DB", "Text": null }, "geometry": { "type": "LineString", "coordinates": [ [ -73.990963491433618, 40.676250320811917, 0.0 ], [ -73.990961291032178, 40.676249204942366, 0.0 ] ] } },
{ "type": "Feature", "properties": { "Layer": "DRAWINGS$OUTLINE", "PaperSpace": null, "SubClasses": null, "Linetype": null, "EntityHandle": "8DC", "Text": null }, "geometry": { "type": "LineString", "coordinates": [ [ -73.990961291032178, 40.676249204942366, 0.0 ], [ -73.990959094097548, 40.676248085120385, 0.0 ] ] } },
{ "type": "Feature", "properties": { "Layer": "DRAWINGS$OUTLINE", "PaperSpace": null, "SubClasses": null, "Linetype": null, "EntityHandle": "8DD", "Text": null }, "geometry": { "type": "LineString", "coordinates": [ [ -73.990959094097548, 40.676248085120385, 0.0 ], [ -73.990956900831009, 40.676246961138453, 0.0 ] ] } },
{ "type": "Feature", "properties": { "Layer": "DRAWINGS$OUTLINE", "PaperSpace": null, "SubClasses": null, "Linetype": null, "EntityHandle": "8DE", "Text": null }, "geometry": { "type": "LineString", "coordinates": [ [ -73.990956900831009, 40.676246961138453, 0.0 ], [ -73.990954711453568, 40.676245832770256, 0.0 ] ] } },
{ "type": "Feature", "properties": { "Layer": "DRAWINGS$OUTLINE", "PaperSpace": null, "SubClasses": null, "Linetype": null, "EntityHandle": "8DF", "Text": null }, "geometry": { "type": "LineString", "coordinates": [ [ -73.990954711453568, 40.676245832770256, 0.0 ], [ -73.990952526208588, 40.676244699768432, 0.0 ] ] } },
{ "type": "Feature", "properties": { "Layer": "DRAWINGS$OUTLINE", "PaperSpace": null, "SubClasses": null, "Linetype": null, "EntityHandle": "8E0", "Text": null }, "geometry": { "type": "LineString", "coordinates": [ [ -73.990952526208588, 40.676244699768432, 0.0 ], [ -73.990950345365277, 40.67624356186149, 0.0 ] ] } },
{ "type": "Feature", "properties": { "Layer": "DRAWINGS$OUTLINE", "PaperSpace": null, "SubClasses": null, "Linetype": null, "EntityHandle": "8E1", "Text": null }, "geometry": { "type": "LineString", "coordinates": [ [ -73.990950345365277, 40.67624356186149, 0.0 ], [ -73.990948169222534, 40.676242418750363, 0.0 ] ] } },
{ "type": "Feature", "properties": { "Layer": "DRAWINGS$OUTLINE", "PaperSpace": null, "SubClasses": null, "Linetype": null, "EntityHandle": "8E2", "Text": null }, "geometry": { "type": "LineString", "coordinates": [ [ -73.990948169222534, 40.676242418750363, 0.0 ], [ -73.990945998130556, 40.676241270113181, 0.0 ] ] } },
{ "type": "Feature", "properties": { "Layer": "DRAWINGS$OUTLINE", "PaperSpace": null, "SubClasses": null, "Linetype": null, "EntityHandle": "8E3", "Text": null }, "geometry": { "type": "LineString", "coordinates": [ [ -73.990945998130556, 40.676241270113181, 0.0 ], [ -73.99094383241281, 40.67624011555565, 0.0 ] ] } },
{ "type": "Feature", "properties": { "Layer": "DRAWINGS$OUTLINE", "PaperSpace": null, "SubClasses": null, "Linetype": null, "EntityHandle": "8E4", "Text": null }, "geometry": { "type": "LineString", "coordinates": [ [ -73.99094383241281, 40.67624011555565, 0.0 ], [ -73.990941672565512, 40.676238954701923, 0.0 ] ] } },
{ "type": "Feature", "properties": { "Layer": "DRAWINGS$OUTLINE", "PaperSpace": null, "SubClasses": null, "Linetype": null, "EntityHandle": "8E5", "Text": null }, "geometry": { "type": "LineString", "coordinates": [ [ -73.990941672565512, 40.676238954701923, 0.0 ], [ -73.990939519044929, 40.676237787030203, 0.0 ] ] } },
{ "type": "Feature", "properties": { "Layer": "DRAWINGS$OUTLINE", "PaperSpace": null, "SubClasses": null, "Linetype": null, "EntityHandle": "8E6", "Text": null }, "geometry": { "type": "LineString", "coordinates": [ [ -73.990939519044929, 40.676237787030203, 0.0 ], [ -73.990937372446794, 40.676236611986972, 0.0 ] ] } },
{ "type": "Feature", "properties": { "Layer": "DRAWINGS$OUTLINE", "PaperSpace": null, "SubClasses": null, "Linetype": null, "EntityHandle": "8E7", "Text": null }, "geometry": { "type": "LineString", "coordinates": [ [ -73.990937372446794, 40.676236611986972, 0.0 ], [ -73.99093523343106, 40.676235428945382, 0.0 ] ] } },
{ "type": "Feature", "properties": { "Layer": "DRAWINGS$OUTLINE", "PaperSpace": null, "SubClasses": null, "Linetype": null, "EntityHandle": "8E8", "Text": null }, "geometry": { "type": "LineString", "coordinates": [ [ -73.99093523343106, 40.676235428945382, 0.0 ], [ -73.990933102777149, 40.67623423720238, 0.0 ] ] } },
{ "type": "Feature", "properties": { "Layer": "DRAWINGS$OUTLINE", "PaperSpace": null, "SubClasses": null, "Linetype": null, "EntityHandle": "8E9", "Text": null }, "geometry": { "type": "LineString", "coordinates": [ [ -73.990933102777149, 40.67623423720238, 0.0 ], [ -73.990930981372941, 40.676233035932576, 0.0 ] ] } },
{ "type": "Feature", "properties": { "Layer": "DRAWINGS$OUTLINE", "PaperSpace": null, "SubClasses": null, "Linetype": null, "EntityHandle": "8EA", "Text": null }, "geometry": { "type": "LineString", "coordinates": [ [ -73.990930981372941, 40.676233035932576, 0.0 ], [ -73.990928870282801, 40.676231824175339, 0.0 ] ] } },
{ "type": "Feature", "properties": { "Layer": "DRAWINGS$OUTLINE", "PaperSpace": null, "SubClasses": null, "Linetype": null, "EntityHandle": "8EB", "Text": null }, "geometry": { "type": "LineString", "coordinates": [ [ -73.990928870282801, 40.676231824175339, 0.0 ], [ -73.990926770794616, 40.676230600794554, 0.0 ] ] } },
{ "type": "Feature", "properties": { "Layer": "DRAWINGS$OUTLINE", "PaperSpace": null, "SubClasses": null, "Linetype": null, "EntityHandle": "8EC", "Text": null }, "geometry": { "type": "LineString", "coordinates": [ [ -73.990926770794616, 40.676230600794554, 0.0 ], [ -73.990924684479495, 40.676229364420813, 0.0 ] ] } },
{ "type": "Feature", "properties": { "Layer": "DRAWINGS$OUTLINE", "PaperSpace": null, "SubClasses": null, "Linetype": null, "EntityHandle": "8ED", "Text": null }, "geometry": { "type": "LineString", "coordinates": [ [ -73.990924684479495, 40.676229364420813, 0.0 ], [ -73.990922613301478, 40.676228113384965, 0.0 ] ] } },
{ "type": "Feature", "properties": { "Layer": "DRAWINGS$OUTLINE", "PaperSpace": null, "SubClasses": null, "Linetype": null, "EntityHandle": "8EE", "Text": null }, "geometry": { "type": "LineString", "coordinates": [ [ -73.990922613301478, 40.676228113384965, 0.0 ], [ -73.990920559757399, 40.676226845611076, 0.0 ] ] } },
{ "type": "Feature", "properties": { "Layer": "DRAWINGS$OUTLINE", "PaperSpace": null, "SubClasses": null, "Linetype": null, "EntityHandle": "8EF", "Text": null }, "geometry": { "type": "LineString", "coordinates": [ [ -73.990920559757399, 40.676226845611076, 0.0 ], [ -73.990918526946089, 40.676225558633377, 0.0 ] ] } },
{ "type": "Feature", "properties": { "Layer": "DRAWINGS$OUTLINE", "PaperSpace": null, "SubClasses": null, "Linetype": null, "EntityHandle": "8F0", "Text": null }, "geometry": { "type": "LineString", "coordinates": [ [ -73.990918526946089, 40.676225558633377, 0.0 ], [ -73.990916517893424, 40.676224250220095, 0.0 ] ] } },
{ "type": "Feature", "properties": { "Layer": "DRAWINGS$OUTLINE", "PaperSpace": null, "SubClasses": null, "Linetype": null, "EntityHandle": "8F1", "Text": null }, "geometry": { "type": "LineString", "coordinates": [ [ -73.990916517893424, 40.676224250220095, 0.0 ], [ -73.990914535930784, 40.676222918053071, 0.0 ] ] } },
{ "type": "Feature", "properties": { "Layer": "DRAWINGS$OUTLINE", "PaperSpace": null, "SubClasses": null, "Linetype": null, "EntityHandle": "8F2", "Text": null }, "geometry": { "type": "LineString", "coordinates": [ [ -73.990914535930784, 40.676222918053071, 0.0 ], [ -73.990912584994604, 40.676221559621489, 0.0 ] ] } },
{ "type": "Feature", "properties": { "Layer": "DRAWINGS$OUTLINE", "PaperSpace": null, "SubClasses": null, "Linetype": null, "EntityHandle": "8F3", "Text": null }, "geometry": { "type": "LineString", "coordinates": [ [ -73.990912584994604, 40.676221559621489, 0.0 ], [ -73.990910669745858, 40.676220172076142, 0.0 ] ] } },
{ "type": "Feature", "properties": { "Layer": "DRAWINGS$OUTLINE", "PaperSpace": null, "SubClasses": null, "Linetype": null, "EntityHandle": "8F4", "Text": null }, "geometry": { "type": "LineString", "coordinates": [ [ -73.990910669745858, 40.676220172076142, 0.0 ], [ -73.990908795892977, 40.676218752161937, 0.0 ] ] } },
{ "type": "Feature", "properties": { "Layer": "DRAWINGS$OUTLINE", "PaperSpace": null, "SubClasses": null, "Linetype": null, "EntityHandle": "8F5", "Text": null }, "geometry": { "type": "LineString", "coordinates": [ [ -73.990908795892977, 40.676218752161937, 0.0 ], [ -73.990906970554349, 40.676217296099956, 0.0 ] ] } },
{ "type": "Feature", "properties": { "Layer": "DRAWINGS$OUTLINE", "PaperSpace": null, "SubClasses": null, "Linetype": null, "EntityHandle": "8F6", "Text": null }, "geometry": { "type": "LineString", "coordinates": [ [ -73.990906970554349, 40.676217296099956, 0.0 ], [ -73.990905202784262, 40.676215799459925, 0.0 ] ] } },
{ "type": "Feature", "properties": { "Layer": "DRAWINGS$OUTLINE", "PaperSpace": null, "SubClasses": null, "Linetype": null, "EntityHandle": "8F7", "Text": null }, "geometry": { "type": "LineString", "coordinates": [ [ -73.990905202784262, 40.676215799459925, 0.0 ], [ -73.990903504348452, 40.676214257026828, 0.0 ] ] } },
{ "type": "Feature", "properties": { "Layer": "DRAWINGS$OUTLINE", "PaperSpace": null, "SubClasses": null, "Linetype": null, "EntityHandle": "8F8", "Text": null }, "geometry": { "type": "LineString", "coordinates": [ [ -73.990903504348452, 40.676214257026828, 0.0 ], [ -73.990901890428916, 40.676212662921188, 0.0 ] ] } },
{ "type": "Feature", "properties": { "Layer": "DRAWINGS$OUTLINE", "PaperSpace": null, "SubClasses": null, "Linetype": null, "EntityHandle": "8F9", "Text": null }, "geometry": { "type": "LineString", "coordinates": [ [ -73.990901890428916, 40.676212662921188, 0.0 ], [ -73.990900380406913, 40.676211010943128, 0.0 ] ] } },
{ "type": "Feature", "properties": { "Layer": "DRAWINGS$OUTLINE", "PaperSpace": null, "SubClasses": null, "Linetype": null, "EntityHandle": "8FA", "Text": null }, "geometry": { "type": "LineString", "coordinates": [ [ -73.990900380406913, 40.676211010943128, 0.0 ], [ -73.990898999343983, 40.676209294920916, 0.0 ] ] } },
{ "type": "Feature", "properties": { "Layer": "DRAWINGS$OUTLINE", "PaperSpace": null, "SubClasses": null, "Linetype": null, "EntityHandle": "8FB", "Text": null }, "geometry": { "type": "LineString", "coordinates": [ [ -73.990898999343983, 40.676209294920916, 0.0 ], [ -73.990897777903712, 40.67620751027362, 0.0 ] ] } },
{ "type": "Feature", "properties": { "Layer": "DRAWINGS$OUTLINE", "PaperSpace": null, "SubClasses": null, "Linetype": null, "EntityHandle": "8FC", "Text": null }, "geometry": { "type": "LineString", "coordinates": [ [ -73.990897777903712, 40.67620751027362, 0.0 ], [ -73.990896753100557, 40.676205655485759, 0.0 ] ] } },
{ "type": "Feature", "properties": { "Layer": "DRAWINGS$OUTLINE", "PaperSpace": null, "SubClasses": null, "Linetype": null, "EntityHandle": "8FD", "Text": null }, "geometry": { "type": "LineString", "coordinates": [ [ -73.990896753100557, 40.676205655485759, 0.0 ], [ -73.990895964427082, 40.676203735148107, 0.0 ] ] } },
{ "type": "Feature", "properties": { "Layer": "DRAWINGS$OUTLINE", "PaperSpace": null, "SubClasses": null, "Linetype": null, "EntityHandle": "8FE", "Text": null }, "geometry": { "type": "LineString", "coordinates": [ [ -73.990895964427082, 40.676203735148107, 0.0 ], [ -73.990895442586762, 40.67620176284278, 0.0 ] ] } },
{ "type": "Feature", "properties": { "Layer": "DRAWINGS$OUTLINE", "PaperSpace": null, "SubClasses": null, "Linetype": null, "EntityHandle": "8FF", "Text": null }, "geometry": { "type": "LineString", "coordinates": [ [ -73.990895442586762, 40.67620176284278, 0.0 ], [ -73.990895195157478, 40.676199759669998, 0.0 ] ] } },
{ "type": "Feature", "properties": { "Layer": "DRAWINGS$OUTLINE", "PaperSpace": null, "SubClasses": null, "Linetype": null, "EntityHandle": "900", "Text": null }, "geometry": { "type": "LineString", "coordinates": [ [ -73.990895195157478, 40.676199759669998, 0.0 ], [ -73.990895193363258, 40.676197747364988, 0.0 ] ] } },
{ "type": "Feature", "properties": { "Layer": "DRAWINGS$OUTLINE", "PaperSpace": null, "SubClasses": null, "Linetype": null, "EntityHandle": "901", "Text": null }, "geometry": { "type": "LineString", "coordinates": [ [ -73.990895193363258, 40.676197747364988, 0.0 ], [ -73.990895373093167, 40.676195739405493, 0.0 ] ] } },
{ "type": "Feature", "properties": { "Layer": "DRAWINGS$OUTLINE", "PaperSpace": null, "SubClasses": null, "Linetype": null, "EntityHandle": "902", "Text": null }, "geometry": { "type": "LineString", "coordinates": [ [ -73.990895373093167, 40.676195739405493, 0.0 ], [ -73.990895710293501, 40.676193743323417, 0.0 ] ] } },
{ "type": "Feature", "properties": { "Layer": "DRAWINGS$OUTLINE", "PaperSpace": null, "SubClasses": null, "Linetype": null, "EntityHandle": "903", "Text": null }, "geometry": { "type": "LineString", "coordinates": [ [ -73.990895710293501, 40.676193743323417, 0.0 ], [ -73.990896219168107, 40.676191768480116, 0.0 ] ] } },
{ "type": "Feature", "properties": { "Layer": "DRAWINGS$OUTLINE", "PaperSpace": null, "SubClasses": null, "Linetype": null, "EntityHandle": "904", "Text": null }, "geometry": { "type": "LineString", "coordinates": [ [ -73.990896219168107, 40.676191768480116, 0.0 ], [ -73.99089689842917, 40.67618982351815, 0.0 ] ] } },
{ "type": "Feature", "properties": { "Layer": "DRAWINGS$OUTLINE", "PaperSpace": null, "SubClasses": null, "Linetype": null, "EntityHandle": "905", "Text": null }, "geometry": { "type": "LineString", "coordinates": [ [ -73.99089689842917, 40.67618982351815, 0.0 ], [ -73.99089773191811, 40.676187913576946, 0.0 ] ] } },
{ "type": "Feature", "properties": { "Layer": "DRAWINGS$OUTLINE", "PaperSpace": null, "SubClasses": null, "Linetype": null, "EntityHandle": "906", "Text": null }, "geometry": { "type": "LineString", "coordinates": [ [ -73.99089773191811, 40.676187913576946, 0.0 ], [ -73.99089869595953, 40.676186039495803, 0.0 ] ] } },
{ "type": "Feature", "properties": { "Layer": "DRAWINGS$OUTLINE", "PaperSpace": null, "SubClasses": null, "Linetype": null, "EntityHandle": "907", "Text": null }, "geometry": { "type": "LineString", "coordinates": [ [ -73.99089869595953, 40.676186039495803, 0.0 ], [ -73.99089976676072, 40.676184199247608, 0.0 ] ] } },
{ "type": "Feature", "properties": { "Layer": "DRAWINGS$OUTLINE", "PaperSpace": null, "SubClasses": null, "Linetype": null, "EntityHandle": "908", "Text": null }, "geometry": { "type": "LineString", "coordinates": [ [ -73.99089976676072, 40.676184199247608, 0.0 ], [ -73.990900922753866, 40.676182389073382, 0.0 ] ] } },
{ "type": "Feature", "properties": { "Layer": "DRAWINGS$OUTLINE", "PaperSpace": null, "SubClasses": null, "Linetype": null, "EntityHandle": "909", "Text": null }, "geometry": { "type": "LineString", "coordinates": [ [ -73.990900922753866, 40.676182389073382, 0.0 ], [ -73.990902145960305, 40.676180604648991, 0.0 ] ] } },
{ "type": "Feature", "properties": { "Layer": "DRAWINGS$OUTLINE", "PaperSpace": null, "SubClasses": null, "Linetype": null, "EntityHandle": "90A", "Text": null }, "geometry": { "type": "LineString", "coordinates": [ [ -73.990902145960305, 40.676180604648991, 0.0 ], [ -73.990903421704999, 40.676178841660736, 0.0 ] ] } },
{ "type": "Feature", "properties": { "Layer": "DRAWINGS$OUTLINE", "PaperSpace": null, "SubClasses": null, "Linetype": null, "EntityHandle": "90B", "Text": null }, "geometry": { "type": "LineString", "coordinates": [ [ -73.990903421704999, 40.676178841660736, 0.0 ], [ -73.990904739450102, 40.676177096672326, 0.0 ] ] } },
{ "type": "Feature", "properties": { "Layer": "DRAWINGS$OUTLINE", "PaperSpace": null, "SubClasses": null, "Linetype": null, "EntityHandle": "90C", "Text": null }, "geometry": { "type": "LineString", "coordinates": [ [ -73.990904739450102, 40.676177096672326, 0.0 ], [ -73.990906091310279, 40.676175366824488, 0.0 ] ] } },
{ "type": "Feature", "properties": { "Layer": "DRAWINGS$OUTLINE", "PaperSpace": null, "SubClasses": null, "Linetype": null, "EntityHandle": "90D", "Text": null }, "geometry": { "type": "LineString", "coordinates": [ [ -73.990906091310279, 40.676175366824488, 0.0 ], [ -73.990907470950404, 40.676173649738033, 0.0 ] ] } },
{ "type": "Feature", "properties": { "Layer": "DRAWINGS$OUTLINE", "PaperSpace": null, "SubClasses": null, "Linetype": null, "EntityHandle": "90E", "Text": null }, "geometry": { "type": "LineString", "coordinates": [ [ -73.990907470950404, 40.676173649738033, 0.0 ], [ -73.990908872976618, 40.676171943207073, 0.0 ] ] } },
{ "type": "Feature", "properties": { "Layer": "DRAWINGS$OUTLINE", "PaperSpace": null, "SubClasses": null, "Linetype": null, "EntityHandle": "90F", "Text": null }, "geometry": { "type": "LineString", "coordinates": [ [ -73.990908872976618, 40.676171943207073, 0.0 ], [ -73.990910292842671, 40.676170245269091, 0.0 ] ] } },
{ "type": "Feature", "properties": { "Layer": "DRAWINGS$OUTLINE", "PaperSpace": null, "SubClasses": null, "Linetype": null, "EntityHandle": "910", "Text": null }, "geometry": { "type": "LineString", "coordinates": [ [ -73.990910292842671, 40.676170245269091, 0.0 ], [ -73.990911725785779, 40.676168553680398, 0.0 ] ] } },
{ "type": "Feature", "properties": { "Layer": "DRAWINGS$OUTLINE", "PaperSpace": null, "SubClasses": null, "Linetype": null, "EntityHandle": "911", "Text": null }, "geometry": { "type": "LineString", "coordinates": [ [ -73.990911725785779, 40.676168553680398, 0.0 ], [ -73.990913167559654, 40.676166866450075, 0.0 ] ] } },
{ "type": "Feature", "properties": { "Layer": "DRAWINGS$OUTLINE", "PaperSpace": null, "SubClasses": null, "Linetype": null, "EntityHandle": "912", "Text": null }, "geometry": { "type": "LineString", "coordinates": [ [ -73.990913167559654, 40.676166866450075, 0.0 ], [ -73.990914615338909, 40.676165182199895, 0.0 ] ] } },
{ "type": "Feature", "properties": { "Layer": "DRAWINGS$OUTLINE", "PaperSpace": null, "SubClasses": null, "Linetype": null, "EntityHandle": "913", "Text": null }, "geometry": { "type": "LineString", "coordinates": [ [ -73.990914615338909, 40.676165182199895, 0.0 ], [ -73.990916066907786, 40.676163499837109, 0.0 ] ] } },
{ "type": "Feature", "properties": { "Layer": "DRAWINGS$OUTLINE", "PaperSpace": null, "SubClasses": null, "Linetype": null, "EntityHandle": "914", "Text": null }, "geometry": { "type": "LineString", "coordinates": [ [ -73.990916066907786, 40.676163499837109, 0.0 ], [ -73.990917520161688, 40.676161818318768, 0.0 ] ] } },
{ "type": "Feature", "properties": { "Layer": "DRAWINGS$OUTLINE", "PaperSpace": null, "SubClasses": null, "Linetype": null, "EntityHandle": "915", "Text": null }, "geometry": { "type": "LineString", "coordinates": [ [ -73.990917520161688, 40.676161818318768, 0.0 ], [ -73.990918972845634, 40.676160136531266, 0.0 ] ] } },
{ "type": "Feature", "properties": { "Layer": "DRAWINGS$OUTLINE", "PaperSpace": null, "SubClasses": null, "Linetype": null, "EntityHandle": "916", "Text": null }, "geometry": { "type": "LineString", "coordinates": [ [ -73.990918972845634, 40.676160136531266, 0.0 ], [ -73.990920423458718, 40.676158453709078, 0.0 ] ] } },
{ "type": "Feature", "properties": { "Layer": "DRAWINGS$OUTLINE", "PaperSpace": null, "SubClasses": null, "Linetype": null, "EntityHandle": "917", "Text": null }, "geometry": { "type": "LineString", "coordinates": [ [ -73.990920423458718, 40.676158453709078, 0.0 ], [ -73.990921870506838, 40.676156769084315, 0.0 ] ] } },
{ "type": "Feature", "properties": { "Layer": "DRAWINGS$OUTLINE", "PaperSpace": null, "SubClasses": null, "Linetype": null, "EntityHandle": "918", "Text": null }, "geometry": { "type": "LineString", "coordinates": [ [ -73.990921870506838, 40.676156769084315, 0.0 ], [ -73.990923312436848, 40.676155081911737, 0.0 ] ] } },
{ "type": "Feature", "properties": { "Layer": "DRAWINGS$OUTLINE", "PaperSpace": null, "SubClasses": null, "Linetype": null, "EntityHandle": "919", "Text": null }, "geometry": { "type": "LineString", "coordinates": [ [ -73.990923312436848, 40.676155081911737, 0.0 ], [ -73.99092474768085, 40.676153391462933, 0.0 ] ] } },
{ "type": "Feature", "properties": { "Layer": "DRAWINGS$OUTLINE", "PaperSpace": null, "SubClasses": null, "Linetype": null, "EntityHandle": "91A", "Text": null }, "geometry": { "type": "LineString", "coordinates": [ [ -73.99092474768085, 40.676153391462933, 0.0 ], [ -73.990926174698458, 40.67615169697639, 0.0 ] ] } },
{ "type": "Feature", "properties": { "Layer": "DRAWINGS$OUTLINE", "PaperSpace": null, "SubClasses": null, "Linetype": null, "EntityHandle": "91B", "Text": null }, "geometry": { "type": "LineString", "coordinates": [ [ -73.990926174698458, 40.67615169697639, 0.0 ], [ -73.990927591882723, 40.676149997747373, 0.0 ] ] } },
{ "type": "Feature", "properties": { "Layer": "DRAWINGS$OUTLINE", "PaperSpace": null, "SubClasses": null, "Linetype": null, "EntityHandle": "91C", "Text": null }, "geometry": { "type": "LineString", "coordinates": [ [ -73.990927591882723, 40.676149997747373, 0.0 ], [ -73.990928997477369, 40.676148292922953, 0.0 ] ] } },
{ "type": "Feature", "properties": { "Layer": "DRAWINGS$OUTLINE", "PaperSpace": null, "SubClasses": null, "Linetype": null, "EntityHandle": "91D", "Text": null }, "geometry": { "type": "LineString", "coordinates": [ [ -73.990928997477369, 40.676148292922953, 0.0 ], [ -73.990930389475807, 40.67614658160943, 0.0 ] ] } },
{ "type": "Feature", "properties": { "Layer": "DRAWINGS$OUTLINE", "PaperSpace": null, "SubClasses": null, "Linetype": null, "EntityHandle": "91E", "Text": null }, "geometry": { "type": "LineString", "coordinates": [ [ -73.990930389475807, 40.67614658160943, 0.0 ], [ -73.990931765618811, 40.676144862907734, 0.0 ] ] } },
{ "type": "Feature", "properties": { "Layer": "DRAWINGS$OUTLINE", "PaperSpace": null, "SubClasses": null, "Linetype": null, "EntityHandle": "91F", "Text": null }, "geometry": { "type": "LineString", "coordinates": [ [ -73.990931765618811, 40.676144862907734, 0.0 ], [ -73.990933123377346, 40.676143135754778, 0.0 ] ] } },
{ "type": "Feature", "properties": { "Layer": "DRAWINGS$OUTLINE", "PaperSpace": null, "SubClasses": null, "Linetype": null, "EntityHandle": "920", "Text": null }, "geometry": { "type": "LineString", "coordinates": [ [ -73.990933123377346, 40.676143135754778, 0.0 ], [ -73.990934459745517, 40.67614139896002, 0.0 ] ] } },
{ "type": "Feature", "properties": { "Layer": "DRAWINGS$OUTLINE", "PaperSpace": null, "SubClasses": null, "Linetype": null, "EntityHandle": "921", "Text": null }, "geometry": { "type": "LineString", "coordinates": [ [ -73.990934459745517, 40.67614139896002, 0.0 ], [ -73.990935771078682, 40.676139651144616, 0.0 ] ] } },
{ "type": "Feature", "properties": { "Layer": "DRAWINGS$OUTLINE", "PaperSpace": null, "SubClasses": null, "Linetype": null, "EntityHandle": "922", "Text": null }, "geometry": { "type": "LineString", "coordinates": [ [ -73.990935771078682, 40.676139651144616, 0.0 ], [ -73.990937052978978, 40.676137890741906, 0.0 ] ] } },
{ "type": "Feature", "properties": { "Layer": "DRAWINGS$OUTLINE", "PaperSpace": null, "SubClasses": null, "Linetype": null, "EntityHandle": "923", "Text": null }, "geometry": { "type": "LineString", "coordinates": [ [ -73.990937052978978, 40.676137890741906, 0.0 ], [ -73.990938299690043, 40.676136115738714, 0.0 ] ] } },
{ "type": "Feature", "properties": { "Layer": "DRAWINGS$OUTLINE", "PaperSpace": null, "SubClasses": null, "Linetype": null, "EntityHandle": "924", "Text": null }, "geometry": { "type": "LineString", "coordinates": [ [ -73.990938299690043, 40.676136115738714, 0.0 ], [ -73.990939503987306, 40.676134323829139, 0.0 ] ] } },
{ "type": "Feature", "properties": { "Layer": "DRAWINGS$OUTLINE", "PaperSpace": null, "SubClasses": null, "Linetype": null, "EntityHandle": "925", "Text": null }, "geometry": { "type": "LineString", "coordinates": [ [ -73.990939503987306, 40.676134323829139, 0.0 ], [ -73.9909406564108, 40.676132512274336, 0.0 ] ] } },
{ "type": "Feature", "properties": { "Layer": "DRAWINGS$OUTLINE", "PaperSpace": null, "SubClasses": null, "Linetype": null, "EntityHandle": "926", "Text": null }, "geometry": { "type": "LineString", "coordinates": [ [ -73.9909406564108, 40.676132512274336, 0.0 ], [ -73.990941743885998, 40.676130677664723, 0.0 ] ] } },
{ "type": "Feature", "properties": { "Layer": "DRAWINGS$OUTLINE", "PaperSpace": null, "SubClasses": null, "Linetype": null, "EntityHandle": "927", "Text": null }, "geometry": { "type": "LineString", "coordinates": [ [ -73.990941743885998, 40.676130677664723, 0.0 ], [ -73.990942747354666, 40.676128815545319, 0.0 ] ] } },
{ "type": "Feature", "properties": { "Layer": "DRAWINGS$OUTLINE", "PaperSpace": null, "SubClasses": null, "Linetype": null, "EntityHandle": "928", "Text": null }, "geometry": { "type": "LineString", "coordinates": [ [ -73.990942747354666, 40.676128815545319, 0.0 ], [ -73.990943633217952, 40.676126919319607, 0.0 ] ] } },
{ "type": "Feature", "properties": { "Layer": "DRAWINGS$OUTLINE", "PaperSpace": null, "SubClasses": null, "Linetype": null, "EntityHandle": "929", "Text": null }, "geometry": { "type": "LineString", "coordinates": [ [ -73.990943633217952, 40.676126919319607, 0.0 ], [ -73.990944334116278, 40.676124979177359, 0.0 ] ] } },
{ "type": "Feature", "properties": { "Layer": "DRAWINGS$OUTLINE", "PaperSpace": null, "SubClasses": null, "Linetype": null, "EntityHandle": "92A", "Text": null }, "geometry": { "type": "LineString", "coordinates": [ [ -73.990944334116278, 40.676124979177359, 0.0 ], [ -73.990944755638182, 40.676122993429622, 0.0 ] ] } },
{ "type": "Feature", "properties": { "Layer": "DRAWINGS$OUTLINE", "PaperSpace": null, "SubClasses": null, "Linetype": null, "EntityHandle": "92B", "Text": null }, "geometry": { "type": "LineString", "coordinates": [ [ -73.990944755638182, 40.676122993429622, 0.0 ], [ -73.990944794443337, 40.676120982979448, 0.0 ] ] } },
{ "type": "Feature", "properties": { "Layer": "DRAWINGS$OUTLINE", "PaperSpace": null, "SubClasses": null, "Linetype": null, "EntityHandle": "92C", "Text": null }, "geometry": { "type": "LineString", "coordinates": [ [ -73.990944794443337, 40.676120982979448, 0.0 ], [ -73.990944383220111, 40.676118997231008, 0.0 ] ] } },
{ "type": "Feature", "properties": { "Layer": "DRAWINGS$OUTLINE", "PaperSpace": null, "SubClasses": null, "Linetype": null, "EntityHandle": "92D", "Text": null }, "geometry": { "type": "LineString", "coordinates": [ [ -73.990944383220111, 40.676118997231008, 0.0 ], [ -73.990943535169478, 40.676117093035778, 0.0 ] ] } },
{ "type": "Feature", "properties": { "Layer": "DRAWINGS$OUTLINE", "PaperSpace": null, "SubClasses": null, "Linetype": null, "EntityHandle": "92E", "Text": null }, "geometry": { "type": "LineString", "coordinates": [ [ -73.990943535169478, 40.676117093035778, 0.0 ], [ -73.990942330448519, 40.676115302896953, 0.0 ] ] } },
{ "type": "Feature", "properties": { "Layer": "DRAWINGS$OUTLINE", "PaperSpace": null, "SubClasses": null, "Linetype": null, "EntityHandle": "92F", "Text": null }, "geometry": { "type": "LineString", "coordinates": [ [ -73.990942330448519, 40.676115302896953, 0.0 ], [ -73.990940863903106, 40.676113629071871, 0.0 ] ] } },
{ "type": "Feature", "properties": { "Layer": "DRAWINGS$OUTLINE", "PaperSpace": null, "SubClasses": null, "Linetype": null, "EntityHandle": "930", "Text": null }, "geometry": { "type": "LineString", "coordinates": [ [ -73.990940863903106, 40.676113629071871, 0.0 ], [ -73.990939213385943, 40.676112057203618, 0.0 ] ] } },
{ "type": "Feature", "properties": { "Layer": "DRAWINGS$OUTLINE", "PaperSpace": null, "SubClasses": null, "Linetype": null, "EntityHandle": "931", "Text": null }, "geometry": { "type": "LineString", "coordinates": [ [ -73.990939213385943, 40.676112057203618, 0.0 ], [ -73.990937433541234, 40.676110569115828, 0.0 ] ] } },
{ "type": "Feature", "properties": { "Layer": "DRAWINGS$OUTLINE", "PaperSpace": null, "SubClasses": null, "Linetype": null, "EntityHandle": "932", "Text": null }, "geometry": { "type": "LineString", "coordinates": [ [ -73.990937433541234, 40.676110569115828, 0.0 ], [ -73.990935560242889, 40.676109148931111, 0.0 ] ] } },
{ "type": "Feature", "properties": { "Layer": "DRAWINGS$OUTLINE", "PaperSpace": null, "SubClasses": null, "Linetype": null, "EntityHandle": "933", "Text": null }, "geometry": { "type": "LineString", "coordinates": [ [ -73.990935560242889, 40.676109148931111, 0.0 ], [ -73.990933618294406, 40.67610778315364, 0.0 ] ] } },
{ "type": "Feature", "properties": { "Layer": "DRAWINGS$OUTLINE", "PaperSpace": null, "SubClasses": null, "Linetype": null, "EntityHandle": "934", "Text": null }, "geometry": { "type": "LineString", "coordinates": [ [ -73.990933618294406, 40.67610778315364, 0.0 ], [ -73.990931624483807, 40.676106461339565, 0.0 ] ] } },
{ "type": "Feature", "properties": { "Layer": "DRAWINGS$OUTLINE", "PaperSpace": null, "SubClasses": null, "Linetype": null, "EntityHandle": "935", "Text": null }, "geometry": { "type": "LineString", "coordinates": [ [ -73.990931624483807, 40.676106461339565, 0.0 ], [ -73.99092959053138, 40.676105175419771, 0.0 ] ] } },
{ "type": "Feature", "properties": { "Layer": "DRAWINGS$OUTLINE", "PaperSpace": null, "SubClasses": null, "Linetype": null, "EntityHandle": "936", "Text": null }, "geometry": { "type": "LineString", "coordinates": [ [ -73.99092959053138, 40.676105175419771, 0.0 ], [ -73.990927524908898, 40.676103919123911, 0.0 ] ] } },
{ "type": "Feature", "properties": { "Layer": "DRAWINGS$OUTLINE", "PaperSpace": null, "SubClasses": null, "Linetype": null, "EntityHandle": "937", "Text": null }, "geometry": { "type": "LineString", "coordinates": [ [ -73.990927524908898, 40.676103919123911, 0.0 ], [ -73.990925433835827, 40.676102687435858, 0.0 ] ] } },
{ "type": "Feature", "properties": { "Layer": "DRAWINGS$OUTLINE", "PaperSpace": null, "SubClasses": null, "Linetype": null, "EntityHandle": "938", "Text": null }, "geometry": { "type": "LineString", "coordinates": [ [ -73.990925433835827, 40.676102687435858, 0.0 ], [ -73.990923322130627, 40.676101476318763, 0.0 ] ] } },
{ "type": "Feature", "properties": { "Layer": "DRAWINGS$OUTLINE", "PaperSpace": null, "SubClasses": null, "Linetype": null, "EntityHandle": "939", "Text": null }, "geometry": { "type": "LineString", "coordinates": [ [ -73.990923322130627, 40.676101476318763, 0.0 ], [ -73.990921193454511, 40.676100282542322, 0.0 ] ] } },
{ "type": "Feature", "properties": { "Layer": "DRAWINGS$OUTLINE", "PaperSpace": null, "SubClasses": null, "Linetype": null, "EntityHandle": "93A", "Text": null }, "geometry": { "type": "LineString", "coordinates": [ [ -73.990921193454511, 40.676100282542322, 0.0 ], [ -73.990919050579862, 40.67609910356412, 0.0 ] ] } },
{ "type": "Feature", "properties": { "Layer": "DRAWINGS$OUTLINE", "PaperSpace": null, "SubClasses": null, "Linetype": null, "EntityHandle": "93B", "Text": null }, "geometry": { "type": "LineString", "coordinates": [ [ -73.990919050579862, 40.67609910356412, 0.0 ], [ -73.990916895719508, 40.6760979373284, 0.0 ] ] } },
{ "type": "Feature", "properties": { "Layer": "DRAWINGS$OUTLINE", "PaperSpace": null, "SubClasses": null, "Linetype": null, "EntityHandle": "93C", "Text": null }, "geometry": { "type": "LineString", "coordinates": [ [ -73.990916895719508, 40.6760979373284, 0.0 ], [ -73.990914730675527, 40.676096782088081, 0.0 ] ] } },
{ "type": "Feature", "properties": { "Layer": "DRAWINGS$OUTLINE", "PaperSpace": null, "SubClasses": null, "Linetype": null, "EntityHandle": "93D", "Text": null }, "geometry": { "type": "LineString", "coordinates": [ [ -73.990914730675527, 40.676096782088081, 0.0 ], [ -73.990912556977563, 40.676095636293532, 0.0 ] ] } },
{ "type": "Feature", "properties": { "Layer": "DRAWINGS$OUTLINE", "PaperSpace": null, "SubClasses": null, "Linetype": null, "EntityHandle": "93E", "Text": null }, "geometry": { "type": "LineString", "coordinates": [ [ -73.990912556977563, 40.676095636293532, 0.0 ], [ -73.990910375855066, 40.67609449870276, 0.0 ] ] } },
{ "type": "Feature", "properties": { "Layer": "DRAWINGS$OUTLINE", "PaperSpace": null, "SubClasses": null, "Linetype": null, "EntityHandle": "93F", "Text": null }, "geometry": { "type": "LineString", "coordinates": [ [ -73.990910375855066, 40.67609449870276, 0.0 ], [ -73.990908188319793, 40.676093368273207, 0.0 ] ] } },
{ "type": "Feature", "properties": { "Layer": "DRAWINGS$OUTLINE", "PaperSpace": null, "SubClasses": null, "Linetype": null, "EntityHandle": "940", "Text": null }, "geometry": { "type": "LineString", "coordinates": [ [ -73.990908188319793, 40.676093368273207, 0.0 ], [ -73.990905995224637, 40.676092244106265, 0.0 ] ] } },
{ "type": "Feature", "properties": { "Layer": "DRAWINGS$OUTLINE", "PaperSpace": null, "SubClasses": null, "Linetype": null, "EntityHandle": "941", "Text": null }, "geometry": { "type": "LineString", "coordinates": [ [ -73.990905995224637, 40.676092244106265, 0.0 ], [ -73.990903797270448, 40.676091125443989, 0.0 ] ] } },
{ "type": "Feature", "properties": { "Layer": "DRAWINGS$OUTLINE", "PaperSpace": null, "SubClasses": null, "Linetype": null, "EntityHandle": "942", "Text": null }, "geometry": { "type": "LineString", "coordinates": [ [ -73.990903797270448, 40.676091125443989, 0.0 ], [ -73.990901595067214, 40.676090011641449, 0.0 ] ] } },
{ "type": "Feature", "properties": { "Layer": "DRAWINGS$OUTLINE", "PaperSpace": null, "SubClasses": null, "Linetype": null, "EntityHandle": "943", "Text": null }, "geometry": { "type": "LineString", "coordinates": [ [ -73.990901595067214, 40.676090011641449, 0.0 ], [ -73.990899389140836, 40.676088902125215, 0.0 ] ] } },
{ "type": "Feature", "properties": { "Layer": "DRAWINGS$OUTLINE", "PaperSpace": null, "SubClasses": null, "Linetype": null, "EntityHandle": "944", "Text": null }, "geometry": { "type": "LineString", "coordinates": [ [ -73.990899389140836, 40.676088902125215, 0.0 ], [ -73.990897179949158, 40.676087796378496, 0.0 ] ] } },
{ "type": "Feature", "properties": { "Layer": "DRAWINGS$OUTLINE", "PaperSpace": null, "SubClasses": null, "Linetype": null, "EntityHandle": "945", "Text": null }, "geometry": { "type": "LineString", "coordinates": [ [ -73.990897179949158, 40.676087796378496, 0.0 ], [ -73.990894967837178, 40.676086694025024, 0.0 ] ] } },
{ "type": "Feature", "properties": { "Layer": "DRAWINGS$OUTLINE", "PaperSpace": null, "SubClasses": null, "Linetype": null, "EntityHandle": "946", "Text": null }, "geometry": { "type": "LineString", "coordinates": [ [ -73.990894967837178, 40.676086694025024, 0.0 ], [ -73.99089275310358, 40.676085594712461, 0.0 ] ] } },
{ "type": "Feature", "properties": { "Layer": "DRAWINGS$OUTLINE", "PaperSpace": null, "SubClasses": null, "Linetype": null, "EntityHandle": "947", "Text": null }, "geometry": { "type": "LineString", "coordinates": [ [ -73.99089275310358, 40.676085594712461, 0.0 ], [ -73.990890536031699, 40.67608449814341, 0.0 ] ] } },
{ "type": "Feature", "properties": { "Layer": "DRAWINGS$OUTLINE", "PaperSpace": null, "SubClasses": null, "Linetype": null, "EntityHandle": "948", "Text": null }, "geometry": { "type": "LineString", "coordinates": [ [ -73.990890536031699, 40.67608449814341, 0.0 ], [ -73.990888316849123, 40.676083404061217, 0.0 ] ] } },
{ "type": "Feature", "properties": { "Layer": "DRAWINGS$OUTLINE", "PaperSpace": null, "SubClasses": null, "Linetype": null, "EntityHandle": "949", "Text": null }, "geometry": { "type": "LineString", "coordinates": [ [ -73.990888316849123, 40.676083404061217, 0.0 ], [ -73.990886095737892, 40.676082312240887, 0.0 ] ] } },
{ "type": "Feature", "properties": { "Layer": "DRAWINGS$OUTLINE", "PaperSpace": null, "SubClasses": null, "Linetype": null, "EntityHandle": "94A", "Text": null }, "geometry": { "type": "LineString", "coordinates": [ [ -73.990886095737892, 40.676082312240887, 0.0 ], [ -73.990883872869958, 40.676081222496073, 0.0 ] ] } },
{ "type": "Feature", "properties": { "Layer": "DRAWINGS$OUTLINE", "PaperSpace": null, "SubClasses": null, "Linetype": null, "EntityHandle": "94B", "Text": null }, "geometry": { "type": "LineString", "coordinates": [ [ -73.990883872869958, 40.676081222496073, 0.0 ], [ -73.990881648391394, 40.676080134662982, 0.0 ] ] } },
{ "type": "Feature", "properties": { "Layer": "DRAWINGS$OUTLINE", "PaperSpace": null, "SubClasses": null, "Linetype": null, "EntityHandle": "94C", "Text": null }, "geometry": { "type": "LineString", "coordinates": [ [ -73.990881648391394, 40.676080134662982, 0.0 ], [ -73.99087942242727, 40.676079048596598, 0.0 ] ] } },
{ "type": "Feature", "properties": { "Layer": "DRAWINGS$OUTLINE", "PaperSpace": null, "SubClasses": null, "Linetype": null, "EntityHandle": "94D", "Text": null }, "geometry": { "type": "LineString", "coordinates": [ [ -73.99087942242727, 40.676079048596598, 0.0 ], [ -73.990877195081481, 40.67607796416565, 0.0 ] ] } },
{ "type": "Feature", "properties": { "Layer": "DRAWINGS$OUTLINE", "PaperSpace": null, "SubClasses": null, "Linetype": null, "EntityHandle": "94E", "Text": null }, "geometry": { "type": "LineString", "coordinates": [ [ -73.990877195081481, 40.67607796416565, 0.0 ], [ -73.990874966455422, 40.676076881257814, 0.0 ] ] } },
{ "type": "Feature", "properties": { "Layer": "DRAWINGS$OUTLINE", "PaperSpace": null, "SubClasses": null, "Linetype": null, "EntityHandle": "94F", "Text": null }, "geometry": { "type": "LineString", "coordinates": [ [ -73.990874966455422, 40.676076881257814, 0.0 ], [ -73.990872736638053, 40.676075799771759, 0.0 ] ] } },
{ "type": "Feature", "properties": { "Layer": "DRAWINGS$OUTLINE", "PaperSpace": null, "SubClasses": null, "Linetype": null, "EntityHandle": "950", "Text": null }, "geometry": { "type": "LineString", "coordinates": [ [ -73.990872736638053, 40.676075799771759, 0.0 ], [ -73.990870505712152, 40.67607471961739, 0.0 ] ] } },
{ "type": "Feature", "properties": { "Layer": "DRAWINGS$OUTLINE", "PaperSpace": null, "SubClasses": null, "Linetype": null, "EntityHandle": "951", "Text": null }, "geometry": { "type": "LineString", "coordinates": [ [ -73.990870505712152, 40.67607471961739, 0.0 ], [ -73.990868273742237, 40.676073640708175, 0.0 ] ] } },
{ "type": "Feature", "properties": { "Layer": "DRAWINGS$OUTLINE", "PaperSpace": null, "SubClasses": null, "Linetype": null, "EntityHandle": "952", "Text": null }, "geometry": { "type": "LineString", "coordinates": [ [ -73.990868273742237, 40.676073640708175, 0.0 ], [ -73.990866040796647, 40.676072562969786, 0.0 ] ] } },
{ "type": "Feature", "properties": { "Layer": "DRAWINGS$OUTLINE", "PaperSpace": null, "SubClasses": null, "Linetype": null, "EntityHandle": "953", "Text": null }, "geometry": { "type": "LineString", "coordinates": [ [ -73.990866040796647, 40.676072562969786, 0.0 ], [ -73.990863806906674, 40.676071486319096, 0.0 ] ] } },
{ "type": "Feature", "properties": { "Layer": "DRAWINGS$OUTLINE", "PaperSpace": null, "SubClasses": null, "Linetype": null, "EntityHandle": "954", "Text": null }, "geometry": { "type": "LineString", "coordinates": [ [ -73.990863806906674, 40.676071486319096, 0.0 ], [ -73.990861572183164, 40.676070410718921, 0.0 ] ] } },
{ "type": "Feature", "properties": { "Layer": "DRAWINGS$OUTLINE", "PaperSpace": null, "SubClasses": null, "Linetype": null, "EntityHandle": "955", "Text": null }, "geometry": { "type": "LineString", "coordinates": [ [ -73.990861572183164, 40.676070410718921, 0.0 ], [ -73.990859336648555, 40.676069336096027, 0.0 ] ] } },
{ "type": "Feature", "properties": { "Layer": "DRAWINGS$OUTLINE", "PaperSpace": null, "SubClasses": null, "Linetype": null, "EntityHandle": "956", "Text": null }, "geometry": { "type": "LineString", "coordinates": [ [ -73.990859336648555, 40.676069336096027, 0.0 ], [ -73.99085710035007, 40.676068262394722, 0.0 ] ] } },
{ "type": "Feature", "properties": { "Layer": "DRAWINGS$OUTLINE", "PaperSpace": null, "SubClasses": null, "Linetype": null, "EntityHandle": "957", "Text": null }, "geometry": { "type": "LineString", "coordinates": [ [ -73.99085710035007, 40.676068262394722, 0.0 ], [ -73.990854863331947, 40.676067189562602, 0.0 ] ] } },
{ "type": "Feature", "properties": { "Layer": "DRAWINGS$OUTLINE", "PaperSpace": null, "SubClasses": null, "Linetype": null, "EntityHandle": "958", "Text": null }, "geometry": { "type": "LineString", "coordinates": [ [ -73.990854863331947, 40.676067189562602, 0.0 ], [ -73.990852625636094, 40.676066117549809, 0.0 ] ] } },
{ "type": "Feature", "properties": { "Layer": "DRAWINGS$OUTLINE", "PaperSpace": null, "SubClasses": null, "Linetype": null, "EntityHandle": "959", "Text": null }, "geometry": { "type": "LineString", "coordinates": [ [ -73.990852625636094, 40.676066117549809, 0.0 ], [ -73.990850387302544, 40.67606504630885, 0.0 ] ] } },
{ "type": "Feature", "properties": { "Layer": "DRAWINGS$OUTLINE", "PaperSpace": null, "SubClasses": null, "Linetype": null, "EntityHandle": "95A", "Text": null }, "geometry": { "type": "LineString", "coordinates": [ [ -73.990850387302544, 40.67606504630885, 0.0 ], [ -73.990848148369906, 40.676063975793674, 0.0 ] ] } },
{ "type": "Feature", "properties": { "Layer": "DRAWINGS$OUTLINE", "PaperSpace": null, "SubClasses": null, "Linetype": null, "EntityHandle": "95B", "Text": null }, "geometry": { "type": "LineString", "coordinates": [ [ -73.990848148369906, 40.676063975793674, 0.0 ], [ -73.990845908875912, 40.676062905959306, 0.0 ] ] } },
{ "type": "Feature", "properties": { "Layer": "DRAWINGS$OUTLINE", "PaperSpace": null, "SubClasses": null, "Linetype": null, "EntityHandle": "95C", "Text": null }, "geometry": { "type": "LineString", "coordinates": [ [ -73.990845908875912, 40.676062905959306, 0.0 ], [ -73.990843668857877, 40.676061836761242, 0.0 ] ] } },
{ "type": "Feature", "properties": { "Layer": "DRAWINGS$OUTLINE", "PaperSpace": null, "SubClasses": null, "Linetype": null, "EntityHandle": "95D", "Text": null }, "geometry": { "type": "LineString", "coordinates": [ [ -73.990843668857877, 40.676061836761242, 0.0 ], [ -73.990841428353434, 40.67606076815462, 0.0 ] ] } },
{ "type": "Feature", "properties": { "Layer": "DRAWINGS$OUTLINE", "PaperSpace": null, "SubClasses": null, "Linetype": null, "EntityHandle": "95E", "Text": null }, "geometry": { "type": "LineString", "coordinates": [ [ -73.990841428353434, 40.67606076815462, 0.0 ], [ -73.990839187405285, 40.676059700095564, 0.0 ] ] } },
{ "type": "Feature", "properties": { "Layer": "DRAWINGS$OUTLINE", "PaperSpace": null, "SubClasses": null, "Linetype": null, "EntityHandle": "95F", "Text": null }, "geometry": { "type": "LineString", "coordinates": [ [ -73.990839187405285, 40.676059700095564, 0.0 ], [ -73.990836946043899, 40.67605863253128, 0.0 ] ] } },
{ "type": "Feature", "properties": { "Layer": "DRAWINGS$OUTLINE", "PaperSpace": null, "SubClasses": null, "Linetype": null, "EntityHandle": "960", "Text": null }, "geometry": { "type": "LineString", "coordinates": [ [ -73.990836946043899, 40.67605863253128, 0.0 ], [ -73.990834704310799, 40.676057565421331, 0.0 ] ] } },
{ "type": "Feature", "properties": { "Layer": "DRAWINGS$OUTLINE", "PaperSpace": null, "SubClasses": null, "Linetype": null, "EntityHandle": "961", "Text": null }, "geometry": { "type": "LineString", "coordinates": [ [ -73.990834704310799, 40.676057565421331, 0.0 ], [ -73.990832462217014, 40.676056498749347, 0.0 ] ] } },
{ "type": "Feature", "properties": { "Layer": "DRAWINGS$OUTLINE", "PaperSpace": null, "SubClasses": null, "Linetype": null, "EntityHandle": "962", "Text": null }, "geometry": { "type": "LineString", "coordinates": [ [ -73.990832462217014, 40.676056498749347, 0.0 ], [ -73.990830219786233, 40.676055432495126, 0.0 ] ] } },
{ "type": "Feature", "properties": { "Layer": "DRAWINGS$OUTLINE", "PaperSpace": null, "SubClasses": null, "Linetype": null, "EntityHandle": "963", "Text": null }, "geometry": { "type": "LineString", "coordinates": [ [ -73.990830219786233, 40.676055432495126, 0.0 ], [ -73.990827977032524, 40.676054366632577, 0.0 ] ] } },
{ "type": "Feature", "properties": { "Layer": "DRAWINGS$OUTLINE", "PaperSpace": null, "SubClasses": null, "Linetype": null, "EntityHandle": "964", "Text": null }, "geometry": { "type": "LineString", "coordinates": [ [ -73.990827977032524, 40.676054366632577, 0.0 ], [ -73.990825733975299, 40.676053301138055, 0.0 ] ] } },
{ "type": "Feature", "properties": { "Layer": "DRAWINGS$OUTLINE", "PaperSpace": null, "SubClasses": null, "Linetype": null, "EntityHandle": "965", "Text": null }, "geometry": { "type": "LineString", "coordinates": [ [ -73.990825733975299, 40.676053301138055, 0.0 ], [ -73.990823490633915, 40.676052235987996, 0.0 ] ] } },
{ "type": "Feature", "properties": { "Layer": "DRAWINGS$OUTLINE", "PaperSpace": null, "SubClasses": null, "Linetype": null, "EntityHandle": "966", "Text": null }, "geometry": { "type": "LineString", "coordinates": [ [ -73.990823490633915, 40.676052235987996, 0.0 ], [ -73.990821247027768, 40.676051171158754, 0.0 ] ] } },
{ "type": "Feature", "properties": { "Layer": "DRAWINGS$OUTLINE", "PaperSpace": null, "SubClasses": null, "Linetype": null, "EntityHandle": "967", "Text": null }, "geometry": { "type": "LineString", "coordinates": [ [ -73.990821247027768, 40.676051171158754, 0.0 ], [ -73.990819003176199, 40.676050106626725, 0.0 ] ] } },
{ "type": "Feature", "properties": { "Layer": "DRAWINGS$OUTLINE", "PaperSpace": null, "SubClasses": null, "Linetype": null, "EntityHandle": "968", "Text": null }, "geometry": { "type": "LineString", "coordinates": [ [ -73.990819003176199, 40.676050106626725, 0.0 ], [ -73.990816759100824, 40.676049042369371, 0.0 ] ] } },
{ "type": "Feature", "properties": { "Layer": "DRAWINGS$OUTLINE", "PaperSpace": null, "SubClasses": null, "Linetype": null, "EntityHandle": "969", "Text": null }, "geometry": { "type": "LineString", "coordinates": [ [ -73.990816759100824, 40.676049042369371, 0.0 ], [ -73.99081451483417, 40.676047978369354, 0.0 ] ] } },
{ "type": "Feature", "properties": { "Layer": "DRAWINGS$OUTLINE", "PaperSpace": null, "SubClasses": null, "Linetype": null, "EntityHandle": "96A", "Text": null }, "geometry": { "type": "LineString", "coordinates": [ [ -73.99081451483417, 40.676047978369354, 0.0 ], [ -73.990812270380275, 40.676046914595709, 0.0 ] ] } },
{ "type": "Feature", "properties": { "Layer": "DRAWINGS$OUTLINE", "PaperSpace": null, "SubClasses": null, "Linetype": null, "EntityHandle": "96B", "Text": null }, "geometry": { "type": "LineString", "coordinates": [ [ -73.990812270380275, 40.676046914595709, 0.0 ], [ -73.990810025758478, 40.676045851024888, 0.0 ] ] } },
{ "type": "Feature", "properties": { "Layer": "DRAWINGS$OUTLINE", "PaperSpace": null, "SubClasses": null, "Linetype": null, "EntityHandle": "96C", "Text": null }, "geometry": { "type": "LineString", "coordinates": [ [ -73.990810025758478, 40.676045851024888, 0.0 ], [ -73.990807780988163, 40.676044787633259, 0.0 ] ] } },
{ "type": "Feature", "properties": { "Layer": "DRAWINGS$OUTLINE", "PaperSpace": null, "SubClasses": null, "Linetype": null, "EntityHandle": "96D", "Text": null }, "geometry": { "type": "LineString", "coordinates": [ [ -73.990807780988163, 40.676044787633259, 0.0 ], [ -73.990805536088715, 40.676043724397211, 0.0 ] ] } },
{ "type": "Feature", "properties": { "Layer": "DRAWINGS$OUTLINE", "PaperSpace": null, "SubClasses": null, "Linetype": null, "EntityHandle": "96E", "Text": null }, "geometry": { "type": "LineString", "coordinates": [ [ -73.990805536088715, 40.676043724397211, 0.0 ], [ -73.990803291079501, 40.676042661293138, 0.0 ] ] } },
{ "type": "Feature", "properties": { "Layer": "DRAWINGS$OUTLINE", "PaperSpace": null, "SubClasses": null, "Linetype": null, "EntityHandle": "96F", "Text": null }, "geometry": { "type": "LineString", "coordinates": [ [ -73.990803291079501, 40.676042661293138, 0.0 ], [ -73.990801045979907, 40.676041598297445, 0.0 ] ] } },
{ "type": "Feature", "properties": { "Layer": "DRAWINGS$OUTLINE", "PaperSpace": null, "SubClasses": null, "Linetype": null, "EntityHandle": "970", "Text": null }, "geometry": { "type": "LineString", "coordinates": [ [ -73.990801045979907, 40.676041598297445, 0.0 ], [ -73.990798800809301, 40.67604053538652, 0.0 ] ] } },
{ "type": "Feature", "properties": { "Layer": "DRAWINGS$OUTLINE", "PaperSpace": null, "SubClasses": null, "Linetype": null, "EntityHandle": "971", "Text": null }, "geometry": { "type": "LineString", "coordinates": [ [ -73.990798800809301, 40.67604053538652, 0.0 ], [ -73.990796555587067, 40.676039472536786, 0.0 ] ] } },
{ "type": "Feature", "properties": { "Layer": "DRAWINGS$OUTLINE", "PaperSpace": null, "SubClasses": null, "Linetype": null, "EntityHandle": "972", "Text": null }, "geometry": { "type": "LineString", "coordinates": [ [ -73.990796555587067, 40.676039472536786, 0.0 ], [ -73.990794310332575, 40.676038409724583, 0.0 ] ] } },
{ "type": "Feature", "properties": { "Layer": "DRAWINGS$OUTLINE", "PaperSpace": null, "SubClasses": null, "Linetype": null, "EntityHandle": "973", "Text": null }, "geometry": { "type": "LineString", "coordinates": [ [ -73.990794310332575, 40.676038409724583, 0.0 ], [ -73.990792065065193, 40.676037346926364, 0.0 ] ] } },
{ "type": "Feature", "properties": { "Layer": "DRAWINGS$OUTLINE", "PaperSpace": null, "SubClasses": null, "Linetype": null, "EntityHandle": "974", "Text": null }, "geometry": { "type": "LineString", "coordinates": [ [ -73.990792065065193, 40.676037346926364, 0.0 ], [ -73.99078981980432, 40.676036284118467, 0.0 ] ] } },
{ "type": "Feature", "properties": { "Layer": "DRAWINGS$OUTLINE", "PaperSpace": null, "SubClasses": null, "Linetype": null, "EntityHandle": "975", "Text": null }, "geometry": { "type": "LineString", "coordinates": [ [ -73.99078981980432, 40.676036284118467, 0.0 ], [ -73.990787574569325, 40.676035221277331, 0.0 ] ] } },
{ "type": "Feature", "properties": { "Layer": "DRAWINGS$OUTLINE", "PaperSpace": null, "SubClasses": null, "Linetype": null, "EntityHandle": "976", "Text": null }, "geometry": { "type": "LineString", "coordinates": [ [ -73.990787574569325, 40.676035221277331, 0.0 ], [ -73.990785329379563, 40.676034158379323, 0.0 ] ] } },
{ "type": "Feature", "properties": { "Layer": "DRAWINGS$OUTLINE", "PaperSpace": null, "SubClasses": null, "Linetype": null, "EntityHandle": "977", "Text": null }, "geometry": { "type": "LineString", "coordinates": [ [ -73.990785329379563, 40.676034158379323, 0.0 ], [ -73.990783084254446, 40.676033095400854, 0.0 ] ] } },
{ "type": "Feature", "properties": { "Layer": "DRAWINGS$OUTLINE", "PaperSpace": null, "SubClasses": null, "Linetype": null, "EntityHandle": "978", "Text": null }, "geometry": { "type": "LineString", "coordinates": [ [ -73.990783084254446, 40.676033095400854, 0.0 ], [ -73.990780839213301, 40.676032032318318, 0.0 ] ] } },
{ "type": "Feature", "properties": { "Layer": "DRAWINGS$OUTLINE", "PaperSpace": null, "SubClasses": null, "Linetype": null, "EntityHandle": "979", "Text": null }, "geometry": { "type": "LineString", "coordinates": [ [ -73.990780839213301, 40.676032032318318, 0.0 ], [ -73.990778594275568, 40.676030969108098, 0.0 ] ] } },
{ "type": "Feature", "properties": { "Layer": "DRAWINGS$OUTLINE", "PaperSpace": null, "SubClasses": null, "Linetype": null, "EntityHandle": "97A", "Text": null }, "geometry": { "type": "LineString", "coordinates": [ [ -73.990778594275568, 40.676030969108098, 0.0 ], [ -73.99077634946056, 40.676029905746603, 0.0 ] ] } },
{ "type": "Feature", "properties": { "Layer": "DRAWINGS$OUTLINE", "PaperSpace": null, "SubClasses": null, "Linetype": null, "EntityHandle": "97B", "Text": null }, "geometry": { "type": "LineString", "coordinates": [ [ -73.99077634946056, 40.676029905746603, 0.0 ], [ -73.990774104787889, 40.676028842210329, 0.0 ] ] } },
{ "type": "Feature", "properties": { "Layer": "DRAWINGS$OUTLINE", "PaperSpace": null, "SubClasses": null, "Linetype": null, "EntityHandle": "97C", "Text": null }, "geometry": { "type": "LineString", "coordinates": [ [ -73.990774104787889, 40.676028842210329, 0.0 ], [ -73.990771860279864, 40.676027778488887, 0.0 ] ] } },
{ "type": "Feature", "properties": { "Layer": "DRAWINGS$OUTLINE", "PaperSpace": null, "SubClasses": null, "Linetype": null, "EntityHandle": "97D", "Text": null }, "geometry": { "type": "LineString", "coordinates": [ [ -73.990771860279864, 40.676027778488887, 0.0 ], [ -73.990769615948764, 40.676026714553558, 0.0 ] ] } },
{ "type": "Feature", "properties": { "Layer": "DRAWINGS$OUTLINE", "PaperSpace": null, "SubClasses": null, "Linetype": null, "EntityHandle": "97E", "Text": null }, "geometry": { "type": "LineString", "coordinates": [ [ -73.990769615948764, 40.676026714553558, 0.0 ], [ -73.990767371820482, 40.676025650364693, 0.0 ] ] } },
{ "type": "Feature", "properties": { "Layer": "DRAWINGS$OUTLINE", "PaperSpace": null, "SubClasses": null, "Linetype": null, "EntityHandle": "97F", "Text": null }, "geometry": { "type": "LineString", "coordinates": [ [ -73.990767371820482, 40.676025650364693, 0.0 ], [ -73.990765127926736, 40.676024585885571, 0.0 ] ] } },
{ "type": "Feature", "properties": { "Layer": "DRAWINGS$OUTLINE", "PaperSpace": null, "SubClasses": null, "Linetype": null, "EntityHandle": "980", "Text": null }, "geometry": { "type": "LineString", "coordinates": [ [ -73.990765127926736, 40.676024585885571, 0.0 ], [ -73.990762884307287, 40.676023521083216, 0.0 ] ] } },
{ "type": "Feature", "properties": { "Layer": "DRAWINGS$OUTLINE", "PaperSpace": null, "SubClasses": null, "Linetype": null, "EntityHandle": "981", "Text": null }, "geometry": { "type": "LineString", "coordinates": [ [ -73.990762884307287, 40.676023521083216, 0.0 ], [ -73.990760640983964, 40.67602245591619, 0.0 ] ] } },
{ "type": "Feature", "properties": { "Layer": "DRAWINGS$OUTLINE", "PaperSpace": null, "SubClasses": null, "Linetype": null, "EntityHandle": "982", "Text": null }, "geometry": { "type": "LineString", "coordinates": [ [ -73.990760640983964, 40.67602245591619, 0.0 ], [ -73.990758397987832, 40.676021390347351, 0.0 ] ] } },
{ "type": "Feature", "properties": { "Layer": "DRAWINGS$OUTLINE", "PaperSpace": null, "SubClasses": null, "Linetype": null, "EntityHandle": "983", "Text": null }, "geometry": { "type": "LineString", "coordinates": [ [ -73.990758397987832, 40.676021390347351, 0.0 ], [ -73.99075615534997, 40.67602032433966, 0.0 ] ] } },
{ "type": "Feature", "properties": { "Layer": "DRAWINGS$OUTLINE", "PaperSpace": null, "SubClasses": null, "Linetype": null, "EntityHandle": "984", "Text": null }, "geometry": { "type": "LineString", "coordinates": [ [ -73.99075615534997, 40.67602032433966, 0.0 ], [ -73.990753913101514, 40.676019257856055, 0.0 ] ] } },
{ "type": "Feature", "properties": { "Layer": "DRAWINGS$OUTLINE", "PaperSpace": null, "SubClasses": null, "Linetype": null, "EntityHandle": "985", "Text": null }, "geometry": { "type": "LineString", "coordinates": [ [ -73.990753913101514, 40.676019257856055, 0.0 ], [ -73.990751671273557, 40.67601819085943, 0.0 ] ] } },
{ "type": "Feature", "properties": { "Layer": "DRAWINGS$OUTLINE", "PaperSpace": null, "SubClasses": null, "Linetype": null, "EntityHandle": "986", "Text": null }, "geometry": { "type": "LineString", "coordinates": [ [ -73.990751671273557, 40.67601819085943, 0.0 ], [ -73.990749429897178, 40.676017123312732, 0.0 ] ] } },
{ "type": "Feature", "properties": { "Layer": "DRAWINGS$OUTLINE", "PaperSpace": null, "SubClasses": null, "Linetype": null, "EntityHandle": "987", "Text": null }, "geometry": { "type": "LineString", "coordinates": [ [ -73.990749429897178, 40.676017123312732, 0.0 ], [ -73.990747189003486, 40.67601605517892, 0.0 ] ] } },
{ "type": "Feature", "properties": { "Layer": "DRAWINGS$OUTLINE", "PaperSpace": null, "SubClasses": null, "Linetype": null, "EntityHandle": "988", "Text": null }, "geometry": { "type": "LineString", "coordinates": [ [ -73.990747189003486, 40.67601605517892, 0.0 ], [ -73.990744948623046, 40.676014986425095, 0.0 ] ] } },
{ "type": "Feature", "properties": { "Layer": "DRAWINGS$OUTLINE", "PaperSpace": null, "SubClasses": null, "Linetype": null, "EntityHandle": "989", "Text": null }, "geometry": { "type": "LineString", "coordinates": [ [ -73.990744948623046, 40.676014986425095, 0.0 ], [ -73.99074270875677, 40.676013917064353, 0.0 ] ] } },
{ "type": "Feature", "properties": { "Layer": "DRAWINGS$OUTLINE", "PaperSpace": null, "SubClasses": null, "Linetype": null, "EntityHandle": "98A", "Text": null }, "geometry": { "type": "LineString", "coordinates": [ [ -73.99074270875677, 40.676013917064353, 0.0 ], [ -73.990740469455417, 40.676012847015656, 0.0 ] ] } },
{ "type": "Feature", "properties": { "Layer": "DRAWINGS$OUTLINE", "PaperSpace": null, "SubClasses": null, "Linetype": null, "EntityHandle": "98B", "Text": null }, "geometry": { "type": "LineString", "coordinates": [ [ -73.990740469455417, 40.676012847015656, 0.0 ], [ -73.990738230791663, 40.676011776163989, 0.0 ] ] } },
{ "type": "Feature", "properties": { "Layer": "DRAWINGS$OUTLINE", "PaperSpace": null, "SubClasses": null, "Linetype": null, "EntityHandle": "98C", "Text": null }, "geometry": { "type": "LineString", "coordinates": [ [ -73.990738230791663, 40.676011776163989, 0.0 ], [ -73.990735992868082, 40.67601070440859, 0.0 ] ] } },
{ "type": "Feature", "properties": { "Layer": "DRAWINGS$OUTLINE", "PaperSpace": null, "SubClasses": null, "Linetype": null, "EntityHandle": "98D", "Text": null }, "geometry": { "type": "LineString", "coordinates": [ [ -73.990735992868082, 40.67601070440859, 0.0 ], [ -73.990733755789535, 40.676009631649912, 0.0 ] ] } },
{ "type": "Feature", "properties": { "Layer": "DRAWINGS$OUTLINE", "PaperSpace": null, "SubClasses": null, "Linetype": null, "EntityHandle": "98E", "Text": null }, "geometry": { "type": "LineString", "coordinates": [ [ -73.990733755789535, 40.676009631649912, 0.0 ], [ -73.990731519628554, 40.676008557772832, 0.0 ] ] } },
{ "type": "Feature", "properties": { "Layer": "DRAWINGS$OUTLINE", "PaperSpace": null, "SubClasses": null, "Linetype": null, "EntityHandle": "98F", "Text": null }, "geometry": { "type": "LineString", "coordinates": [ [ -73.990731519628554, 40.676008557772832, 0.0 ], [ -73.990729284478448, 40.676007482672205, 0.0 ] ] } },
{ "type": "Feature", "properties": { "Layer": "DRAWINGS$OUTLINE", "PaperSpace": null, "SubClasses": null, "Linetype": null, "EntityHandle": "990", "Text": null }, "geometry": { "type": "LineString", "coordinates": [ [ -73.990729284478448, 40.676007482672205, 0.0 ], [ -73.99072705043254, 40.676006406242905, 0.0 ] ] } },
{ "type": "Feature", "properties": { "Layer": "DRAWINGS$OUTLINE", "PaperSpace": null, "SubClasses": null, "Linetype": null, "EntityHandle": "991", "Text": null }, "geometry": { "type": "LineString", "coordinates": [ [ -73.99072705043254, 40.676006406242905, 0.0 ], [ -73.990724817584166, 40.676005328379766, 0.0 ] ] } },
{ "type": "Feature", "properties": { "Layer": "DRAWINGS$OUTLINE", "PaperSpace": null, "SubClasses": null, "Linetype": null, "EntityHandle": "992", "Text": null }, "geometry": { "type": "LineString", "coordinates": [ [ -73.990724817584166, 40.676005328379766, 0.0 ], [ -73.990722586026649, 40.676004248977605, 0.0 ] ] } },
{ "type": "Feature", "properties": { "Layer": "DRAWINGS$OUTLINE", "PaperSpace": null, "SubClasses": null, "Linetype": null, "EntityHandle": "993", "Text": null }, "geometry": { "type": "LineString", "coordinates": [ [ -73.990722586026649, 40.676004248977605, 0.0 ], [ -73.990720355853327, 40.67600316793137, 0.0 ] ] } },
{ "type": "Feature", "properties": { "Layer": "DRAWINGS$OUTLINE", "PaperSpace": null, "SubClasses": null, "Linetype": null, "EntityHandle": "994", "Text": null }, "geometry": { "type": "LineString", "coordinates": [ [ -73.990720355853327, 40.67600316793137, 0.0 ], [ -73.990718127157493, 40.676002085135828, 0.0 ] ] } },
{ "type": "Feature", "properties": { "Layer": "DRAWINGS$OUTLINE", "PaperSpace": null, "SubClasses": null, "Linetype": null, "EntityHandle": "995", "Text": null }, "geometry": { "type": "LineString", "coordinates": [ [ -73.990718127157493, 40.676002085135828, 0.0 ], [ -73.990715900025947, 40.676001000484582, 0.0 ] ] } },
{ "type": "Feature", "properties": { "Layer": "DRAWINGS$OUTLINE", "PaperSpace": null, "SubClasses": null, "Linetype": null, "EntityHandle": "996", "Text": null }, "geometry": { "type": "LineString", "coordinates": [ [ -73.990715900025947, 40.676001000484582, 0.0 ], [ -73.99071367472888, 40.675999913643466, 0.0 ] ] } },
{ "type": "Feature", "properties": { "Layer": "DRAWINGS$OUTLINE", "PaperSpace": null, "SubClasses": null, "Linetype": null, "EntityHandle": "997", "Text": null }, "geometry": { "type": "LineString", "coordinates": [ [ -73.99071367472888, 40.675999913643466, 0.0 ], [ -73.990711451823969, 40.675998823906852, 0.0 ] ] } },
{ "type": "Feature", "properties": { "Layer": "DRAWINGS$OUTLINE", "PaperSpace": null, "SubClasses": null, "Linetype": null, "EntityHandle": "998", "Text": null }, "geometry": { "type": "LineString", "coordinates": [ [ -73.990711451823969, 40.675998823906852, 0.0 ], [ -73.990709231969177, 40.675997730580953, 0.0 ] ] } },
{ "type": "Feature", "properties": { "Layer": "DRAWINGS$OUTLINE", "PaperSpace": null, "SubClasses": null, "Linetype": null, "EntityHandle": "999", "Text": null }, "geometry": { "type": "LineString", "coordinates": [ [ -73.990709231969177, 40.675997730580953, 0.0 ], [ -73.990707015783101, 40.675996632952611, 0.0 ] ] } },
{ "type": "Feature", "properties": { "Layer": "DRAWINGS$OUTLINE", "PaperSpace": null, "SubClasses": null, "Linetype": null, "EntityHandle": "99A", "Text": null }, "geometry": { "type": "LineString", "coordinates": [ [ -73.990707015783101, 40.675996632952611, 0.0 ], [ -73.990704803924856, 40.67599553032845, 0.0 ] ] } },
{ "type": "Feature", "properties": { "Layer": "DRAWINGS$OUTLINE", "PaperSpace": null, "SubClasses": null, "Linetype": null, "EntityHandle": "99B", "Text": null }, "geometry": { "type": "LineString", "coordinates": [ [ -73.990704803924856, 40.67599553032845, 0.0 ], [ -73.990702596999611, 40.675994421987276, 0.0 ] ] } },
{ "type": "Feature", "properties": { "Layer": "DRAWINGS$OUTLINE", "PaperSpace": null, "SubClasses": null, "Linetype": null, "EntityHandle": "99C", "Text": null }, "geometry": { "type": "LineString", "coordinates": [ [ -73.990702596999611, 40.675994421987276, 0.0 ], [ -73.990700395875479, 40.675993306954119, 0.0 ] ] } },
{ "type": "Feature", "properties": { "Layer": "DRAWINGS$OUTLINE", "PaperSpace": null, "SubClasses": null, "Linetype": null, "EntityHandle": "99D", "Text": null }, "geometry": { "type": "LineString", "coordinates": [ [ -73.990700395875479, 40.675993306954119, 0.0 ], [ -73.990698201832487, 40.675992183865127, 0.0 ] ] } },
{ "type": "Feature", "properties": { "Layer": "DRAWINGS$OUTLINE", "PaperSpace": null, "SubClasses": null, "Linetype": null, "EntityHandle": "99E", "Text": null }, "geometry": { "type": "LineString", "coordinates": [ [ -73.990698201832487, 40.675992183865127, 0.0 ], [ -73.990696016216816, 40.675991051292009, 0.0 ] ] } },
{ "type": "Feature", "properties": { "Layer": "DRAWINGS$OUTLINE", "PaperSpace": null, "SubClasses": null, "Linetype": null, "EntityHandle": "99F", "Text": null }, "geometry": { "type": "LineString", "coordinates": [ [ -73.990696016216816, 40.675991051292009, 0.0 ], [ -73.990693840574053, 40.675989907638531, 0.0 ] ] } },
{ "type": "Feature", "properties": { "Layer": "DRAWINGS$OUTLINE", "PaperSpace": null, "SubClasses": null, "Linetype": null, "EntityHandle": "9A0", "Text": null }, "geometry": { "type": "LineString", "coordinates": [ [ -73.990693840574053, 40.675989907638531, 0.0 ], [ -73.990691676752206, 40.675988751041437, 0.0 ] ] } },
{ "type": "Feature", "properties": { "Layer": "DRAWINGS$OUTLINE", "PaperSpace": null, "SubClasses": null, "Linetype": null, "EntityHandle": "9A1", "Text": null }, "geometry": { "type": "LineString", "coordinates": [ [ -73.990691676752206, 40.675988751041437, 0.0 ], [ -73.990689527090467, 40.675987579268522, 0.0 ] ] } },
{ "type": "Feature", "properties": { "Layer": "DRAWINGS$OUTLINE", "PaperSpace": null, "SubClasses": null, "Linetype": null, "EntityHandle": "9A2", "Text": null }, "geometry": { "type": "LineString", "coordinates": [ [ -73.990689527090467, 40.675987579268522, 0.0 ], [ -73.990687394464643, 40.675986389624981, 0.0 ] ] } },
{ "type": "Feature", "properties": { "Layer": "DRAWINGS$OUTLINE", "PaperSpace": null, "SubClasses": null, "Linetype": null, "EntityHandle": "9A3", "Text": null }, "geometry": { "type": "LineString", "coordinates": [ [ -73.990687394464643, 40.675986389624981, 0.0 ], [ -73.990685282349475, 40.675985178941666, 0.0 ] ] } },
{ "type": "Feature", "properties": { "Layer": "DRAWINGS$OUTLINE", "PaperSpace": null, "SubClasses": null, "Linetype": null, "EntityHandle": "9A4", "Text": null }, "geometry": { "type": "LineString", "coordinates": [ [ -73.990685282349475, 40.675985178941666, 0.0 ], [ -73.990683195474816, 40.675983943160944, 0.0 ] ] } },
{ "type": "Feature", "properties": { "Layer": "DRAWINGS$OUTLINE", "PaperSpace": null, "SubClasses": null, "Linetype": null, "EntityHandle": "9A5", "Text": null }, "geometry": { "type": "LineString", "coordinates": [ [ -73.990683195474816, 40.675983943160944, 0.0 ], [ -73.990681139433718, 40.67598267776966, 0.0 ] ] } },
{ "type": "Feature", "properties": { "Layer": "DRAWINGS$OUTLINE", "PaperSpace": null, "SubClasses": null, "Linetype": null, "EntityHandle": "9A6", "Text": null }, "geometry": { "type": "LineString", "coordinates": [ [ -73.990681139433718, 40.67598267776966, 0.0 ], [ -73.990679121228752, 40.675981377579852, 0.0 ] ] } },
{ "type": "Feature", "properties": { "Layer": "DRAWINGS$OUTLINE", "PaperSpace": null, "SubClasses": null, "Linetype": null, "EntityHandle": "9A7", "Text": null }, "geometry": { "type": "LineString", "coordinates": [ [ -73.990679121228752, 40.675981377579852, 0.0 ], [ -73.99067714997831, 40.675980036339453, 0.0 ] ] } },
{ "type": "Feature", "properties": { "Layer": "DRAWINGS$OUTLINE", "PaperSpace": null, "SubClasses": null, "Linetype": null, "EntityHandle": "9A8", "Text": null }, "geometry": { "type": "LineString", "coordinates": [ [ -73.99067714997831, 40.675980036339453, 0.0 ], [ -73.99067523805607, 40.675978646253704, 0.0 ] ] } },
{ "type": "Feature", "properties": { "Layer": "DRAWINGS$OUTLINE", "PaperSpace": null, "SubClasses": null, "Linetype": null, "EntityHandle": "9A9", "Text": null }, "geometry": { "type": "LineString", "coordinates": [ [ -73.99067523805607, 40.675978646253704, 0.0 ], [ -73.990673401767154, 40.675977198343887, 0.0 ] ] } },
{ "type": "Feature", "properties": { "Layer": "DRAWINGS$OUTLINE", "PaperSpace": null, "SubClasses": null, "Linetype": null, "EntityHandle": "9AA", "Text": null }, "geometry": { "type": "LineString", "coordinates": [ [ -73.990673401767154, 40.675977198343887, 0.0 ], [ -73.990671662039077, 40.675975683000196, 0.0 ] ] } },
{ "type": "Feature", "properties": { "Layer": "DRAWINGS$OUTLINE", "PaperSpace": null, "SubClasses": null, "Linetype": null, "EntityHandle": "9AB", "Text": null }, "geometry": { "type": "LineString", "coordinates": [ [ -73.990671662039077, 40.675975683000196, 0.0 ], [ -73.99067004579814, 40.675974090517421, 0.0 ] ] } },
{ "type": "Feature", "properties": { "Layer": "DRAWINGS$OUTLINE", "PaperSpace": null, "SubClasses": null, "Linetype": null, "EntityHandle": "9AC", "Text": null }, "geometry": { "type": "LineString", "coordinates": [ [ -73.99067004579814, 40.675974090517421, 0.0 ], [ -73.990668586892426, 40.675972412487809, 0.0 ] ] } },
{ "type": "Feature", "properties": { "Layer": "DRAWINGS$OUTLINE", "PaperSpace": null, "SubClasses": null, "Linetype": null, "EntityHandle": "9AD", "Text": null }, "geometry": { "type": "LineString", "coordinates": [ [ -73.990668586892426, 40.675972412487809, 0.0 ], [ -73.990667324672359, 40.675970644660673, 0.0 ] ] } },
{ "type": "Feature", "properties": { "Layer": "DRAWINGS$OUTLINE", "PaperSpace": null, "SubClasses": null, "Linetype": null, "EntityHandle": "9AE", "Text": null }, "geometry": { "type": "LineString", "coordinates": [ [ -73.990667324672359, 40.675970644660673, 0.0 ], [ -73.990666298734595, 40.675968790509465, 0.0 ] ] } },
{ "type": "Feature", "properties": { "Layer": "DRAWINGS$OUTLINE", "PaperSpace": null, "SubClasses": null, "Linetype": null, "EntityHandle": "9AF", "Text": null }, "geometry": { "type": "LineString", "coordinates": [ [ -73.990666298734595, 40.675968790509465, 0.0 ], [ -73.990665540730618, 40.675966863193651, 0.0 ] ] } },
{ "type": "Feature", "properties": { "Layer": "DRAWINGS$OUTLINE", "PaperSpace": null, "SubClasses": null, "Linetype": null, "EntityHandle": "9B0", "Text": null }, "geometry": { "type": "LineString", "coordinates": [ [ -73.990665540730618, 40.675966863193651, 0.0 ], [ -73.990665064331978, 40.67596488426183, 0.0 ] ] } },
{ "type": "Feature", "properties": { "Layer": "DRAWINGS$OUTLINE", "PaperSpace": null, "SubClasses": null, "Linetype": null, "EntityHandle": "9B1", "Text": null }, "geometry": { "type": "LineString", "coordinates": [ [ -73.990665064331978, 40.67596488426183, 0.0 ], [ -73.990664860237629, 40.67596287822105, 0.0 ] ] } },
{ "type": "Feature", "properties": { "Layer": "DRAWINGS$OUTLINE", "PaperSpace": null, "SubClasses": null, "Linetype": null, "EntityHandle": "9B2", "Text": null }, "geometry": { "type": "LineString", "coordinates": [ [ -73.990664860237629, 40.67596287822105, 0.0 ], [ -73.990664901331826, 40.675960866212613, 0.0 ] ] } },
{ "type": "Feature", "properties": { "Layer": "DRAWINGS$OUTLINE", "PaperSpace": null, "SubClasses": null, "Linetype": null, "EntityHandle": "9B3", "Text": null }, "geometry": { "type": "LineString", "coordinates": [ [ -73.990664901331826, 40.675960866212613, 0.0 ], [ -73.990665150163139, 40.675958862701322, 0.0 ] ] } },
{ "type": "Feature", "properties": { "Layer": "DRAWINGS$OUTLINE", "PaperSpace": null, "SubClasses": null, "Linetype": null, "EntityHandle": "9B4", "Text": null }, "geometry": { "type": "LineString", "coordinates": [ [ -73.990665150163139, 40.675958862701322, 0.0 ], [ -73.990665568050503, 40.675956875407699, 0.0 ] ] } },
{ "type": "Feature", "properties": { "Layer": "DRAWINGS$OUTLINE", "PaperSpace": null, "SubClasses": null, "Linetype": null, "EntityHandle": "9B5", "Text": null }, "geometry": { "type": "LineString", "coordinates": [ [ -73.990665568050503, 40.675956875407699, 0.0 ], [ -73.990666120132261, 40.675954907087871, 0.0 ] ] } },
{ "type": "Feature", "properties": { "Layer": "DRAWINGS$OUTLINE", "PaperSpace": null, "SubClasses": null, "Linetype": null, "EntityHandle": "9B6", "Text": null }, "geometry": { "type": "LineString", "coordinates": [ [ -73.990666120132261, 40.675954907087871, 0.0 ], [ -73.990666778122062, 40.67595295765895, 0.0 ] ] } },
{ "type": "Feature", "properties": { "Layer": "DRAWINGS$OUTLINE", "PaperSpace": null, "SubClasses": null, "Linetype": null, "EntityHandle": "9B7", "Text": null }, "geometry": { "type": "LineString", "coordinates": [ [ -73.990666778122062, 40.67595295765895, 0.0 ], [ -73.990667518601541, 40.675951025419316, 0.0 ] ] } },
{ "type": "Feature", "properties": { "Layer": "DRAWINGS$OUTLINE", "PaperSpace": null, "SubClasses": null, "Linetype": null, "EntityHandle": "9B8", "Text": null }, "geometry": { "type": "LineString", "coordinates": [ [ -73.990667518601541, 40.675951025419316, 0.0 ], [ -73.990668324178642, 40.675949108308224, 0.0 ] ] } },
{ "type": "Feature", "properties": { "Layer": "DRAWINGS$OUTLINE", "PaperSpace": null, "SubClasses": null, "Linetype": null, "EntityHandle": "9B9", "Text": null }, "geometry": { "type": "LineString", "coordinates": [ [ -73.990668324178642, 40.675949108308224, 0.0 ], [ -73.990669184058035, 40.675947204916788, 0.0 ] ] } },
{ "type": "Feature", "properties": { "Layer": "DRAWINGS$OUTLINE", "PaperSpace": null, "SubClasses": null, "Linetype": null, "EntityHandle": "9BA", "Text": null }, "geometry": { "type": "LineString", "coordinates": [ [ -73.990669184058035, 40.675947204916788, 0.0 ], [ -73.990670090215232, 40.675945313976221, 0.0 ] ] } },
{ "type": "Feature", "properties": { "Layer": "DRAWINGS$OUTLINE", "PaperSpace": null, "SubClasses": null, "Linetype": null, "EntityHandle": "9BB", "Text": null }, "geometry": { "type": "LineString", "coordinates": [ [ -73.990670090215232, 40.675945313976221, 0.0 ], [ -73.990671036386615, 40.675943434437947, 0.0 ] ] } },
{ "type": "Feature", "properties": { "Layer": "DRAWINGS$OUTLINE", "PaperSpace": null, "SubClasses": null, "Linetype": null, "EntityHandle": "9BC", "Text": null }, "geometry": { "type": "LineString", "coordinates": [ [ -73.990671036386615, 40.675943434437947, 0.0 ], [ -73.990672017623339, 40.675941565343841, 0.0 ] ] } },
{ "type": "Feature", "properties": { "Layer": "DRAWINGS$OUTLINE", "PaperSpace": null, "SubClasses": null, "Linetype": null, "EntityHandle": "9BD", "Text": null }, "geometry": { "type": "LineString", "coordinates": [ [ -73.990672017623339, 40.675941565343841, 0.0 ], [ -73.990673029916522, 40.675939705888446, 0.0 ] ] } },
{ "type": "Feature", "properties": { "Layer": "DRAWINGS$OUTLINE", "PaperSpace": null, "SubClasses": null, "Linetype": null, "EntityHandle": "9BE", "Text": null }, "geometry": { "type": "LineString", "coordinates": [ [ -73.990673029916522, 40.675939705888446, 0.0 ], [ -73.990674070012645, 40.6759378553133, 0.0 ] ] } },
{ "type": "Feature", "properties": { "Layer": "DRAWINGS$OUTLINE", "PaperSpace": null, "SubClasses": null, "Linetype": null, "EntityHandle": "9BF", "Text": null }, "geometry": { "type": "LineString", "coordinates": [ [ -73.990674070012645, 40.6759378553133, 0.0 ], [ -73.990675135169553, 40.675936013034949, 0.0 ] ] } },
{ "type": "Feature", "properties": { "Layer": "DRAWINGS$OUTLINE", "PaperSpace": null, "SubClasses": null, "Linetype": null, "EntityHandle": "9C0", "Text": null }, "geometry": { "type": "LineString", "coordinates": [ [ -73.990675135169553, 40.675936013034949, 0.0 ], [ -73.990676223114974, 40.675934178491033, 0.0 ] ] } },
{ "type": "Feature", "properties": { "Layer": "DRAWINGS$OUTLINE", "PaperSpace": null, "SubClasses": null, "Linetype": null, "EntityHandle": "9C1", "Text": null }, "geometry": { "type": "LineString", "coordinates": [ [ -73.990676223114974, 40.675934178491033, 0.0 ], [ -73.990677331920409, 40.675932351197815, 0.0 ] ] } },
{ "type": "Feature", "properties": { "Layer": "DRAWINGS$OUTLINE", "PaperSpace": null, "SubClasses": null, "Linetype": null, "EntityHandle": "9C2", "Text": null }, "geometry": { "type": "LineString", "coordinates": [ [ -73.990677331920409, 40.675932351197815, 0.0 ], [ -73.990678459943098, 40.67593053072644, 0.0 ] ] } },
{ "type": "Feature", "properties": { "Layer": "DRAWINGS$OUTLINE", "PaperSpace": null, "SubClasses": null, "Linetype": null, "EntityHandle": "9C3", "Text": null }, "geometry": { "type": "LineString", "coordinates": [ [ -73.990678459943098, 40.67593053072644, 0.0 ], [ -73.990679605769316, 40.675928716705322, 0.0 ] ] } },
{ "type": "Feature", "properties": { "Layer": "DRAWINGS$OUTLINE", "PaperSpace": null, "SubClasses": null, "Linetype": null, "EntityHandle": "9C4", "Text": null }, "geometry": { "type": "LineString", "coordinates": [ [ -73.990679605769316, 40.675928716705322, 0.0 ], [ -73.990680768171657, 40.675926908819413, 0.0 ] ] } },
{ "type": "Feature", "properties": { "Layer": "DRAWINGS$OUTLINE", "PaperSpace": null, "SubClasses": null, "Linetype": null, "EntityHandle": "9C5", "Text": null }, "geometry": { "type": "LineString", "coordinates": [ [ -73.990680768171657, 40.675926908819413, 0.0 ], [ -73.990681946087619, 40.675925106791205, 0.0 ] ] } },
{ "type": "Feature", "properties": { "Layer": "DRAWINGS$OUTLINE", "PaperSpace": null, "SubClasses": null, "Linetype": null, "EntityHandle": "9C6", "Text": null }, "geometry": { "type": "LineString", "coordinates": [ [ -73.990681946087619, 40.675925106791205, 0.0 ], [ -73.990683138633102, 40.675923310321735, 0.0 ] ] } },
{ "type": "Feature", "properties": { "Layer": "DRAWINGS$OUTLINE", "PaperSpace": null, "SubClasses": null, "Linetype": null, "EntityHandle": "9C7", "Text": null }, "geometry": { "type": "LineString", "coordinates": [ [ -73.990683138633102, 40.675923310321735, 0.0 ], [ -73.990684345003885, 40.675921519210604, 0.0 ] ] } },
{ "type": "Feature", "properties": { "Layer": "DRAWINGS$OUTLINE", "PaperSpace": null, "SubClasses": null, "Linetype": null, "EntityHandle": "9C8", "Text": null }, "geometry": { "type": "LineString", "coordinates": [ [ -73.990684345003885, 40.675921519210604, 0.0 ], [ -73.990685564518657, 40.675919733266774, 0.0 ] ] } },
{ "type": "Feature", "properties": { "Layer": "DRAWINGS$OUTLINE", "PaperSpace": null, "SubClasses": null, "Linetype": null, "EntityHandle": "9C9", "Text": null }, "geometry": { "type": "LineString", "coordinates": [ [ -73.990685564518657, 40.675919733266774, 0.0 ], [ -73.990686796595554, 40.675917952328831, 0.0 ] ] } },
{ "type": "Feature", "properties": { "Layer": "DRAWINGS$OUTLINE", "PaperSpace": null, "SubClasses": null, "Linetype": null, "EntityHandle": "9CA", "Text": null }, "geometry": { "type": "LineString", "coordinates": [ [ -73.990686796595554, 40.675917952328831, 0.0 ], [ -73.990688040750086, 40.67591617625942, 0.0 ] ] } },
{ "type": "Feature", "properties": { "Layer": "DRAWINGS$OUTLINE", "PaperSpace": null, "SubClasses": null, "Linetype": null, "EntityHandle": "9CB", "Text": null }, "geometry": { "type": "LineString", "coordinates": [ [ -73.990688040750086, 40.67591617625942, 0.0 ], [ -73.990689296575511, 40.675914404972005, 0.0 ] ] } },
{ "type": "Feature", "properties": { "Layer": "DRAWINGS$OUTLINE", "PaperSpace": null, "SubClasses": null, "Linetype": null, "EntityHandle": "9CC", "Text": null }, "geometry": { "type": "LineString", "coordinates": [ [ -73.990689296575511, 40.675914404972005, 0.0 ], [ -73.990690563794871, 40.675912638386393, 0.0 ] ] } },
{ "type": "Feature", "properties": { "Layer": "DRAWINGS$OUTLINE", "PaperSpace": null, "SubClasses": null, "Linetype": null, "EntityHandle": "9CD", "Text": null }, "geometry": { "type": "LineString", "coordinates": [ [ -73.990690563794871, 40.675912638386393, 0.0 ], [ -73.99069184198548, 40.675910876387434, 0.0 ] ] } },
{ "type": "Feature", "properties": { "Layer": "DRAWINGS$OUTLINE", "PaperSpace": null, "SubClasses": null, "Linetype": null, "EntityHandle": "9CE", "Text": null }, "geometry": { "type": "LineString", "coordinates": [ [ -73.99069184198548, 40.675910876387434, 0.0 ], [ -73.990693130713737, 40.67590911884384, 0.0 ] ] } },
{ "type": "Feature", "properties": { "Layer": "DRAWINGS$OUTLINE", "PaperSpace": null, "SubClasses": null, "Linetype": null, "EntityHandle": "9CF", "Text": null }, "geometry": { "type": "LineString", "coordinates": [ [ -73.990693130713737, 40.67590911884384, 0.0 ], [ -73.990694429638168, 40.675907365654439, 0.0 ] ] } },
{ "type": "Feature", "properties": { "Layer": "DRAWINGS$OUTLINE", "PaperSpace": null, "SubClasses": null, "Linetype": null, "EntityHandle": "9D0", "Text": null }, "geometry": { "type": "LineString", "coordinates": [ [ -73.990694429638168, 40.675907365654439, 0.0 ], [ -73.990695738491965, 40.675905616750931, 0.0 ] ] } },
{ "type": "Feature", "properties": { "Layer": "DRAWINGS$OUTLINE", "PaperSpace": null, "SubClasses": null, "Linetype": null, "EntityHandle": "9D1", "Text": null }, "geometry": { "type": "LineString", "coordinates": [ [ -73.990695738491965, 40.675905616750931, 0.0 ], [ -73.990697057083651, 40.675903872082074, 0.0 ] ] } },
{ "type": "Feature", "properties": { "Layer": "DRAWINGS$OUTLINE", "PaperSpace": null, "SubClasses": null, "Linetype": null, "EntityHandle": "9D2", "Text": null }, "geometry": { "type": "LineString", "coordinates": [ [ -73.990697057083651, 40.675903872082074, 0.0 ], [ -73.99069838526492, 40.675902131645117, 0.0 ] ] } },
{ "type": "Feature", "properties": { "Layer": "DRAWINGS$OUTLINE", "PaperSpace": null, "SubClasses": null, "Linetype": null, "EntityHandle": "9D3", "Text": null }, "geometry": { "type": "LineString", "coordinates": [ [ -73.99069838526492, 40.675902131645117, 0.0 ], [ -73.990699722952712, 40.675900395448551, 0.0 ] ] } },
{ "type": "Feature", "properties": { "Layer": "DRAWINGS$OUTLINE", "PaperSpace": null, "SubClasses": null, "Linetype": null, "EntityHandle": "9D4", "Text": null }, "geometry": { "type": "LineString", "coordinates": [ [ -73.990699722952712, 40.675900395448551, 0.0 ], [ -73.990701070136097, 40.675898663499247, 0.0 ] ] } },
{ "type": "Feature", "properties": { "Layer": "DRAWINGS$OUTLINE", "PaperSpace": null, "SubClasses": null, "Linetype": null, "EntityHandle": "9D5", "Text": null }, "geometry": { "type": "LineString", "coordinates": [ [ -73.990701070136097, 40.675898663499247, 0.0 ], [ -73.990702426831433, 40.675896935857665, 0.0 ] ] } },
{ "type": "Feature", "properties": { "Layer": "DRAWINGS$OUTLINE", "PaperSpace": null, "SubClasses": null, "Linetype": null, "EntityHandle": "9D6", "Text": null }, "geometry": { "type": "LineString", "coordinates": [ [ -73.990702426831433, 40.675896935857665, 0.0 ], [ -73.990703793122222, 40.675895212586298, 0.0 ] ] } },
{ "type": "Feature", "properties": { "Layer": "DRAWINGS$OUTLINE", "PaperSpace": null, "SubClasses": null, "Linetype": null, "EntityHandle": "9D7", "Text": null }, "geometry": { "type": "LineString", "coordinates": [ [ -73.990703793122222, 40.675895212586298, 0.0 ], [ -73.990705169110811, 40.675893493812211, 0.0 ] ] } },
{ "type": "Feature", "properties": { "Layer": "DRAWINGS$OUTLINE", "PaperSpace": null, "SubClasses": null, "Linetype": null, "EntityHandle": "9D8", "Text": null }, "geometry": { "type": "LineString", "coordinates": [ [ -73.990705169110811, 40.675893493812211, 0.0 ], [ -73.990706554984229, 40.675891779647905, 0.0 ] ] } },
{ "type": "Feature", "properties": { "Layer": "DRAWINGS$OUTLINE", "PaperSpace": null, "SubClasses": null, "Linetype": null, "EntityHandle": "9D9", "Text": null }, "geometry": { "type": "LineString", "coordinates": [ [ -73.990706554984229, 40.675891779647905, 0.0 ], [ -73.990707950973686, 40.675890070248407, 0.0 ] ] } },
{ "type": "Feature", "properties": { "Layer": "DRAWINGS$OUTLINE", "PaperSpace": null, "SubClasses": null, "Linetype": null, "EntityHandle": "9DA", "Text": null }, "geometry": { "type": "LineString", "coordinates": [ [ -73.990707950973686, 40.675890070248407, 0.0 ], [ -73.990709357369582, 40.675888365800716, 0.0 ] ] } },
{ "type": "Feature", "properties": { "Layer": "DRAWINGS$OUTLINE", "PaperSpace": null, "SubClasses": null, "Linetype": null, "EntityHandle": "9DB", "Text": null }, "geometry": { "type": "LineString", "coordinates": [ [ -73.990709357369582, 40.675888365800716, 0.0 ], [ -73.990710774527344, 40.675886666528051, 0.0 ] ] } },
{ "type": "Feature", "properties": { "Layer": "DRAWINGS$OUTLINE", "PaperSpace": null, "SubClasses": null, "Linetype": null, "EntityHandle": "9DC", "Text": null }, "geometry": { "type": "LineString", "coordinates": [ [ -73.990710774527344, 40.675886666528051, 0.0 ], [ -73.990712202874874, 40.675884972695052, 0.0 ] ] } },
{ "type": "Feature", "properties": { "Layer": "DRAWINGS$OUTLINE", "PaperSpace": null, "SubClasses": null, "Linetype": null, "EntityHandle": "9DD", "Text": null }, "geometry": { "type": "LineString", "coordinates": [ [ -73.990712202874874, 40.675884972695052, 0.0 ], [ -73.990713642928498, 40.675883284607828, 0.0 ] ] } },
{ "type": "Feature", "properties": { "Layer": "DRAWINGS$OUTLINE", "PaperSpace": null, "SubClasses": null, "Linetype": null, "EntityHandle": "9DE", "Text": null }, "geometry": { "type": "LineString", "coordinates": [ [ -73.990713642928498, 40.675883284607828, 0.0 ], [ -73.990715095282496, 40.675881602649824, 0.0 ] ] } },
{ "type": "Feature", "properties": { "Layer": "DRAWINGS$OUTLINE", "PaperSpace": null, "SubClasses": null, "Linetype": null, "EntityHandle": "9DF", "Text": null }, "geometry": { "type": "LineString", "coordinates": [ [ -73.990715095282496, 40.675881602649824, 0.0 ], [ -73.990716560659877, 40.675879927253078, 0.0 ] ] } },
{ "type": "Feature", "properties": { "Layer": "DRAWINGS$OUTLINE", "PaperSpace": null, "SubClasses": null, "Linetype": null, "EntityHandle": "9E0", "Text": null }, "geometry": { "type": "LineString", "coordinates": [ [ -73.990716560659877, 40.675879927253078, 0.0 ], [ -73.990718040082172, 40.675878259038711, 0.0 ] ] } },
{ "type": "Feature", "properties": { "Layer": "DRAWINGS$OUTLINE", "PaperSpace": null, "SubClasses": null, "Linetype": null, "EntityHandle": "9E1", "Text": null }, "geometry": { "type": "LineString", "coordinates": [ [ -73.990718040082172, 40.675878259038711, 0.0 ], [ -73.99071953792766, 40.675876600390595, 0.0 ] ] } },
{ "type": "Feature", "properties": { "Layer": "DRAWINGS$OUTLINE", "PaperSpace": null, "SubClasses": null, "Linetype": null, "EntityHandle": "9E2", "Text": null }, "geometry": { "type": "LineString", "coordinates": [ [ -73.99071953792766, 40.675876600390595, 0.0 ], [ -73.990721060910488, 40.675874955058767, 0.0 ] ] } },
{ "type": "Feature", "properties": { "Layer": "DRAWINGS$OUTLINE", "PaperSpace": null, "SubClasses": null, "Linetype": null, "EntityHandle": "9E3", "Text": null }, "geometry": { "type": "LineString", "coordinates": [ [ -73.990721060910488, 40.675874955058767, 0.0 ], [ -73.990722615913882, 40.675873327169526, 0.0 ] ] } },
{ "type": "Feature", "properties": { "Layer": "DRAWINGS$OUTLINE", "PaperSpace": null, "SubClasses": null, "Linetype": null, "EntityHandle": "9E4", "Text": null }, "geometry": { "type": "LineString", "coordinates": [ [ -73.990722615913882, 40.675873327169526, 0.0 ], [ -73.990724210385295, 40.675871721595435, 0.0 ] ] } },
{ "type": "Feature", "properties": { "Layer": "DRAWINGS$OUTLINE", "PaperSpace": null, "SubClasses": null, "Linetype": null, "EntityHandle": "9E5", "Text": null }, "geometry": { "type": "LineString", "coordinates": [ [ -73.990724210385295, 40.675871721595435, 0.0 ], [ -73.990725852874021, 40.675870144361774, 0.0 ] ] } },
{ "type": "Feature", "properties": { "Layer": "DRAWINGS$OUTLINE", "PaperSpace": null, "SubClasses": null, "Linetype": null, "EntityHandle": "9E6", "Text": null }, "geometry": { "type": "LineString", "coordinates": [ [ -73.990725852874021, 40.675870144361774, 0.0 ], [ -73.990727553554208, 40.675868603323089, 0.0 ] ] } },
{ "type": "Feature", "properties": { "Layer": "DRAWINGS$OUTLINE", "PaperSpace": null, "SubClasses": null, "Linetype": null, "EntityHandle": "9E7", "Text": null }, "geometry": { "type": "LineString", "coordinates": [ [ -73.990727553554208, 40.675868603323089, 0.0 ], [ -73.990729322584059, 40.675867107585667, 0.0 ] ] } },
{ "type": "Feature", "properties": { "Layer": "DRAWINGS$OUTLINE", "PaperSpace": null, "SubClasses": null, "Linetype": null, "EntityHandle": "9E8", "Text": null }, "geometry": { "type": "LineString", "coordinates": [ [ -73.990729322584059, 40.675867107585667, 0.0 ], [ -73.990731169383238, 40.675865667437506, 0.0 ] ] } },
{ "type": "Feature", "properties": { "Layer": "DRAWINGS$OUTLINE", "PaperSpace": null, "SubClasses": null, "Linetype": null, "EntityHandle": "9E9", "Text": null }, "geometry": { "type": "LineString", "coordinates": [ [ -73.990731169383238, 40.675865667437506, 0.0 ], [ -73.990733102128573, 40.675864294292751, 0.0 ] ] } },
{ "type": "Feature", "properties": { "Layer": "DRAWINGS$OUTLINE", "PaperSpace": null, "SubClasses": null, "Linetype": null, "EntityHandle": "9EA", "Text": null }, "geometry": { "type": "LineString", "coordinates": [ [ -73.990733102128573, 40.675864294292751, 0.0 ], [ -73.990735126118338, 40.675862999650313, 0.0 ] ] } },
{ "type": "Feature", "properties": { "Layer": "DRAWINGS$OUTLINE", "PaperSpace": null, "SubClasses": null, "Linetype": null, "EntityHandle": "9EB", "Text": null }, "geometry": { "type": "LineString", "coordinates": [ [ -73.990735126118338, 40.675862999650313, 0.0 ], [ -73.990737242988288, 40.675861794237498, 0.0 ] ] } },
{ "type": "Feature", "properties": { "Layer": "DRAWINGS$OUTLINE", "PaperSpace": null, "SubClasses": null, "Linetype": null, "EntityHandle": "9EC", "Text": null }, "geometry": { "type": "LineString", "coordinates": [ [ -73.990737242988288, 40.675861794237498, 0.0 ], [ -73.990739450398607, 40.675860687008452, 0.0 ] ] } },
{ "type": "Feature", "properties": { "Layer": "DRAWINGS$OUTLINE", "PaperSpace": null, "SubClasses": null, "Linetype": null, "EntityHandle": "9ED", "Text": null }, "geometry": { "type": "LineString", "coordinates": [ [ -73.990739450398607, 40.675860687008452, 0.0 ], [ -73.990741742335004, 40.675859684239448, 0.0 ] ] } },
{ "type": "Feature", "properties": { "Layer": "DRAWINGS$OUTLINE", "PaperSpace": null, "SubClasses": null, "Linetype": null, "EntityHandle": "9EE", "Text": null }, "geometry": { "type": "LineString", "coordinates": [ [ -73.990741742335004, 40.675859684239448, 0.0 ], [ -73.990744109187332, 40.675858787966931, 0.0 ] ] } },
{ "type": "Feature", "properties": { "Layer": "DRAWINGS$OUTLINE", "PaperSpace": null, "SubClasses": null, "Linetype": null, "EntityHandle": "9EF", "Text": null }, "geometry": { "type": "LineString", "coordinates": [ [ -73.990744109187332, 40.675858787966931, 0.0 ], [ -73.990746539294108, 40.675857995781335, 0.0 ] ] } },
{ "type": "Feature", "properties": { "Layer": "DRAWINGS$OUTLINE", "PaperSpace": null, "SubClasses": null, "Linetype": null, "EntityHandle": "9F0", "Text": null }, "geometry": { "type": "LineString", "coordinates": [ [ -73.990746539294108, 40.675857995781335, 0.0 ], [ -73.990749021194617, 40.675857302795514, 0.0 ] ] } },
{ "type": "Feature", "properties": { "Layer": "DRAWINGS$OUTLINE", "PaperSpace": null, "SubClasses": null, "Linetype": null, "EntityHandle": "9F1", "Text": null }, "geometry": { "type": "LineString", "coordinates": [ [ -73.990749021194617, 40.675857302795514, 0.0 ], [ -73.990751544347447, 40.675856702212755, 0.0 ] ] } },
{ "type": "Feature", "properties": { "Layer": "DRAWINGS$OUTLINE", "PaperSpace": null, "SubClasses": null, "Linetype": null, "EntityHandle": "9F2", "Text": null }, "geometry": { "type": "LineString", "coordinates": [ [ -73.990751544347447, 40.675856702212755, 0.0 ], [ -73.990754099522036, 40.675856185870153, 0.0 ] ] } },
{ "type": "Feature", "properties": { "Layer": "DRAWINGS$OUTLINE", "PaperSpace": null, "SubClasses": null, "Linetype": null, "EntityHandle": "9F3", "Text": null }, "geometry": { "type": "LineString", "coordinates": [ [ -73.990754099522036, 40.675856185870153, 0.0 ], [ -73.990756678940826, 40.67585574476108, 0.0 ] ] } },
{ "type": "Feature", "properties": { "Layer": "DRAWINGS$OUTLINE", "PaperSpace": null, "SubClasses": null, "Linetype": null, "EntityHandle": "9F4", "Text": null }, "geometry": { "type": "LineString", "coordinates": [ [ -73.990756678940826, 40.67585574476108, 0.0 ], [ -73.99075927645093, 40.675855370095725, 0.0 ] ] } },
{ "type": "Feature", "properties": { "Layer": "DRAWINGS$OUTLINE", "PaperSpace": null, "SubClasses": null, "Linetype": null, "EntityHandle": "9F5", "Text": null }, "geometry": { "type": "LineString", "coordinates": [ [ -73.99075927645093, 40.675855370095725, 0.0 ], [ -73.990761887403394, 40.675855054043012, 0.0 ] ] } },
{ "type": "Feature", "properties": { "Layer": "DRAWINGS$OUTLINE", "PaperSpace": null, "SubClasses": null, "Linetype": null, "EntityHandle": "9F6", "Text": null }, "geometry": { "type": "LineString", "coordinates": [ [ -73.990761887403394, 40.675855054043012, 0.0 ], [ -73.990764508211853, 40.675854789323409, 0.0 ] ] } },
{ "type": "Feature", "properties": { "Layer": "DRAWINGS$OUTLINE", "PaperSpace": null, "SubClasses": null, "Linetype": null, "EntityHandle": "9F7", "Text": null }, "geometry": { "type": "LineString", "coordinates": [ [ -73.990764508211853, 40.675854789323409, 0.0 ], [ -73.990767136207381, 40.675854569693904, 0.0 ] ] } },
{ "type": "Feature", "properties": { "Layer": "DRAWINGS$OUTLINE", "PaperSpace": null, "SubClasses": null, "Linetype": null, "EntityHandle": "9F8", "Text": null }, "geometry": { "type": "LineString", "coordinates": [ [ -73.990767136207381, 40.675854569693904, 0.0 ], [ -73.990769769419273, 40.675854389717692, 0.0 ] ] } },
{ "type": "Feature", "properties": { "Layer": "DRAWINGS$OUTLINE", "PaperSpace": null, "SubClasses": null, "Linetype": null, "EntityHandle": "9F9", "Text": null }, "geometry": { "type": "LineString", "coordinates": [ [ -73.990769769419273, 40.675854389717692, 0.0 ], [ -73.990772406360634, 40.675854244570168, 0.0 ] ] } },
{ "type": "Feature", "properties": { "Layer": "DRAWINGS$OUTLINE", "PaperSpace": null, "SubClasses": null, "Linetype": null, "EntityHandle": "9FA", "Text": null }, "geometry": { "type": "LineString", "coordinates": [ [ -73.990772406360634, 40.675854244570168, 0.0 ], [ -73.990775045839356, 40.675854129889274, 0.0 ] ] } },
{ "type": "Feature", "properties": { "Layer": "DRAWINGS$OUTLINE", "PaperSpace": null, "SubClasses": null, "Linetype": null, "EntityHandle": "9FB", "Text": null }, "geometry": { "type": "LineString", "coordinates": [ [ -73.990775045839356, 40.675854129889274, 0.0 ], [ -73.990777687126112, 40.675854042029897, 0.0 ] ] } },
{ "type": "Feature", "properties": { "Layer": "DRAWINGS$OUTLINE", "PaperSpace": null, "SubClasses": null, "Linetype": null, "EntityHandle": "9FC", "Text": null }, "geometry": { "type": "LineString", "coordinates": [ [ -73.990777687126112, 40.675854042029897, 0.0 ], [ -73.990780329602742, 40.675853977840525, 0.0 ] ] } },
{ "type": "Feature", "properties": { "Layer": "DRAWINGS$OUTLINE", "PaperSpace": null, "SubClasses": null, "Linetype": null, "EntityHandle": "9FD", "Text": null }, "geometry": { "type": "LineString", "coordinates": [ [ -73.990780329602742, 40.675853977840525, 0.0 ], [ -73.990782972811573, 40.675853934596077, 0.0 ] ] } },
{ "type": "Feature", "properties": { "Layer": "DRAWINGS$OUTLINE", "PaperSpace": null, "SubClasses": null, "Linetype": null, "EntityHandle": "9FE", "Text": null }, "geometry": { "type": "LineString", "coordinates": [ [ -73.990782972811573, 40.675853934596077, 0.0 ], [ -73.990785616440917, 40.675853909951975, 0.0 ] ] } },
{ "type": "Feature", "properties": { "Layer": "DRAWINGS$OUTLINE", "PaperSpace": null, "SubClasses": null, "Linetype": null, "EntityHandle": "9FF", "Text": null }, "geometry": { "type": "LineString", "coordinates": [ [ -73.990785616440917, 40.675853909951975, 0.0 ], [ -73.990788260263258, 40.675853901849905, 0.0 ] ] } },
{ "type": "Feature", "properties": { "Layer": "DRAWINGS$OUTLINE", "PaperSpace": null, "SubClasses": null, "Linetype": null, "EntityHandle": "A00", "Text": null }, "geometry": { "type": "LineString", "coordinates": [ [ -73.990788260263258, 40.675853901849905, 0.0 ], [ -73.990790904042029, 40.675853908441972, 0.0 ] ] } },
{ "type": "Feature", "properties": { "Layer": "DRAWINGS$OUTLINE", "PaperSpace": null, "SubClasses": null, "Linetype": null, "EntityHandle": "A01", "Text": null }, "geometry": { "type": "LineString", "coordinates": [ [ -73.990790904042029, 40.675853908441972, 0.0 ], [ -73.990793547740807, 40.67585392812201, 0.0 ] ] } },
{ "type": "Feature", "properties": { "Layer": "DRAWINGS$OUTLINE", "PaperSpace": null, "SubClasses": null, "Linetype": null, "EntityHandle": "A02", "Text": null }, "geometry": { "type": "LineString", "coordinates": [ [ -73.990793547740807, 40.67585392812201, 0.0 ], [ -73.990796191227517, 40.675853959592338, 0.0 ] ] } },
{ "type": "Feature", "properties": { "Layer": "DRAWINGS$OUTLINE", "PaperSpace": null, "SubClasses": null, "Linetype": null, "EntityHandle": "A03", "Text": null }, "geometry": { "type": "LineString", "coordinates": [ [ -73.990796191227517, 40.675853959592338, 0.0 ], [ -73.990798834466943, 40.675854001764179, 0.0 ] ] } },
{ "type": "Feature", "properties": { "Layer": "DRAWINGS$OUTLINE", "PaperSpace": null, "SubClasses": null, "Linetype": null, "EntityHandle": "A04", "Text": null }, "geometry": { "type": "LineString", "coordinates": [ [ -73.990798834466943, 40.675854001764179, 0.0 ], [ -73.990801477413072, 40.675854053709813, 0.0 ] ] } },
{ "type": "Feature", "properties": { "Layer": "DRAWINGS$OUTLINE", "PaperSpace": null, "SubClasses": null, "Linetype": null, "EntityHandle": "A05", "Text": null }, "geometry": { "type": "LineString", "coordinates": [ [ -73.990801477413072, 40.675854053709813, 0.0 ], [ -73.990804120047329, 40.675854114631797, 0.0 ] ] } },
{ "type": "Feature", "properties": { "Layer": "DRAWINGS$OUTLINE", "PaperSpace": null, "SubClasses": null, "Linetype": null, "EntityHandle": "A06", "Text": null }, "geometry": { "type": "LineString", "coordinates": [ [ -73.990804120047329, 40.675854114631797, 0.0 ], [ -73.990806762295918, 40.675854183837089, 0.0 ] ] } },
{ "type": "Feature", "properties": { "Layer": "DRAWINGS$OUTLINE", "PaperSpace": null, "SubClasses": null, "Linetype": null, "EntityHandle": "A07", "Text": null }, "geometry": { "type": "LineString", "coordinates": [ [ -73.990806762295918, 40.675854183837089, 0.0 ], [ -73.990809404189861, 40.675854260722609, 0.0 ] ] } },
{ "type": "Feature", "properties": { "Layer": "DRAWINGS$OUTLINE", "PaperSpace": null, "SubClasses": null, "Linetype": null, "EntityHandle": "A08", "Text": null }, "geometry": { "type": "LineString", "coordinates": [ [ -73.990809404189861, 40.675854260722609, 0.0 ], [ -73.990812045712232, 40.675854344756964, 0.0 ] ] } },
{ "type": "Feature", "properties": { "Layer": "DRAWINGS$OUTLINE", "PaperSpace": null, "SubClasses": null, "Linetype": null, "EntityHandle": "A09", "Text": null }, "geometry": { "type": "LineString", "coordinates": [ [ -73.990812045712232, 40.675854344756964, 0.0 ], [ -73.99081468683994, 40.675854435469745, 0.0 ] ] } },
{ "type": "Feature", "properties": { "Layer": "DRAWINGS$OUTLINE", "PaperSpace": null, "SubClasses": null, "Linetype": null, "EntityHandle": "A0A", "Text": null }, "geometry": { "type": "LineString", "coordinates": [ [ -73.99081468683994, 40.675854435469745, 0.0 ], [ -73.990817327641977, 40.675854532445776, 0.0 ] ] } },
{ "type": "Feature", "properties": { "Layer": "DRAWINGS$OUTLINE", "PaperSpace": null, "SubClasses": null, "Linetype": null, "EntityHandle": "A0B", "Text": null }, "geometry": { "type": "LineString", "coordinates": [ [ -73.990817327641977, 40.675854532445776, 0.0 ], [ -73.990819968013838, 40.675854635308021, 0.0 ] ] } },
{ "type": "Feature", "properties": { "Layer": "DRAWINGS$OUTLINE", "PaperSpace": null, "SubClasses": null, "Linetype": null, "EntityHandle": "A0C", "Text": null }, "geometry": { "type": "LineString", "coordinates": [ [ -73.990819968013838, 40.675854635308021, 0.0 ], [ -73.990822608004223, 40.675854743723271, 0.0 ] ] } },
{ "type": "Feature", "properties": { "Layer": "DRAWINGS$OUTLINE", "PaperSpace": null, "SubClasses": null, "Linetype": null, "EntityHandle": "A0D", "Text": null }, "geometry": { "type": "LineString", "coordinates": [ [ -73.990822608004223, 40.675854743723271, 0.0 ], [ -73.990825247614197, 40.675854857389723, 0.0 ] ] } },
{ "type": "Feature", "properties": { "Layer": "DRAWINGS$OUTLINE", "PaperSpace": null, "SubClasses": null, "Linetype": null, "EntityHandle": "A0E", "Text": null }, "geometry": { "type": "LineString", "coordinates": [ [ -73.990825247614197, 40.675854857389723, 0.0 ], [ -73.99082788683647, 40.675854976034074, 0.0 ] ] } },
{ "type": "Feature", "properties": { "Layer": "DRAWINGS$OUTLINE", "PaperSpace": null, "SubClasses": null, "Linetype": null, "EntityHandle": "A0F", "Text": null }, "geometry": { "type": "LineString", "coordinates": [ [ -73.99082788683647, 40.675854976034074, 0.0 ], [ -73.990830525693411, 40.675855099409787, 0.0 ] ] } },
{ "type": "Feature", "properties": { "Layer": "DRAWINGS$OUTLINE", "PaperSpace": null, "SubClasses": null, "Linetype": null, "EntityHandle": "A10", "Text": null }, "geometry": { "type": "LineString", "coordinates": [ [ -73.990830525693411, 40.675855099409787, 0.0 ], [ -73.990833164181424, 40.675855227291429, 0.0 ] ] } },
{ "type": "Feature", "properties": { "Layer": "DRAWINGS$OUTLINE", "PaperSpace": null, "SubClasses": null, "Linetype": null, "EntityHandle": "A11", "Text": null }, "geometry": { "type": "LineString", "coordinates": [ [ -73.990833164181424, 40.675855227291429, 0.0 ], [ -73.990835802324, 40.675855359474745, 0.0 ] ] } },
{ "type": "Feature", "properties": { "Layer": "DRAWINGS$OUTLINE", "PaperSpace": null, "SubClasses": null, "Linetype": null, "EntityHandle": "A12", "Text": null }, "geometry": { "type": "LineString", "coordinates": [ [ -73.990835802324, 40.675855359474745, 0.0 ], [ -73.990838440100674, 40.675855495770961, 0.0 ] ] } },
{ "type": "Feature", "properties": { "Layer": "DRAWINGS$OUTLINE", "PaperSpace": null, "SubClasses": null, "Linetype": null, "EntityHandle": "A13", "Text": null }, "geometry": { "type": "LineString", "coordinates": [ [ -73.990838440100674, 40.675855495770961, 0.0 ], [ -73.99084107750565, 40.675855636007718, 0.0 ] ] } },
{ "type": "Feature", "properties": { "Layer": "DRAWINGS$OUTLINE", "PaperSpace": null, "SubClasses": null, "Linetype": null, "EntityHandle": "A14", "Text": null }, "geometry": { "type": "LineString", "coordinates": [ [ -73.99084107750565, 40.675855636007718, 0.0 ], [ -73.990843714558878, 40.675855780028229, 0.0 ] ] } },
{ "type": "Feature", "properties": { "Layer": "DRAWINGS$OUTLINE", "PaperSpace": null, "SubClasses": null, "Linetype": null, "EntityHandle": "A15", "Text": null }, "geometry": { "type": "LineString", "coordinates": [ [ -73.990843714558878, 40.675855780028229, 0.0 ], [ -73.990846351264935, 40.675855927687813, 0.0 ] ] } },
{ "type": "Feature", "properties": { "Layer": "DRAWINGS$OUTLINE", "PaperSpace": null, "SubClasses": null, "Linetype": null, "EntityHandle": "A16", "Text": null }, "geometry": { "type": "LineString", "coordinates": [ [ -73.990846351264935, 40.675855927687813, 0.0 ], [ -73.990848987628269, 40.675856078853471, 0.0 ] ] } },
{ "type": "Feature", "properties": { "Layer": "DRAWINGS$OUTLINE", "PaperSpace": null, "SubClasses": null, "Linetype": null, "EntityHandle": "A17", "Text": null }, "geometry": { "type": "LineString", "coordinates": [ [ -73.990848987628269, 40.675856078853471, 0.0 ], [ -73.990851623653143, 40.675856233402854, 0.0 ] ] } },
{ "type": "Feature", "properties": { "Layer": "DRAWINGS$OUTLINE", "PaperSpace": null, "SubClasses": null, "Linetype": null, "EntityHandle": "A18", "Text": null }, "geometry": { "type": "LineString", "coordinates": [ [ -73.990851623653143, 40.675856233402854, 0.0 ], [ -73.990854259360759, 40.675856391224421, 0.0 ] ] } },
{ "type": "Feature", "properties": { "Layer": "DRAWINGS$OUTLINE", "PaperSpace": null, "SubClasses": null, "Linetype": null, "EntityHandle": "A19", "Text": null }, "geometry": { "type": "LineString", "coordinates": [ [ -73.990854259360759, 40.675856391224421, 0.0 ], [ -73.990856894684867, 40.675856552210462, 0.0 ] ] } },
{ "type": "Feature", "properties": { "Layer": "DRAWINGS$OUTLINE", "PaperSpace": null, "SubClasses": null, "Linetype": null, "EntityHandle": "A1A", "Text": null }, "geometry": { "type": "LineString", "coordinates": [ [ -73.990856894684867, 40.675856552210462, 0.0 ], [ -73.990859529719103, 40.675856716271362, 0.0 ] ] } },
{ "type": "Feature", "properties": { "Layer": "DRAWINGS$OUTLINE", "PaperSpace": null, "SubClasses": null, "Linetype": null, "EntityHandle": "A1B", "Text": null }, "geometry": { "type": "LineString", "coordinates": [ [ -73.990859529719103, 40.675856716271362, 0.0 ], [ -73.990862164429998, 40.675856883317707, 0.0 ] ] } },
{ "type": "Feature", "properties": { "Layer": "DRAWINGS$OUTLINE", "PaperSpace": null, "SubClasses": null, "Linetype": null, "EntityHandle": "A1C", "Text": null }, "geometry": { "type": "LineString", "coordinates": [ [ -73.990862164429998, 40.675856883317707, 0.0 ], [ -73.990864798820496, 40.675857053269773, 0.0 ] ] } },
{ "type": "Feature", "properties": { "Layer": "DRAWINGS$OUTLINE", "PaperSpace": null, "SubClasses": null, "Linetype": null, "EntityHandle": "A1D", "Text": null }, "geometry": { "type": "LineString", "coordinates": [ [ -73.990864798820496, 40.675857053269773, 0.0 ], [ -73.990867432893211, 40.675857226055001, 0.0 ] ] } },
{ "type": "Feature", "properties": { "Layer": "DRAWINGS$OUTLINE", "PaperSpace": null, "SubClasses": null, "Linetype": null, "EntityHandle": "A1E", "Text": null }, "geometry": { "type": "LineString", "coordinates": [ [ -73.990867432893211, 40.675857226055001, 0.0 ], [ -73.990870066650288, 40.675857401607523, 0.0 ] ] } },
{ "type": "Feature", "properties": { "Layer": "DRAWINGS$OUTLINE", "PaperSpace": null, "SubClasses": null, "Linetype": null, "EntityHandle": "A1F", "Text": null }, "geometry": { "type": "LineString", "coordinates": [ [ -73.990870066650288, 40.675857401607523, 0.0 ], [ -73.990872700093377, 40.675857579868364, 0.0 ] ] } },
{ "type": "Feature", "properties": { "Layer": "DRAWINGS$OUTLINE", "PaperSpace": null, "SubClasses": null, "Linetype": null, "EntityHandle": "A20", "Text": null }, "geometry": { "type": "LineString", "coordinates": [ [ -73.990872700093377, 40.675857579868364, 0.0 ], [ -73.990875333223556, 40.675857760785085, 0.0 ] ] } },
{ "type": "Feature", "properties": { "Layer": "DRAWINGS$OUTLINE", "PaperSpace": null, "SubClasses": null, "Linetype": null, "EntityHandle": "A21", "Text": null }, "geometry": { "type": "LineString", "coordinates": [ [ -73.990875333223556, 40.675857760785085, 0.0 ], [ -73.990877966041111, 40.6758579443119, 0.0 ] ] } },
{ "type": "Feature", "properties": { "Layer": "DRAWINGS$OUTLINE", "PaperSpace": null, "SubClasses": null, "Linetype": null, "EntityHandle": "A22", "Text": null }, "geometry": { "type": "LineString", "coordinates": [ [ -73.990877966041111, 40.6758579443119, 0.0 ], [ -73.99088059853446, 40.675858130420046, 0.0 ] ] } },
{ "type": "Feature", "properties": { "Layer": "DRAWINGS$OUTLINE", "PaperSpace": null, "SubClasses": null, "Linetype": null, "EntityHandle": "A23", "Text": null }, "geometry": { "type": "LineString", "coordinates": [ [ -73.99088059853446, 40.675858130420046, 0.0 ], [ -73.990883230726055, 40.675858319074628, 0.0 ] ] } },
{ "type": "Feature", "properties": { "Layer": "DRAWINGS$OUTLINE", "PaperSpace": null, "SubClasses": null, "Linetype": null, "EntityHandle": "A24", "Text": null }, "geometry": { "type": "LineString", "coordinates": [ [ -73.990883230726055, 40.675858319074628, 0.0 ], [ -73.990885862609431, 40.675858510209487, 0.0 ] ] } },
{ "type": "Feature", "properties": { "Layer": "DRAWINGS$OUTLINE", "PaperSpace": null, "SubClasses": null, "Linetype": null, "EntityHandle": "A25", "Text": null }, "geometry": { "type": "LineString", "coordinates": [ [ -73.990885862609431, 40.675858510209487, 0.0 ], [ -73.990888494171074, 40.675858703765712, 0.0 ] ] } },
{ "type": "Feature", "properties": { "Layer": "DRAWINGS$OUTLINE", "PaperSpace": null, "SubClasses": null, "Linetype": null, "EntityHandle": "A26", "Text": null }, "geometry": { "type": "LineString", "coordinates": [ [ -73.990888494171074, 40.675858703765712, 0.0 ], [ -73.990891125438125, 40.675858899695029, 0.0 ] ] } },
{ "type": "Feature", "properties": { "Layer": "DRAWINGS$OUTLINE", "PaperSpace": null, "SubClasses": null, "Linetype": null, "EntityHandle": "A27", "Text": null }, "geometry": { "type": "LineString", "coordinates": [ [ -73.990891125438125, 40.675858899695029, 0.0 ], [ -73.990893756408667, 40.675859097953989, 0.0 ] ] } },
{ "type": "Feature", "properties": { "Layer": "DRAWINGS$OUTLINE", "PaperSpace": null, "SubClasses": null, "Linetype": null, "EntityHandle": "A28", "Text": null }, "geometry": { "type": "LineString", "coordinates": [ [ -73.990893756408667, 40.675859097953989, 0.0 ], [ -73.990896387081634, 40.675859298505571, 0.0 ] ] } },
{ "type": "Feature", "properties": { "Layer": "DRAWINGS$OUTLINE", "PaperSpace": null, "SubClasses": null, "Linetype": null, "EntityHandle": "A29", "Text": null }, "geometry": { "type": "LineString", "coordinates": [ [ -73.990896387081634, 40.675859298505571, 0.0 ], [ -73.9908990174564, 40.675859501318691, 0.0 ] ] } },
{ "type": "Feature", "properties": { "Layer": "DRAWINGS$OUTLINE", "PaperSpace": null, "SubClasses": null, "Linetype": null, "EntityHandle": "A2A", "Text": null }, "geometry": { "type": "LineString", "coordinates": [ [ -73.9908990174564, 40.675859501318691, 0.0 ], [ -73.990901647512032, 40.675859706366197, 0.0 ] ] } },
{ "type": "Feature", "properties": { "Layer": "DRAWINGS$OUTLINE", "PaperSpace": null, "SubClasses": null, "Linetype": null, "EntityHandle": "A2B", "Text": null }, "geometry": { "type": "LineString", "coordinates": [ [ -73.990901647512032, 40.675859706366197, 0.0 ], [ -73.990904277286987, 40.675859913630653, 0.0 ] ] } },
{ "type": "Feature", "properties": { "Layer": "DRAWINGS$OUTLINE", "PaperSpace": null, "SubClasses": null, "Linetype": null, "EntityHandle": "A2C", "Text": null }, "geometry": { "type": "LineString", "coordinates": [ [ -73.990904277286987, 40.675859913630653, 0.0 ], [ -73.990906906814274, 40.67586012309939, 0.0 ] ] } },
{ "type": "Feature", "properties": { "Layer": "DRAWINGS$OUTLINE", "PaperSpace": null, "SubClasses": null, "Linetype": null, "EntityHandle": "A2D", "Text": null }, "geometry": { "type": "LineString", "coordinates": [ [ -73.990906906814274, 40.67586012309939, 0.0 ], [ -73.990909535964775, 40.675860334751313, 0.0 ] ] } },
{ "type": "Feature", "properties": { "Layer": "DRAWINGS$OUTLINE", "PaperSpace": null, "SubClasses": null, "Linetype": null, "EntityHandle": "A2E", "Text": null }, "geometry": { "type": "LineString", "coordinates": [ [ -73.990909535964775, 40.675860334751313, 0.0 ], [ -73.990912164832039, 40.675860548587671, 0.0 ] ] } },
{ "type": "Feature", "properties": { "Layer": "DRAWINGS$OUTLINE", "PaperSpace": null, "SubClasses": null, "Linetype": null, "EntityHandle": "A2F", "Text": null }, "geometry": { "type": "LineString", "coordinates": [ [ -73.990912164832039, 40.675860548587671, 0.0 ], [ -73.990914793392321, 40.675860764604835, 0.0 ] ] } },
{ "type": "Feature", "properties": { "Layer": "DRAWINGS$OUTLINE", "PaperSpace": null, "SubClasses": null, "Linetype": null, "EntityHandle": "A30", "Text": null }, "geometry": { "type": "LineString", "coordinates": [ [ -73.990914793392321, 40.675860764604835, 0.0 ], [ -73.990917421640276, 40.675860982804842, 0.0 ] ] } },
{ "type": "Feature", "properties": { "Layer": "DRAWINGS$OUTLINE", "PaperSpace": null, "SubClasses": null, "Linetype": null, "EntityHandle": "A31", "Text": null }, "geometry": { "type": "LineString", "coordinates": [ [ -73.990917421640276, 40.675860982804842, 0.0 ], [ -73.990920049573361, 40.675861203194337, 0.0 ] ] } },
{ "type": "Feature", "properties": { "Layer": "DRAWINGS$OUTLINE", "PaperSpace": null, "SubClasses": null, "Linetype": null, "EntityHandle": "A32", "Text": null }, "geometry": { "type": "LineString", "coordinates": [ [ -73.990920049573361, 40.675861203194337, 0.0 ], [ -73.990922677187854, 40.675861425784163, 0.0 ] ] } },
{ "type": "Feature", "properties": { "Layer": "DRAWINGS$OUTLINE", "PaperSpace": null, "SubClasses": null, "Linetype": null, "EntityHandle": "A33", "Text": null }, "geometry": { "type": "LineString", "coordinates": [ [ -73.990922677187854, 40.675861425784163, 0.0 ], [ -73.990925304478949, 40.675861650589312, 0.0 ] ] } },
{ "type": "Feature", "properties": { "Layer": "DRAWINGS$OUTLINE", "PaperSpace": null, "SubClasses": null, "Linetype": null, "EntityHandle": "A34", "Text": null }, "geometry": { "type": "LineString", "coordinates": [ [ -73.990925304478949, 40.675861650589312, 0.0 ], [ -73.990927931440737, 40.675861877629174, 0.0 ] ] } },
{ "type": "Feature", "properties": { "Layer": "DRAWINGS$OUTLINE", "PaperSpace": null, "SubClasses": null, "Linetype": null, "EntityHandle": "A35", "Text": null }, "geometry": { "type": "LineString", "coordinates": [ [ -73.990927931440737, 40.675861877629174, 0.0 ], [ -73.990930558066111, 40.675862106927447, 0.0 ] ] } },
{ "type": "Feature", "properties": { "Layer": "DRAWINGS$OUTLINE", "PaperSpace": null, "SubClasses": null, "Linetype": null, "EntityHandle": "A36", "Text": null }, "geometry": { "type": "LineString", "coordinates": [ [ -73.990930558066111, 40.675862106927447, 0.0 ], [ -73.990933184346702, 40.675862338512395, 0.0 ] ] } },
{ "type": "Feature", "properties": { "Layer": "DRAWINGS$OUTLINE", "PaperSpace": null, "SubClasses": null, "Linetype": null, "EntityHandle": "A37", "Text": null }, "geometry": { "type": "LineString", "coordinates": [ [ -73.990933184346702, 40.675862338512395, 0.0 ], [ -73.990935810272845, 40.67586257241696, 0.0 ] ] } },
{ "type": "Feature", "properties": { "Layer": "DRAWINGS$OUTLINE", "PaperSpace": null, "SubClasses": null, "Linetype": null, "EntityHandle": "A38", "Text": null }, "geometry": { "type": "LineString", "coordinates": [ [ -73.990935810272845, 40.67586257241696, 0.0 ], [ -73.990938435833499, 40.675862808679064, 0.0 ] ] } },
{ "type": "Feature", "properties": { "Layer": "DRAWINGS$OUTLINE", "PaperSpace": null, "SubClasses": null, "Linetype": null, "EntityHandle": "A39", "Text": null }, "geometry": { "type": "LineString", "coordinates": [ [ -73.990938435833499, 40.675862808679064, 0.0 ], [ -73.990941061016088, 40.675863047341721, 0.0 ] ] } },
{ "type": "Feature", "properties": { "Layer": "DRAWINGS$OUTLINE", "PaperSpace": null, "SubClasses": null, "Linetype": null, "EntityHandle": "A3A", "Text": null }, "geometry": { "type": "LineString", "coordinates": [ [ -73.990941061016088, 40.675863047341721, 0.0 ], [ -73.990943685829791, 40.675863288455723, 0.0 ] ] } },
{ "type": "Feature", "properties": { "Layer": "DRAWINGS$OUTLINE", "PaperSpace": null, "SubClasses": null, "Linetype": null, "EntityHandle": "A3B", "Text": null }, "geometry": { "type": "LineString", "coordinates": [ [ -73.990943685829791, 40.675863288455723, 0.0 ], [ -73.990946310224757, 40.675863532072448, 0.0 ] ] } },
{ "type": "Feature", "properties": { "Layer": "DRAWINGS$OUTLINE", "PaperSpace": null, "SubClasses": null, "Linetype": null, "EntityHandle": "A3C", "Text": null }, "geometry": { "type": "LineString", "coordinates": [ [ -73.990946310224757, 40.675863532072448, 0.0 ], [ -73.990948934206656, 40.675863778254872, 0.0 ] ] } },
{ "type": "Feature", "properties": { "Layer": "DRAWINGS$OUTLINE", "PaperSpace": null, "SubClasses": null, "Linetype": null, "EntityHandle": "A3D", "Text": null }, "geometry": { "type": "LineString", "coordinates": [ [ -73.990948934206656, 40.675863778254872, 0.0 ], [ -73.990951557759942, 40.675864027071157, 0.0 ] ] } },
{ "type": "Feature", "properties": { "Layer": "DRAWINGS$OUTLINE", "PaperSpace": null, "SubClasses": null, "Linetype": null, "EntityHandle": "A3E", "Text": null }, "geometry": { "type": "LineString", "coordinates": [ [ -73.990951557759942, 40.675864027071157, 0.0 ], [ -73.990954180867476, 40.675864278596997, 0.0 ] ] } },
{ "type": "Feature", "properties": { "Layer": "DRAWINGS$OUTLINE", "PaperSpace": null, "SubClasses": null, "Linetype": null, "EntityHandle": "A3F", "Text": null }, "geometry": { "type": "LineString", "coordinates": [ [ -73.990954180867476, 40.675864278596997, 0.0 ], [ -73.990956803510272, 40.675864532916364, 0.0 ] ] } },
{ "type": "Feature", "properties": { "Layer": "DRAWINGS$OUTLINE", "PaperSpace": null, "SubClasses": null, "Linetype": null, "EntityHandle": "A40", "Text": null }, "geometry": { "type": "LineString", "coordinates": [ [ -73.990956803510272, 40.675864532916364, 0.0 ], [ -73.990959425667384, 40.67586479012234, 0.0 ] ] } },
{ "type": "Feature", "properties": { "Layer": "DRAWINGS$OUTLINE", "PaperSpace": null, "SubClasses": null, "Linetype": null, "EntityHandle": "A41", "Text": null }, "geometry": { "type": "LineString", "coordinates": [ [ -73.990959425667384, 40.67586479012234, 0.0 ], [ -73.990962047315534, 40.675865050318109, 0.0 ] ] } },
{ "type": "Feature", "properties": { "Layer": "DRAWINGS$OUTLINE", "PaperSpace": null, "SubClasses": null, "Linetype": null, "EntityHandle": "A42", "Text": null }, "geometry": { "type": "LineString", "coordinates": [ [ -73.990962047315534, 40.675865050318109, 0.0 ], [ -73.990964668428873, 40.675865313618139, 0.0 ] ] } },
{ "type": "Feature", "properties": { "Layer": "DRAWINGS$OUTLINE", "PaperSpace": null, "SubClasses": null, "Linetype": null, "EntityHandle": "A43", "Text": null }, "geometry": { "type": "LineString", "coordinates": [ [ -73.990964668428873, 40.675865313618139, 0.0 ], [ -73.990967288952845, 40.675865580147445, 0.0 ] ] } },
{ "type": "Feature", "properties": { "Layer": "DRAWINGS$OUTLINE", "PaperSpace": null, "SubClasses": null, "Linetype": null, "EntityHandle": "A44", "Text": null }, "geometry": { "type": "LineString", "coordinates": [ [ -73.990967288952845, 40.675865580147445, 0.0 ], [ -73.990969908893135, 40.675865850131473, 0.0 ] ] } },
{ "type": "Feature", "properties": { "Layer": "DRAWINGS$OUTLINE", "PaperSpace": null, "SubClasses": null, "Linetype": null, "EntityHandle": "A45", "Text": null }, "geometry": { "type": "LineString", "coordinates": [ [ -73.990969908893135, 40.675865850131473, 0.0 ], [ -73.990972528147665, 40.67586612395155, 0.0 ] ] } },
{ "type": "Feature", "properties": { "Layer": "DRAWINGS$OUTLINE", "PaperSpace": null, "SubClasses": null, "Linetype": null, "EntityHandle": "A46", "Text": null }, "geometry": { "type": "LineString", "coordinates": [ [ -73.990972528147665, 40.67586612395155, 0.0 ], [ -73.990975146630745, 40.67586640200954, 0.0 ] ] } },
{ "type": "Feature", "properties": { "Layer": "DRAWINGS$OUTLINE", "PaperSpace": null, "SubClasses": null, "Linetype": null, "EntityHandle": "A47", "Text": null }, "geometry": { "type": "LineString", "coordinates": [ [ -73.990975146630745, 40.67586640200954, 0.0 ], [ -73.990977764256243, 40.675866684705824, 0.0 ] ] } },
{ "type": "Feature", "properties": { "Layer": "DRAWINGS$OUTLINE", "PaperSpace": null, "SubClasses": null, "Linetype": null, "EntityHandle": "A48", "Text": null }, "geometry": { "type": "LineString", "coordinates": [ [ -73.990977764256243, 40.675866684705824, 0.0 ], [ -73.990980380932385, 40.675866972437561, 0.0 ] ] } },
{ "type": "Feature", "properties": { "Layer": "DRAWINGS$OUTLINE", "PaperSpace": null, "SubClasses": null, "Linetype": null, "EntityHandle": "A49", "Text": null }, "geometry": { "type": "LineString", "coordinates": [ [ -73.990980380932385, 40.675866972437561, 0.0 ], [ -73.990982996570921, 40.675867265598598, 0.0 ] ] } },
{ "type": "Feature", "properties": { "Layer": "DRAWINGS$OUTLINE", "PaperSpace": null, "SubClasses": null, "Linetype": null, "EntityHandle": "A4A", "Text": null }, "geometry": { "type": "LineString", "coordinates": [ [ -73.990982996570921, 40.675867265598598, 0.0 ], [ -73.990985611072716, 40.675867564576691, 0.0 ] ] } },
{ "type": "Feature", "properties": { "Layer": "DRAWINGS$OUTLINE", "PaperSpace": null, "SubClasses": null, "Linetype": null, "EntityHandle": "A4B", "Text": null }, "geometry": { "type": "LineString", "coordinates": [ [ -73.990985611072716, 40.675867564576691, 0.0 ], [ -73.990988224338381, 40.675867869753532, 0.0 ] ] } },
{ "type": "Feature", "properties": { "Layer": "DRAWINGS$OUTLINE", "PaperSpace": null, "SubClasses": null, "Linetype": null, "EntityHandle": "A4C", "Text": null }, "geometry": { "type": "LineString", "coordinates": [ [ -73.990988224338381, 40.675867869753532, 0.0 ], [ -73.990990836265425, 40.67586818150329, 0.0 ] ] } },
{ "type": "Feature", "properties": { "Layer": "DRAWINGS$OUTLINE", "PaperSpace": null, "SubClasses": null, "Linetype": null, "EntityHandle": "A4D", "Text": null }, "geometry": { "type": "LineString", "coordinates": [ [ -73.990990836265425, 40.67586818150329, 0.0 ], [ -73.990993446747794, 40.675868500191427, 0.0 ] ] } },
{ "type": "Feature", "properties": { "Layer": "DRAWINGS$OUTLINE", "PaperSpace": null, "SubClasses": null, "Linetype": null, "EntityHandle": "A4E", "Text": null }, "geometry": { "type": "LineString", "coordinates": [ [ -73.990993446747794, 40.675868500191427, 0.0 ], [ -73.990996055669669, 40.675868826172859, 0.0 ] ] } },
{ "type": "Feature", "properties": { "Layer": "DRAWINGS$OUTLINE", "PaperSpace": null, "SubClasses": null, "Linetype": null, "EntityHandle": "A4F", "Text": null }, "geometry": { "type": "LineString", "coordinates": [ [ -73.990996055669669, 40.675868826172859, 0.0 ], [ -73.990998662926017, 40.675869159793443, 0.0 ] ] } },
{ "type": "Feature", "properties": { "Layer": "DRAWINGS$OUTLINE", "PaperSpace": null, "SubClasses": null, "Linetype": null, "EntityHandle": "A50", "Text": null }, "geometry": { "type": "LineString", "coordinates": [ [ -73.990998662926017, 40.675869159793443, 0.0 ], [ -73.991001268404602, 40.6758695013867, 0.0 ] ] } },
{ "type": "Feature", "properties": { "Layer": "DRAWINGS$OUTLINE", "PaperSpace": null, "SubClasses": null, "Linetype": null, "EntityHandle": "A51", "Text": null }, "geometry": { "type": "LineString", "coordinates": [ [ -73.991001268404602, 40.6758695013867, 0.0 ], [ -73.9910038720014, 40.675869851272672, 0.0 ] ] } },
{ "type": "Feature", "properties": { "Layer": "DRAWINGS$OUTLINE", "PaperSpace": null, "SubClasses": null, "Linetype": null, "EntityHandle": "A52", "Text": null }, "geometry": { "type": "LineString", "coordinates": [ [ -73.9910038720014, 40.675869851272672, 0.0 ], [ -73.991006473605125, 40.67587020963461, 0.0 ] ] } },
{ "type": "Feature", "properties": { "Layer": "DRAWINGS$OUTLINE", "PaperSpace": null, "SubClasses": null, "Linetype": null, "EntityHandle": "A53", "Text": null }, "geometry": { "type": "LineString", "coordinates": [ [ -73.991006473605125, 40.67587020963461, 0.0 ], [ -73.991009073150167, 40.67587057650195, 0.0 ] ] } },
{ "type": "Feature", "properties": { "Layer": "DRAWINGS$OUTLINE", "PaperSpace": null, "SubClasses": null, "Linetype": null, "EntityHandle": "A54", "Text": null }, "geometry": { "type": "LineString", "coordinates": [ [ -73.991009073150167, 40.67587057650195, 0.0 ], [ -73.991011670624118, 40.67587095185948, 0.0 ] ] } },
{ "type": "Feature", "properties": { "Layer": "DRAWINGS$OUTLINE", "PaperSpace": null, "SubClasses": null, "Linetype": null, "EntityHandle": "A55", "Text": null }, "geometry": { "type": "LineString", "coordinates": [ [ -73.991011670624118, 40.67587095185948, 0.0 ], [ -73.991014265958484, 40.675871335624358, 0.0 ] ] } },
{ "type": "Feature", "properties": { "Layer": "DRAWINGS$OUTLINE", "PaperSpace": null, "SubClasses": null, "Linetype": null, "EntityHandle": "A56", "Text": null }, "geometry": { "type": "LineString", "coordinates": [ [ -73.991014265958484, 40.675871335624358, 0.0 ], [ -73.991016859125722, 40.675871727657963, 0.0 ] ] } },
{ "type": "Feature", "properties": { "Layer": "DRAWINGS$OUTLINE", "PaperSpace": null, "SubClasses": null, "Linetype": null, "EntityHandle": "A57", "Text": null }, "geometry": { "type": "LineString", "coordinates": [ [ -73.991016859125722, 40.675871727657963, 0.0 ], [ -73.99101945019342, 40.675872127774547, 0.0 ] ] } },
{ "type": "Feature", "properties": { "Layer": "DRAWINGS$OUTLINE", "PaperSpace": null, "SubClasses": null, "Linetype": null, "EntityHandle": "A58", "Text": null }, "geometry": { "type": "LineString", "coordinates": [ [ -73.99101945019342, 40.675872127774547, 0.0 ], [ -73.991022039144653, 40.675872535715385, 0.0 ] ] } },
{ "type": "Feature", "properties": { "Layer": "DRAWINGS$OUTLINE", "PaperSpace": null, "SubClasses": null, "Linetype": null, "EntityHandle": "A59", "Text": null }, "geometry": { "type": "LineString", "coordinates": [ [ -73.991022039144653, 40.675872535715385, 0.0 ], [ -73.991024626030594, 40.675872951175251, 0.0 ] ] } },
{ "type": "Feature", "properties": { "Layer": "DRAWINGS$OUTLINE", "PaperSpace": null, "SubClasses": null, "Linetype": null, "EntityHandle": "A5A", "Text": null }, "geometry": { "type": "LineString", "coordinates": [ [ -73.991024626030594, 40.675872951175251, 0.0 ], [ -73.99102721092315, 40.67587337380067, 0.0 ] ] } },
{ "type": "Feature", "properties": { "Layer": "DRAWINGS$OUTLINE", "PaperSpace": null, "SubClasses": null, "Linetype": null, "EntityHandle": "A5B", "Text": null }, "geometry": { "type": "LineString", "coordinates": [ [ -73.99102721092315, 40.67587337380067, 0.0 ], [ -73.991029793922422, 40.675873803197668, 0.0 ] ] } },
{ "type": "Feature", "properties": { "Layer": "DRAWINGS$OUTLINE", "PaperSpace": null, "SubClasses": null, "Linetype": null, "EntityHandle": "A5C", "Text": null }, "geometry": { "type": "LineString", "coordinates": [ [ -73.991029793922422, 40.675873803197668, 0.0 ], [ -73.991032375061508, 40.675874238923392, 0.0 ] ] } },
{ "type": "Feature", "properties": { "Layer": "DRAWINGS$OUTLINE", "PaperSpace": null, "SubClasses": null, "Linetype": null, "EntityHandle": "A5D", "Text": null }, "geometry": { "type": "LineString", "coordinates": [ [ -73.991032375061508, 40.675874238923392, 0.0 ], [ -73.991034954480085, 40.675874680523805, 0.0 ] ] } },
{ "type": "Feature", "properties": { "Layer": "DRAWINGS$OUTLINE", "PaperSpace": null, "SubClasses": null, "Linetype": null, "EntityHandle": "A5E", "Text": null }, "geometry": { "type": "LineString", "coordinates": [ [ -73.991034954480085, 40.675874680523805, 0.0 ], [ -73.99103753229582, 40.675875127520982, 0.0 ] ] } },
{ "type": "Feature", "properties": { "Layer": "DRAWINGS$OUTLINE", "PaperSpace": null, "SubClasses": null, "Linetype": null, "EntityHandle": "A5F", "Text": null }, "geometry": { "type": "LineString", "coordinates": [ [ -73.99103753229582, 40.675875127520982, 0.0 ], [ -73.991040108640675, 40.675875579428066, 0.0 ] ] } },
{ "type": "Feature", "properties": { "Layer": "DRAWINGS$OUTLINE", "PaperSpace": null, "SubClasses": null, "Linetype": null, "EntityHandle": "A60", "Text": null }, "geometry": { "type": "LineString", "coordinates": [ [ -73.991040108640675, 40.675875579428066, 0.0 ], [ -73.991042683613713, 40.675876035784199, 0.0 ] ] } },
{ "type": "Feature", "properties": { "Layer": "DRAWINGS$OUTLINE", "PaperSpace": null, "SubClasses": null, "Linetype": null, "EntityHandle": "A61", "Text": null }, "geometry": { "type": "LineString", "coordinates": [ [ -73.991042683613713, 40.675876035784199, 0.0 ], [ -73.991045257356134, 40.675876496226785, 0.0 ] ] } },
{ "type": "Feature", "properties": { "Layer": "DRAWINGS$OUTLINE", "PaperSpace": null, "SubClasses": null, "Linetype": null, "EntityHandle": "A62", "Text": null }, "geometry": { "type": "LineString", "coordinates": [ [ -73.991045257356134, 40.675876496226785, 0.0 ], [ -73.991047829926899, 40.675876960392451, 0.0 ] ] } },
{ "type": "Feature", "properties": { "Layer": "DRAWINGS$OUTLINE", "PaperSpace": null, "SubClasses": null, "Linetype": null, "EntityHandle": "A63", "Text": null }, "geometry": { "type": "LineString", "coordinates": [ [ -73.991047829926899, 40.675876960392451, 0.0 ], [ -73.991050401460214, 40.675877427931241, 0.0 ] ] } },
{ "type": "Feature", "properties": { "Layer": "DRAWINGS$OUTLINE", "PaperSpace": null, "SubClasses": null, "Linetype": null, "EntityHandle": "A64", "Text": null }, "geometry": { "type": "LineString", "coordinates": [ [ -73.991050401460214, 40.675877427931241, 0.0 ], [ -73.991052972047498, 40.675877898485666, 0.0 ] ] } },
{ "type": "Feature", "properties": { "Layer": "DRAWINGS$OUTLINE", "PaperSpace": null, "SubClasses": null, "Linetype": null, "EntityHandle": "A65", "Text": null }, "geometry": { "type": "LineString", "coordinates": [ [ -73.991052972047498, 40.675877898485666, 0.0 ], [ -73.99105554178017, 40.675878371698204, 0.0 ] ] } },
{ "type": "Feature", "properties": { "Layer": "DRAWINGS$OUTLINE", "PaperSpace": null, "SubClasses": null, "Linetype": null, "EntityHandle": "A66", "Text": null }, "geometry": { "type": "LineString", "coordinates": [ [ -73.99105554178017, 40.675878371698204, 0.0 ], [ -73.991058110759852, 40.675878847214221, 0.0 ] ] } },
{ "type": "Feature", "properties": { "Layer": "DRAWINGS$OUTLINE", "PaperSpace": null, "SubClasses": null, "Linetype": null, "EntityHandle": "A67", "Text": null }, "geometry": { "type": "LineString", "coordinates": [ [ -73.991058110759852, 40.675878847214221, 0.0 ], [ -73.991060679110447, 40.675879324747243, 0.0 ] ] } },
{ "type": "Feature", "properties": { "Layer": "DRAWINGS$OUTLINE", "PaperSpace": null, "SubClasses": null, "Linetype": null, "EntityHandle": "A68", "Text": null }, "geometry": { "type": "LineString", "coordinates": [ [ -73.991060679110447, 40.675879324747243, 0.0 ], [ -73.991063246882419, 40.675879804092745, 0.0 ] ] } },
{ "type": "Feature", "properties": { "Layer": "DRAWINGS$OUTLINE", "PaperSpace": null, "SubClasses": null, "Linetype": null, "EntityHandle": "A69", "Text": null }, "geometry": { "type": "LineString", "coordinates": [ [ -73.991063246882419, 40.675879804092745, 0.0 ], [ -73.99106581413028, 40.675880285053786, 0.0 ] ] } },
{ "type": "Feature", "properties": { "Layer": "DRAWINGS$OUTLINE", "PaperSpace": null, "SubClasses": null, "Linetype": null, "EntityHandle": "A6A", "Text": null }, "geometry": { "type": "LineString", "coordinates": [ [ -73.99106581413028, 40.675880285053786, 0.0 ], [ -73.991068380921121, 40.675880767435807, 0.0 ] ] } },
{ "type": "Feature", "properties": { "Layer": "DRAWINGS$OUTLINE", "PaperSpace": null, "SubClasses": null, "Linetype": null, "EntityHandle": "A6B", "Text": null }, "geometry": { "type": "LineString", "coordinates": [ [ -73.991068380921121, 40.675880767435807, 0.0 ], [ -73.991070947314853, 40.675881251042952, 0.0 ] ] } },
{ "type": "Feature", "properties": { "Layer": "DRAWINGS$OUTLINE", "PaperSpace": null, "SubClasses": null, "Linetype": null, "EntityHandle": "A6C", "Text": null }, "geometry": { "type": "LineString", "coordinates": [ [ -73.991070947314853, 40.675881251042952, 0.0 ], [ -73.991073513371418, 40.67588173567929, 0.0 ] ] } },
{ "type": "Feature", "properties": { "Layer": "DRAWINGS$OUTLINE", "PaperSpace": null, "SubClasses": null, "Linetype": null, "EntityHandle": "A6D", "Text": null }, "geometry": { "type": "LineString", "coordinates": [ [ -73.991073513371418, 40.67588173567929, 0.0 ], [ -73.991076079153359, 40.675882221147553, 0.0 ] ] } },
{ "type": "Feature", "properties": { "Layer": "DRAWINGS$OUTLINE", "PaperSpace": null, "SubClasses": null, "Linetype": null, "EntityHandle": "A6E", "Text": null }, "geometry": { "type": "LineString", "coordinates": [ [ -73.991076079153359, 40.675882221147553, 0.0 ], [ -73.991078644731061, 40.675882707250871, 0.0 ] ] } },
{ "type": "Feature", "properties": { "Layer": "DRAWINGS$OUTLINE", "PaperSpace": null, "SubClasses": null, "Linetype": null, "EntityHandle": "A6F", "Text": null }, "geometry": { "type": "LineString", "coordinates": [ [ -73.991078644731061, 40.675882707250871, 0.0 ], [ -73.991081210131895, 40.675883193894983, 0.0 ] ] } },
{ "type": "Feature", "properties": { "Layer": "DRAWINGS$OUTLINE", "PaperSpace": null, "SubClasses": null, "Linetype": null, "EntityHandle": "A70", "Text": null }, "geometry": { "type": "LineString", "coordinates": [ [ -73.991081210131895, 40.675883193894983, 0.0 ], [ -73.991083775377646, 40.675883681012486, 0.0 ] ] } },
{ "type": "Feature", "properties": { "Layer": "DRAWINGS$OUTLINE", "PaperSpace": null, "SubClasses": null, "Linetype": null, "EntityHandle": "A71", "Text": null }, "geometry": { "type": "LineString", "coordinates": [ [ -73.991083775377646, 40.675883681012486, 0.0 ], [ -73.991086340490384, 40.675884168536008, 0.0 ] ] } },
{ "type": "Feature", "properties": { "Layer": "DRAWINGS$OUTLINE", "PaperSpace": null, "SubClasses": null, "Linetype": null, "EntityHandle": "A72", "Text": null }, "geometry": { "type": "LineString", "coordinates": [ [ -73.991086340490384, 40.675884168536008, 0.0 ], [ -73.991088905492234, 40.675884656398139, 0.0 ] ] } },
{ "type": "Feature", "properties": { "Layer": "DRAWINGS$OUTLINE", "PaperSpace": null, "SubClasses": null, "Linetype": null, "EntityHandle": "A73", "Text": null }, "geometry": { "type": "LineString", "coordinates": [ [ -73.991088905492234, 40.675884656398139, 0.0 ], [ -73.991091470405181, 40.675885144531563, 0.0 ] ] } },
{ "type": "Feature", "properties": { "Layer": "DRAWINGS$OUTLINE", "PaperSpace": null, "SubClasses": null, "Linetype": null, "EntityHandle": "A74", "Text": null }, "geometry": { "type": "LineString", "coordinates": [ [ -73.991091470405181, 40.675885144531563, 0.0 ], [ -73.99109403525128, 40.675885632868848, 0.0 ] ] } },
{ "type": "Feature", "properties": { "Layer": "DRAWINGS$OUTLINE", "PaperSpace": null, "SubClasses": null, "Linetype": null, "EntityHandle": "A75", "Text": null }, "geometry": { "type": "LineString", "coordinates": [ [ -73.99109403525128, 40.675885632868848, 0.0 ], [ -73.991096600052586, 40.675886121342614, 0.0 ] ] } },
{ "type": "Feature", "properties": { "Layer": "DRAWINGS$OUTLINE", "PaperSpace": null, "SubClasses": null, "Linetype": null, "EntityHandle": "A76", "Text": null }, "geometry": { "type": "LineString", "coordinates": [ [ -73.991096600052586, 40.675886121342614, 0.0 ], [ -73.991099164831169, 40.675886609885531, 0.0 ] ] } },
{ "type": "Feature", "properties": { "Layer": "DRAWINGS$OUTLINE", "PaperSpace": null, "SubClasses": null, "Linetype": null, "EntityHandle": "A77", "Text": null }, "geometry": { "type": "LineString", "coordinates": [ [ -73.991099164831169, 40.675886609885531, 0.0 ], [ -73.991101729609071, 40.675887098430188, 0.0 ] ] } },
{ "type": "Feature", "properties": { "Layer": "DRAWINGS$OUTLINE", "PaperSpace": null, "SubClasses": null, "Linetype": null, "EntityHandle": "A78", "Text": null }, "geometry": { "type": "LineString", "coordinates": [ [ -73.991101729609071, 40.675887098430188, 0.0 ], [ -73.991104294408359, 40.675887586909219, 0.0 ] ] } },
{ "type": "Feature", "properties": { "Layer": "DRAWINGS$OUTLINE", "PaperSpace": null, "SubClasses": null, "Linetype": null, "EntityHandle": "A79", "Text": null }, "geometry": { "type": "LineString", "coordinates": [ [ -73.991104294408359, 40.675887586909219, 0.0 ], [ -73.991106859251076, 40.675888075255223, 0.0 ] ] } },
{ "type": "Feature", "properties": { "Layer": "DRAWINGS$OUTLINE", "PaperSpace": null, "SubClasses": null, "Linetype": null, "EntityHandle": "A7A", "Text": null }, "geometry": { "type": "LineString", "coordinates": [ [ -73.991106859251076, 40.675888075255223, 0.0 ], [ -73.991109424159319, 40.675888563400854, 0.0 ] ] } },
{ "type": "Feature", "properties": { "Layer": "DRAWINGS$OUTLINE", "PaperSpace": null, "SubClasses": null, "Linetype": null, "EntityHandle": "A7B", "Text": null }, "geometry": { "type": "LineString", "coordinates": [ [ -73.991109424159319, 40.675888563400854, 0.0 ], [ -73.991111989227278, 40.675889051059386, 0.0 ] ] } },
{ "type": "Feature", "properties": { "Layer": "DRAWINGS$OUTLINE", "PaperSpace": null, "SubClasses": null, "Linetype": null, "EntityHandle": "A7C", "Text": null }, "geometry": { "type": "LineString", "coordinates": [ [ -73.991111989227278, 40.675889051059386, 0.0 ], [ -73.991114554520536, 40.67588953803282, 0.0 ] ] } },
{ "type": "Feature", "properties": { "Layer": "DRAWINGS$OUTLINE", "PaperSpace": null, "SubClasses": null, "Linetype": null, "EntityHandle": "A7D", "Text": null }, "geometry": { "type": "LineString", "coordinates": [ [ -73.991114554520536, 40.67588953803282, 0.0 ], [ -73.991117119813808, 40.675890025006204, 0.0 ] ] } },
{ "type": "Feature", "properties": { "Layer": "DRAWINGS$OUTLINE", "PaperSpace": null, "SubClasses": null, "Linetype": null, "EntityHandle": "A7E", "Text": null }, "geometry": { "type": "LineString", "coordinates": [ [ -73.991117119813808, 40.675890025006204, 0.0 ], [ -73.991119685107122, 40.675890511979539, 0.0 ] ] } },
{ "type": "Feature", "properties": { "Layer": "DRAWINGS$OUTLINE", "PaperSpace": null, "SubClasses": null, "Linetype": null, "EntityHandle": "A7F", "Text": null }, "geometry": { "type": "LineString", "coordinates": [ [ -73.991119685107122, 40.675890511979539, 0.0 ], [ -73.99112225040048, 40.675890998952809, 0.0 ] ] } },
{ "type": "Feature", "properties": { "Layer": "DRAWINGS$OUTLINE", "PaperSpace": null, "SubClasses": null, "Linetype": null, "EntityHandle": "A80", "Text": null }, "geometry": { "type": "LineString", "coordinates": [ [ -73.99112225040048, 40.675890998952809, 0.0 ], [ -73.991124815693865, 40.67589148592603, 0.0 ] ] } },
{ "type": "Feature", "properties": { "Layer": "DRAWINGS$OUTLINE", "PaperSpace": null, "SubClasses": null, "Linetype": null, "EntityHandle": "A81", "Text": null }, "geometry": { "type": "LineString", "coordinates": [ [ -73.991124815693865, 40.67589148592603, 0.0 ], [ -73.991127380987294, 40.675891972899173, 0.0 ] ] } },
{ "type": "Feature", "properties": { "Layer": "DRAWINGS$OUTLINE", "PaperSpace": null, "SubClasses": null, "Linetype": null, "EntityHandle": "A82", "Text": null }, "geometry": { "type": "LineString", "coordinates": [ [ -73.991127380987294, 40.675891972899173, 0.0 ], [ -73.991129946280765, 40.675892459872287, 0.0 ] ] } },
{ "type": "Feature", "properties": { "Layer": "DRAWINGS$OUTLINE", "PaperSpace": null, "SubClasses": null, "Linetype": null, "EntityHandle": "A83", "Text": null }, "geometry": { "type": "LineString", "coordinates": [ [ -73.991129946280765, 40.675892459872287, 0.0 ], [ -73.99113251170354, 40.675892946449125, 0.0 ] ] } },
{ "type": "Feature", "properties": { "Layer": "DRAWINGS$OUTLINE", "PaperSpace": null, "SubClasses": null, "Linetype": null, "EntityHandle": "A84", "Text": null }, "geometry": { "type": "LineString", "coordinates": [ [ -73.99113251170354, 40.675892946449125, 0.0 ], [ -73.991135077339379, 40.675893432376313, 0.0 ] ] } },
{ "type": "Feature", "properties": { "Layer": "DRAWINGS$OUTLINE", "PaperSpace": null, "SubClasses": null, "Linetype": null, "EntityHandle": "A85", "Text": null }, "geometry": { "type": "LineString", "coordinates": [ [ -73.991135077339379, 40.675893432376313, 0.0 ], [ -73.991137643043345, 40.67589391808729, 0.0 ] ] } },
{ "type": "Feature", "properties": { "Layer": "DRAWINGS$OUTLINE", "PaperSpace": null, "SubClasses": null, "Linetype": null, "EntityHandle": "A86", "Text": null }, "geometry": { "type": "LineString", "coordinates": [ [ -73.991137643043345, 40.67589391808729, 0.0 ], [ -73.991140208818649, 40.675894403580912, 0.0 ] ] } },
{ "type": "Feature", "properties": { "Layer": "DRAWINGS$OUTLINE", "PaperSpace": null, "SubClasses": null, "Linetype": null, "EntityHandle": "A87", "Text": null }, "geometry": { "type": "LineString", "coordinates": [ [ -73.991140208818649, 40.675894403580912, 0.0 ], [ -73.991142774666514, 40.675894888855616, 0.0 ] ] } },
{ "type": "Feature", "properties": { "Layer": "DRAWINGS$OUTLINE", "PaperSpace": null, "SubClasses": null, "Linetype": null, "EntityHandle": "A88", "Text": null }, "geometry": { "type": "LineString", "coordinates": [ [ -73.991142774666514, 40.675894888855616, 0.0 ], [ -73.991145340587352, 40.67589537390969, 0.0 ] ] } },
{ "type": "Feature", "properties": { "Layer": "DRAWINGS$OUTLINE", "PaperSpace": null, "SubClasses": null, "Linetype": null, "EntityHandle": "A89", "Text": null }, "geometry": { "type": "LineString", "coordinates": [ [ -73.991145340587352, 40.67589537390969, 0.0 ], [ -73.991147906581602, 40.675895858741399, 0.0 ] ] } },
{ "type": "Feature", "properties": { "Layer": "DRAWINGS$OUTLINE", "PaperSpace": null, "SubClasses": null, "Linetype": null, "EntityHandle": "A8A", "Text": null }, "geometry": { "type": "LineString", "coordinates": [ [ -73.991147906581602, 40.675895858741399, 0.0 ], [ -73.991150472649679, 40.675896343349052, 0.0 ] ] } },
{ "type": "Feature", "properties": { "Layer": "DRAWINGS$OUTLINE", "PaperSpace": null, "SubClasses": null, "Linetype": null, "EntityHandle": "A8B", "Text": null }, "geometry": { "type": "LineString", "coordinates": [ [ -73.991150472649679, 40.675896343349052, 0.0 ], [ -73.991153038791893, 40.675896827730888, 0.0 ] ] } },
{ "type": "Feature", "properties": { "Layer": "DRAWINGS$OUTLINE", "PaperSpace": null, "SubClasses": null, "Linetype": null, "EntityHandle": "A8C", "Text": null }, "geometry": { "type": "LineString", "coordinates": [ [ -73.991153038791893, 40.675896827730888, 0.0 ], [ -73.99115560500536, 40.675897311884626, 0.0 ] ] } },
{ "type": "Feature", "properties": { "Layer": "DRAWINGS$OUTLINE", "PaperSpace": null, "SubClasses": null, "Linetype": null, "EntityHandle": "A8D", "Text": null }, "geometry": { "type": "LineString", "coordinates": [ [ -73.99115560500536, 40.675897311884626, 0.0 ], [ -73.991158171293932, 40.675897795809163, 0.0 ] ] } },
{ "type": "Feature", "properties": { "Layer": "DRAWINGS$OUTLINE", "PaperSpace": null, "SubClasses": null, "Linetype": null, "EntityHandle": "A8E", "Text": null }, "geometry": { "type": "LineString", "coordinates": [ [ -73.991158171293932, 40.675897795809163, 0.0 ], [ -73.991160737658092, 40.675898279502825, 0.0 ] ] } },
{ "type": "Feature", "properties": { "Layer": "DRAWINGS$OUTLINE", "PaperSpace": null, "SubClasses": null, "Linetype": null, "EntityHandle": "A8F", "Text": null }, "geometry": { "type": "LineString", "coordinates": [ [ -73.991160737658092, 40.675898279502825, 0.0 ], [ -73.991163304098265, 40.675898762963882, 0.0 ] ] } },
{ "type": "Feature", "properties": { "Layer": "DRAWINGS$OUTLINE", "PaperSpace": null, "SubClasses": null, "Linetype": null, "EntityHandle": "A90", "Text": null }, "geometry": { "type": "LineString", "coordinates": [ [ -73.991163304098265, 40.675898762963882, 0.0 ], [ -73.99116587061485, 40.675899246190617, 0.0 ] ] } },
{ "type": "Feature", "properties": { "Layer": "DRAWINGS$OUTLINE", "PaperSpace": null, "SubClasses": null, "Linetype": null, "EntityHandle": "A91", "Text": null }, "geometry": { "type": "LineString", "coordinates": [ [ -73.99116587061485, 40.675899246190617, 0.0 ], [ -73.991168437208287, 40.675899729181367, 0.0 ] ] } },
{ "type": "Feature", "properties": { "Layer": "DRAWINGS$OUTLINE", "PaperSpace": null, "SubClasses": null, "Linetype": null, "EntityHandle": "A92", "Text": null }, "geometry": { "type": "LineString", "coordinates": [ [ -73.991168437208287, 40.675899729181367, 0.0 ], [ -73.991171003879032, 40.675900211934348, 0.0 ] ] } },
{ "type": "Feature", "properties": { "Layer": "DRAWINGS$OUTLINE", "PaperSpace": null, "SubClasses": null, "Linetype": null, "EntityHandle": "A93", "Text": null }, "geometry": { "type": "LineString", "coordinates": [ [ -73.991171003879032, 40.675900211934348, 0.0 ], [ -73.991173570627495, 40.675900694447918, 0.0 ] ] } },
{ "type": "Feature", "properties": { "Layer": "DRAWINGS$OUTLINE", "PaperSpace": null, "SubClasses": null, "Linetype": null, "EntityHandle": "A94", "Text": null }, "geometry": { "type": "LineString", "coordinates": [ [ -73.991173570627495, 40.675900694447918, 0.0 ], [ -73.991176137454104, 40.675901176720338, 0.0 ] ] } },
{ "type": "Feature", "properties": { "Layer": "DRAWINGS$OUTLINE", "PaperSpace": null, "SubClasses": null, "Linetype": null, "EntityHandle": "A95", "Text": null }, "geometry": { "type": "LineString", "coordinates": [ [ -73.991176137454104, 40.675901176720338, 0.0 ], [ -73.991178704359314, 40.675901658749886, 0.0 ] ] } },
{ "type": "Feature", "properties": { "Layer": "DRAWINGS$OUTLINE", "PaperSpace": null, "SubClasses": null, "Linetype": null, "EntityHandle": "A96", "Text": null }, "geometry": { "type": "LineString", "coordinates": [ [ -73.991178704359314, 40.675901658749886, 0.0 ], [ -73.991181271343521, 40.675902140534888, 0.0 ] ] } },
{ "type": "Feature", "properties": { "Layer": "DRAWINGS$OUTLINE", "PaperSpace": null, "SubClasses": null, "Linetype": null, "EntityHandle": "A97", "Text": null }, "geometry": { "type": "LineString", "coordinates": [ [ -73.991181271343521, 40.675902140534888, 0.0 ], [ -73.991183838407181, 40.675902622073615, 0.0 ] ] } },
{ "type": "Feature", "properties": { "Layer": "DRAWINGS$OUTLINE", "PaperSpace": null, "SubClasses": null, "Linetype": null, "EntityHandle": "A98", "Text": null }, "geometry": { "type": "LineString", "coordinates": [ [ -73.991183838407181, 40.675902622073615, 0.0 ], [ -73.991186405550721, 40.675903103364362, 0.0 ] ] } },
{ "type": "Feature", "properties": { "Layer": "DRAWINGS$OUTLINE", "PaperSpace": null, "SubClasses": null, "Linetype": null, "EntityHandle": "A99", "Text": null }, "geometry": { "type": "LineString", "coordinates": [ [ -73.991186405550721, 40.675903103364362, 0.0 ], [ -73.991188972774566, 40.675903584405432, 0.0 ] ] } },
{ "type": "Feature", "properties": { "Layer": "DRAWINGS$OUTLINE", "PaperSpace": null, "SubClasses": null, "Linetype": null, "EntityHandle": "A9A", "Text": null }, "geometry": { "type": "LineString", "coordinates": [ [ -73.991188972774566, 40.675903584405432, 0.0 ], [ -73.991191540079157, 40.675904065195077, 0.0 ] ] } },
{ "type": "Feature", "properties": { "Layer": "DRAWINGS$OUTLINE", "PaperSpace": null, "SubClasses": null, "Linetype": null, "EntityHandle": "A9B", "Text": null }, "geometry": { "type": "LineString", "coordinates": [ [ -73.991191540079157, 40.675904065195077, 0.0 ], [ -73.991194107464921, 40.675904545731655, 0.0 ] ] } },
{ "type": "Feature", "properties": { "Layer": "DRAWINGS$OUTLINE", "PaperSpace": null, "SubClasses": null, "Linetype": null, "EntityHandle": "A9C", "Text": null }, "geometry": { "type": "LineString", "coordinates": [ [ -73.991194107464921, 40.675904545731655, 0.0 ], [ -73.991196674932283, 40.675905026013389, 0.0 ] ] } },
{ "type": "Feature", "properties": { "Layer": "DRAWINGS$OUTLINE", "PaperSpace": null, "SubClasses": null, "Linetype": null, "EntityHandle": "A9D", "Text": null }, "geometry": { "type": "LineString", "coordinates": [ [ -73.991196674932283, 40.675905026013389, 0.0 ], [ -73.991199242481684, 40.675905506038589, 0.0 ] ] } },
{ "type": "Feature", "properties": { "Layer": "DRAWINGS$OUTLINE", "PaperSpace": null, "SubClasses": null, "Linetype": null, "EntityHandle": "A9E", "Text": null }, "geometry": { "type": "LineString", "coordinates": [ [ -73.991199242481684, 40.675905506038589, 0.0 ], [ -73.991201810114234, 40.675905985805827, 0.0 ] ] } },
{ "type": "Feature", "properties": { "Layer": "DRAWINGS$OUTLINE", "PaperSpace": null, "SubClasses": null, "Linetype": null, "EntityHandle": "A9F", "Text": null }, "geometry": { "type": "LineString", "coordinates": [ [ -73.991201810114234, 40.675905985805827, 0.0 ], [ -73.991204377832929, 40.675906465314625, 0.0 ] ] } },
{ "type": "Feature", "properties": { "Layer": "DRAWINGS$OUTLINE", "PaperSpace": null, "SubClasses": null, "Linetype": null, "EntityHandle": "AA0", "Text": null }, "geometry": { "type": "LineString", "coordinates": [ [ -73.991204377832929, 40.675906465314625, 0.0 ], [ -73.991206945632754, 40.675906944560559, 0.0 ] ] } },
{ "type": "Feature", "properties": { "Layer": "DRAWINGS$OUTLINE", "PaperSpace": null, "SubClasses": null, "Linetype": null, "EntityHandle": "AA1", "Text": null }, "geometry": { "type": "LineString", "coordinates": [ [ -73.991206945632754, 40.675906944560559, 0.0 ], [ -73.991209513518044, 40.67590742354038, 0.0 ] ] } },
{ "type": "Feature", "properties": { "Layer": "DRAWINGS$OUTLINE", "PaperSpace": null, "SubClasses": null, "Linetype": null, "EntityHandle": "AA2", "Text": null }, "geometry": { "type": "LineString", "coordinates": [ [ -73.991209513518044, 40.67590742354038, 0.0 ], [ -73.991212081492051, 40.675907902250515, 0.0 ] ] } },
{ "type": "Feature", "properties": { "Layer": "DRAWINGS$OUTLINE", "PaperSpace": null, "SubClasses": null, "Linetype": null, "EntityHandle": "AA3", "Text": null }, "geometry": { "type": "LineString", "coordinates": [ [ -73.991212081492051, 40.675907902250515, 0.0 ], [ -73.991214649555815, 40.675908380687098, 0.0 ] ] } },
{ "type": "Feature", "properties": { "Layer": "DRAWINGS$OUTLINE", "PaperSpace": null, "SubClasses": null, "Linetype": null, "EntityHandle": "AA4", "Text": null }, "geometry": { "type": "LineString", "coordinates": [ [ -73.991214649555815, 40.675908380687098, 0.0 ], [ -73.991217217710329, 40.675908858846199, 0.0 ] ] } },
{ "type": "Feature", "properties": { "Layer": "DRAWINGS$OUTLINE", "PaperSpace": null, "SubClasses": null, "Linetype": null, "EntityHandle": "AA5", "Text": null }, "geometry": { "type": "LineString", "coordinates": [ [ -73.991217217710329, 40.675908858846199, 0.0 ], [ -73.991219785956659, 40.675909336723919, 0.0 ] ] } },
{ "type": "Feature", "properties": { "Layer": "DRAWINGS$OUTLINE", "PaperSpace": null, "SubClasses": null, "Linetype": null, "EntityHandle": "AA6", "Text": null }, "geometry": { "type": "LineString", "coordinates": [ [ -73.991219785956659, 40.675909336723919, 0.0 ], [ -73.991222354295829, 40.675909814316299, 0.0 ] ] } },
{ "type": "Feature", "properties": { "Layer": "DRAWINGS$OUTLINE", "PaperSpace": null, "SubClasses": null, "Linetype": null, "EntityHandle": "AA7", "Text": null }, "geometry": { "type": "LineString", "coordinates": [ [ -73.991222354295829, 40.675909814316299, 0.0 ], [ -73.991224922723177, 40.675910291618393, 0.0 ] ] } },
{ "type": "Feature", "properties": { "Layer": "DRAWINGS$OUTLINE", "PaperSpace": null, "SubClasses": null, "Linetype": null, "EntityHandle": "AA8", "Text": null }, "geometry": { "type": "LineString", "coordinates": [ [ -73.991224922723177, 40.675910291618393, 0.0 ], [ -73.99122749124507, 40.67591076862729, 0.0 ] ] } },
{ "type": "Feature", "properties": { "Layer": "DRAWINGS$OUTLINE", "PaperSpace": null, "SubClasses": null, "Linetype": null, "EntityHandle": "AA9", "Text": null }, "geometry": { "type": "LineString", "coordinates": [ [ -73.99122749124507, 40.67591076862729, 0.0 ], [ -73.991230059862914, 40.675911245339137, 0.0 ] ] } },
{ "type": "Feature", "properties": { "Layer": "DRAWINGS$OUTLINE", "PaperSpace": null, "SubClasses": null, "Linetype": null, "EntityHandle": "AAA", "Text": null }, "geometry": { "type": "LineString", "coordinates": [ [ -73.991230059862914, 40.675911245339137, 0.0 ], [ -73.991232628577734, 40.675911721749998, 0.0 ] ] } },
{ "type": "Feature", "properties": { "Layer": "DRAWINGS$OUTLINE", "PaperSpace": null, "SubClasses": null, "Linetype": null, "EntityHandle": "AAB", "Text": null }, "geometry": { "type": "LineString", "coordinates": [ [ -73.991232628577734, 40.675911721749998, 0.0 ], [ -73.991235197390552, 40.675912197855972, 0.0 ] ] } },
{ "type": "Feature", "properties": { "Layer": "DRAWINGS$OUTLINE", "PaperSpace": null, "SubClasses": null, "Linetype": null, "EntityHandle": "AAC", "Text": null }, "geometry": { "type": "LineString", "coordinates": [ [ -73.991235197390552, 40.675912197855972, 0.0 ], [ -73.991237766302419, 40.675912673653158, 0.0 ] ] } },
{ "type": "Feature", "properties": { "Layer": "DRAWINGS$OUTLINE", "PaperSpace": null, "SubClasses": null, "Linetype": null, "EntityHandle": "AAD", "Text": null }, "geometry": { "type": "LineString", "coordinates": [ [ -73.991237766302419, 40.675912673653158, 0.0 ], [ -73.991240335314373, 40.675913149137621, 0.0 ] ] } },
{ "type": "Feature", "properties": { "Layer": "DRAWINGS$OUTLINE", "PaperSpace": null, "SubClasses": null, "Linetype": null, "EntityHandle": "AAE", "Text": null }, "geometry": { "type": "LineString", "coordinates": [ [ -73.991240335314373, 40.675913149137621, 0.0 ], [ -73.991242904427423, 40.675913624305444, 0.0 ] ] } },
{ "type": "Feature", "properties": { "Layer": "DRAWINGS$OUTLINE", "PaperSpace": null, "SubClasses": null, "Linetype": null, "EntityHandle": "AAF", "Text": null }, "geometry": { "type": "LineString", "coordinates": [ [ -73.991242904427423, 40.675913624305444, 0.0 ], [ -73.991245473642635, 40.675914099152742, 0.0 ] ] } },
{ "type": "Feature", "properties": { "Layer": "DRAWINGS$OUTLINE", "PaperSpace": null, "SubClasses": null, "Linetype": null, "EntityHandle": "AB0", "Text": null }, "geometry": { "type": "LineString", "coordinates": [ [ -73.991245473642635, 40.675914099152742, 0.0 ], [ -73.991248042961004, 40.675914573675541, 0.0 ] ] } },
{ "type": "Feature", "properties": { "Layer": "DRAWINGS$OUTLINE", "PaperSpace": null, "SubClasses": null, "Linetype": null, "EntityHandle": "AB1", "Text": null }, "geometry": { "type": "LineString", "coordinates": [ [ -73.991248042961004, 40.675914573675541, 0.0 ], [ -73.99125061238361, 40.675915047869985, 0.0 ] ] } },
{ "type": "Feature", "properties": { "Layer": "DRAWINGS$OUTLINE", "PaperSpace": null, "SubClasses": null, "Linetype": null, "EntityHandle": "AB2", "Text": null }, "geometry": { "type": "LineString", "coordinates": [ [ -73.99125061238361, 40.675915047869985, 0.0 ], [ -73.991253181911432, 40.675915521732151, 0.0 ] ] } },
{ "type": "Feature", "properties": { "Layer": "DRAWINGS$OUTLINE", "PaperSpace": null, "SubClasses": null, "Linetype": null, "EntityHandle": "AB3", "Text": null }, "geometry": { "type": "LineString", "coordinates": [ [ -73.991253181911432, 40.675915521732151, 0.0 ], [ -73.991255751545566, 40.675915995258116, 0.0 ] ] } },
{ "type": "Feature", "properties": { "Layer": "DRAWINGS$OUTLINE", "PaperSpace": null, "SubClasses": null, "Linetype": null, "EntityHandle": "AB4", "Text": null }, "geometry": { "type": "LineString", "coordinates": [ [ -73.991255751545566, 40.675915995258116, 0.0 ], [ -73.991258321286992, 40.67591646844393, 0.0 ] ] } },
{ "type": "Feature", "properties": { "Layer": "DRAWINGS$OUTLINE", "PaperSpace": null, "SubClasses": null, "Linetype": null, "EntityHandle": "AB5", "Text": null }, "geometry": { "type": "LineString", "coordinates": [ [ -73.991258321286992, 40.67591646844393, 0.0 ], [ -73.991260891136761, 40.675916941285735, 0.0 ] ] } },
{ "type": "Feature", "properties": { "Layer": "DRAWINGS$OUTLINE", "PaperSpace": null, "SubClasses": null, "Linetype": null, "EntityHandle": "AB6", "Text": null }, "geometry": { "type": "LineString", "coordinates": [ [ -73.991260891136761, 40.675916941285735, 0.0 ], [ -73.991263461095926, 40.675917413779587, 0.0 ] ] } },
{ "type": "Feature", "properties": { "Layer": "DRAWINGS$OUTLINE", "PaperSpace": null, "SubClasses": null, "Linetype": null, "EntityHandle": "AB7", "Text": null }, "geometry": { "type": "LineString", "coordinates": [ [ -73.991263461095926, 40.675917413779587, 0.0 ], [ -73.991266031165495, 40.675917885921557, 0.0 ] ] } },
{ "type": "Feature", "properties": { "Layer": "DRAWINGS$OUTLINE", "PaperSpace": null, "SubClasses": null, "Linetype": null, "EntityHandle": "AB8", "Text": null }, "geometry": { "type": "LineString", "coordinates": [ [ -73.991266031165495, 40.675917885921557, 0.0 ], [ -73.991268601346505, 40.675918357707751, 0.0 ] ] } },
{ "type": "Feature", "properties": { "Layer": "DRAWINGS$OUTLINE", "PaperSpace": null, "SubClasses": null, "Linetype": null, "EntityHandle": "AB9", "Text": null }, "geometry": { "type": "LineString", "coordinates": [ [ -73.991268601346505, 40.675918357707751, 0.0 ], [ -73.991271171640733, 40.675918829134204, 0.0 ] ] } },
{ "type": "Feature", "properties": { "Layer": "DRAWINGS$OUTLINE", "PaperSpace": null, "SubClasses": null, "Linetype": null, "EntityHandle": "ABA", "Text": null }, "geometry": { "type": "LineString", "coordinates": [ [ -73.991271171640733, 40.675918829134204, 0.0 ], [ -73.991273742055668, 40.675919300193492, 0.0 ] ] } },
{ "type": "Feature", "properties": { "Layer": "DRAWINGS$OUTLINE", "PaperSpace": null, "SubClasses": null, "Linetype": null, "EntityHandle": "ABB", "Text": null }, "geometry": { "type": "LineString", "coordinates": [ [ -73.991273742055668, 40.675919300193492, 0.0 ], [ -73.991276312565688, 40.675919770872845, 0.0 ] ] } },
{ "type": "Feature", "properties": { "Layer": "DRAWINGS$OUTLINE", "PaperSpace": null, "SubClasses": null, "Linetype": null, "EntityHandle": "ABC", "Text": null }, "geometry": { "type": "LineString", "coordinates": [ [ -73.991276312565688, 40.675919770872845, 0.0 ], [ -73.991278883228361, 40.675920241176087, 0.0 ] ] } },
{ "type": "Feature", "properties": { "Layer": "DRAWINGS$OUTLINE", "PaperSpace": null, "SubClasses": null, "Linetype": null, "EntityHandle": "ABD", "Text": null }, "geometry": { "type": "LineString", "coordinates": [ [ -73.991278883228361, 40.675920241176087, 0.0 ], [ -73.99128145400357, 40.67592071108902, 0.0 ] ] } },
{ "type": "Feature", "properties": { "Layer": "DRAWINGS$OUTLINE", "PaperSpace": null, "SubClasses": null, "Linetype": null, "EntityHandle": "ABE", "Text": null }, "geometry": { "type": "LineString", "coordinates": [ [ -73.99128145400357, 40.67592071108902, 0.0 ], [ -73.991284024904374, 40.675921180607048, 0.0 ] ] } },
{ "type": "Feature", "properties": { "Layer": "DRAWINGS$OUTLINE", "PaperSpace": null, "SubClasses": null, "Linetype": null, "EntityHandle": "ABF", "Text": null }, "geometry": { "type": "LineString", "coordinates": [ [ -73.991284024904374, 40.675921180607048, 0.0 ], [ -73.99128659593238, 40.675921649723293, 0.0 ] ] } },
{ "type": "Feature", "properties": { "Layer": "DRAWINGS$OUTLINE", "PaperSpace": null, "SubClasses": null, "Linetype": null, "EntityHandle": "AC0", "Text": null }, "geometry": { "type": "LineString", "coordinates": [ [ -73.99128659593238, 40.675921649723293, 0.0 ], [ -73.991289167066512, 40.675922118426577, 0.0 ] ] } },
{ "type": "Feature", "properties": { "Layer": "DRAWINGS$OUTLINE", "PaperSpace": null, "SubClasses": null, "Linetype": null, "EntityHandle": "AC1", "Text": null }, "geometry": { "type": "LineString", "coordinates": [ [ -73.991289167066512, 40.675922118426577, 0.0 ], [ -73.991291738340394, 40.67592258671543, 0.0 ] ] } },
{ "type": "Feature", "properties": { "Layer": "DRAWINGS$OUTLINE", "PaperSpace": null, "SubClasses": null, "Linetype": null, "EntityHandle": "AC2", "Text": null }, "geometry": { "type": "LineString", "coordinates": [ [ -73.991291738340394, 40.67592258671543, 0.0 ], [ -73.991294309753215, 40.675923054581986, 0.0 ] ] } },
{ "type": "Feature", "properties": { "Layer": "DRAWINGS$OUTLINE", "PaperSpace": null, "SubClasses": null, "Linetype": null, "EntityHandle": "AC3", "Text": null }, "geometry": { "type": "LineString", "coordinates": [ [ -73.991294309753215, 40.675923054581986, 0.0 ], [ -73.991296881305061, 40.675923522018245, 0.0 ] ] } },
{ "type": "Feature", "properties": { "Layer": "DRAWINGS$OUTLINE", "PaperSpace": null, "SubClasses": null, "Linetype": null, "EntityHandle": "AC4", "Text": null }, "geometry": { "type": "LineString", "coordinates": [ [ -73.991296881305061, 40.675923522018245, 0.0 ], [ -73.991299452996785, 40.67592398901612, 0.0 ] ] } },
{ "type": "Feature", "properties": { "Layer": "DRAWINGS$OUTLINE", "PaperSpace": null, "SubClasses": null, "Linetype": null, "EntityHandle": "AC5", "Text": null }, "geometry": { "type": "LineString", "coordinates": [ [ -73.991299452996785, 40.67592398901612, 0.0 ], [ -73.991302024829736, 40.675924455567362, 0.0 ] ] } },
{ "type": "Feature", "properties": { "Layer": "DRAWINGS$OUTLINE", "PaperSpace": null, "SubClasses": null, "Linetype": null, "EntityHandle": "AC6", "Text": null }, "geometry": { "type": "LineString", "coordinates": [ [ -73.991302024829736, 40.675924455567362, 0.0 ], [ -73.991304596805762, 40.675924921663572, 0.0 ] ] } },
{ "type": "Feature", "properties": { "Layer": "DRAWINGS$OUTLINE", "PaperSpace": null, "SubClasses": null, "Linetype": null, "EntityHandle": "AC7", "Text": null }, "geometry": { "type": "LineString", "coordinates": [ [ -73.991304596805762, 40.675924921663572, 0.0 ], [ -73.991307168927008, 40.675925387296068, 0.0 ] ] } },
{ "type": "Feature", "properties": { "Layer": "DRAWINGS$OUTLINE", "PaperSpace": null, "SubClasses": null, "Linetype": null, "EntityHandle": "AC8", "Text": null }, "geometry": { "type": "LineString", "coordinates": [ [ -73.991307168927008, 40.675925387296068, 0.0 ], [ -73.991309741186896, 40.675925852454363, 0.0 ] ] } },
{ "type": "Feature", "properties": { "Layer": "DRAWINGS$OUTLINE", "PaperSpace": null, "SubClasses": null, "Linetype": null, "EntityHandle": "AC9", "Text": null }, "geometry": { "type": "LineString", "coordinates": [ [ -73.991309741186896, 40.675925852454363, 0.0 ], [ -73.991312313605832, 40.675926317132429, 0.0 ] ] } },
{ "type": "Feature", "properties": { "Layer": "DRAWINGS$OUTLINE", "PaperSpace": null, "SubClasses": null, "Linetype": null, "EntityHandle": "ACA", "Text": null }, "geometry": { "type": "LineString", "coordinates": [ [ -73.991312313605832, 40.675926317132429, 0.0 ], [ -73.991314886265215, 40.675926781334951, 0.0 ] ] } },
{ "type": "Feature", "properties": { "Layer": "DRAWINGS$OUTLINE", "PaperSpace": null, "SubClasses": null, "Linetype": null, "EntityHandle": "ACB", "Text": null }, "geometry": { "type": "LineString", "coordinates": [ [ -73.991314886265215, 40.675926781334951, 0.0 ], [ -73.991317458991617, 40.67592724502034, 0.0 ] ] } },
{ "type": "Feature", "properties": { "Layer": "DRAWINGS$OUTLINE", "PaperSpace": null, "SubClasses": null, "Linetype": null, "EntityHandle": "ACC", "Text": null }, "geometry": { "type": "LineString", "coordinates": [ [ -73.991317458991617, 40.67592724502034, 0.0 ], [ -73.991320031873016, 40.675927708193719, 0.0 ] ] } },
{ "type": "Feature", "properties": { "Layer": "DRAWINGS$OUTLINE", "PaperSpace": null, "SubClasses": null, "Linetype": null, "EntityHandle": "ACD", "Text": null }, "geometry": { "type": "LineString", "coordinates": [ [ -73.991320031873016, 40.675927708193719, 0.0 ], [ -73.991322604913833, 40.675928170844763, 0.0 ] ] } },
{ "type": "Feature", "properties": { "Layer": "DRAWINGS$OUTLINE", "PaperSpace": null, "SubClasses": null, "Linetype": null, "EntityHandle": "ACE", "Text": null }, "geometry": { "type": "LineString", "coordinates": [ [ -73.991322604913833, 40.675928170844763, 0.0 ], [ -73.991325178118444, 40.675928632962751, 0.0 ] ] } },
{ "type": "Feature", "properties": { "Layer": "DRAWINGS$OUTLINE", "PaperSpace": null, "SubClasses": null, "Linetype": null, "EntityHandle": "ACF", "Text": null }, "geometry": { "type": "LineString", "coordinates": [ [ -73.991325178118444, 40.675928632962751, 0.0 ], [ -73.991327751491198, 40.675929094536485, 0.0 ] ] } },
{ "type": "Feature", "properties": { "Layer": "DRAWINGS$OUTLINE", "PaperSpace": null, "SubClasses": null, "Linetype": null, "EntityHandle": "AD0", "Text": null }, "geometry": { "type": "LineString", "coordinates": [ [ -73.991327751491198, 40.675929094536485, 0.0 ], [ -73.9913303250365, 40.675929555554291, 0.0 ] ] } },
{ "type": "Feature", "properties": { "Layer": "DRAWINGS$OUTLINE", "PaperSpace": null, "SubClasses": null, "Linetype": null, "EntityHandle": "AD1", "Text": null }, "geometry": { "type": "LineString", "coordinates": [ [ -73.9913303250365, 40.675929555554291, 0.0 ], [ -73.991332898758671, 40.675930016004067, 0.0 ] ] } },
{ "type": "Feature", "properties": { "Layer": "DRAWINGS$OUTLINE", "PaperSpace": null, "SubClasses": null, "Linetype": null, "EntityHandle": "AD2", "Text": null }, "geometry": { "type": "LineString", "coordinates": [ [ -73.991332898758671, 40.675930016004067, 0.0 ], [ -73.991335472662129, 40.675930475873145, 0.0 ] ] } },
{ "type": "Feature", "properties": { "Layer": "DRAWINGS$OUTLINE", "PaperSpace": null, "SubClasses": null, "Linetype": null, "EntityHandle": "AD3", "Text": null }, "geometry": { "type": "LineString", "coordinates": [ [ -73.991335472662129, 40.675930475873145, 0.0 ], [ -73.991338046751309, 40.675930935148301, 0.0 ] ] } },
{ "type": "Feature", "properties": { "Layer": "DRAWINGS$OUTLINE", "PaperSpace": null, "SubClasses": null, "Linetype": null, "EntityHandle": "AD4", "Text": null }, "geometry": { "type": "LineString", "coordinates": [ [ -73.991338046751309, 40.675930935148301, 0.0 ], [ -73.991340621030673, 40.675931393815809, 0.0 ] ] } },
{ "type": "Feature", "properties": { "Layer": "DRAWINGS$OUTLINE", "PaperSpace": null, "SubClasses": null, "Linetype": null, "EntityHandle": "AD5", "Text": null }, "geometry": { "type": "LineString", "coordinates": [ [ -73.991340621030673, 40.675931393815809, 0.0 ], [ -73.991343195504754, 40.675931851861236, 0.0 ] ] } },
{ "type": "Feature", "properties": { "Layer": "DRAWINGS$OUTLINE", "PaperSpace": null, "SubClasses": null, "Linetype": null, "EntityHandle": "AD6", "Text": null }, "geometry": { "type": "LineString", "coordinates": [ [ -73.991343195504754, 40.675931851861236, 0.0 ], [ -73.991345770178185, 40.675932309269648, 0.0 ] ] } },
{ "type": "Feature", "properties": { "Layer": "DRAWINGS$OUTLINE", "PaperSpace": null, "SubClasses": null, "Linetype": null, "EntityHandle": "AD7", "Text": null }, "geometry": { "type": "LineString", "coordinates": [ [ -73.991345770178185, 40.675932309269648, 0.0 ], [ -73.991348345055641, 40.675932766025305, 0.0 ] ] } },
{ "type": "Feature", "properties": { "Layer": "DRAWINGS$OUTLINE", "PaperSpace": null, "SubClasses": null, "Linetype": null, "EntityHandle": "AD8", "Text": null }, "geometry": { "type": "LineString", "coordinates": [ [ -73.991348345055641, 40.675932766025305, 0.0 ], [ -73.991350920141898, 40.675933222111802, 0.0 ] ] } },
{ "type": "Feature", "properties": { "Layer": "DRAWINGS$OUTLINE", "PaperSpace": null, "SubClasses": null, "Linetype": null, "EntityHandle": "AD9", "Text": null }, "geometry": { "type": "LineString", "coordinates": [ [ -73.991350920141898, 40.675933222111802, 0.0 ], [ -73.991353495441828, 40.675933677511942, 0.0 ] ] } },
{ "type": "Feature", "properties": { "Layer": "DRAWINGS$OUTLINE", "PaperSpace": null, "SubClasses": null, "Linetype": null, "EntityHandle": "ADA", "Text": null }, "geometry": { "type": "LineString", "coordinates": [ [ -73.991353495441828, 40.675933677511942, 0.0 ], [ -73.991356070960464, 40.675934132207793, 0.0 ] ] } },
{ "type": "Feature", "properties": { "Layer": "DRAWINGS$OUTLINE", "PaperSpace": null, "SubClasses": null, "Linetype": null, "EntityHandle": "ADB", "Text": null }, "geometry": { "type": "LineString", "coordinates": [ [ -73.991356070960464, 40.675934132207793, 0.0 ], [ -73.991358646676943, 40.675934586175913, 0.0 ] ] } },
{ "type": "Feature", "properties": { "Layer": "DRAWINGS$OUTLINE", "PaperSpace": null, "SubClasses": null, "Linetype": null, "EntityHandle": "ADC", "Text": null }, "geometry": { "type": "LineString", "coordinates": [ [ -73.991358646676943, 40.675934586175913, 0.0 ], [ -73.991361222619318, 40.675935039400571, 0.0 ] ] } },
{ "type": "Feature", "properties": { "Layer": "DRAWINGS$OUTLINE", "PaperSpace": null, "SubClasses": null, "Linetype": null, "EntityHandle": "ADD", "Text": null }, "geometry": { "type": "LineString", "coordinates": [ [ -73.991361222619318, 40.675935039400571, 0.0 ], [ -73.991363798793444, 40.675935491861104, 0.0 ] ] } },
{ "type": "Feature", "properties": { "Layer": "DRAWINGS$OUTLINE", "PaperSpace": null, "SubClasses": null, "Linetype": null, "EntityHandle": "ADE", "Text": null }, "geometry": { "type": "LineString", "coordinates": [ [ -73.991363798793444, 40.675935491861104, 0.0 ], [ -73.991366375205459, 40.675935943535841, 0.0 ] ] } },
{ "type": "Feature", "properties": { "Layer": "DRAWINGS$OUTLINE", "PaperSpace": null, "SubClasses": null, "Linetype": null, "EntityHandle": "ADF", "Text": null }, "geometry": { "type": "LineString", "coordinates": [ [ -73.991366375205459, 40.675935943535841, 0.0 ], [ -73.991368951861844, 40.675936394401958, 0.0 ] ] } },
{ "type": "Feature", "properties": { "Layer": "DRAWINGS$OUTLINE", "PaperSpace": null, "SubClasses": null, "Linetype": null, "EntityHandle": "AE0", "Text": null }, "geometry": { "type": "LineString", "coordinates": [ [ -73.991368951861844, 40.675936394401958, 0.0 ], [ -73.991371528769321, 40.675936844435491, 0.0 ] ] } },
{ "type": "Feature", "properties": { "Layer": "DRAWINGS$OUTLINE", "PaperSpace": null, "SubClasses": null, "Linetype": null, "EntityHandle": "AE1", "Text": null }, "geometry": { "type": "LineString", "coordinates": [ [ -73.991371528769321, 40.675936844435491, 0.0 ], [ -73.991374105935023, 40.67593729361122, 0.0 ] ] } },
{ "type": "Feature", "properties": { "Layer": "DRAWINGS$OUTLINE", "PaperSpace": null, "SubClasses": null, "Linetype": null, "EntityHandle": "AE2", "Text": null }, "geometry": { "type": "LineString", "coordinates": [ [ -73.991374105935023, 40.67593729361122, 0.0 ], [ -73.991376683366369, 40.675937741902516, 0.0 ] ] } },
{ "type": "Feature", "properties": { "Layer": "DRAWINGS$OUTLINE", "PaperSpace": null, "SubClasses": null, "Linetype": null, "EntityHandle": "AE3", "Text": null }, "geometry": { "type": "LineString", "coordinates": [ [ -73.991376683366369, 40.675937741902516, 0.0 ], [ -73.991379261071245, 40.675938189281339, 0.0 ] ] } },
{ "type": "Feature", "properties": { "Layer": "DRAWINGS$OUTLINE", "PaperSpace": null, "SubClasses": null, "Linetype": null, "EntityHandle": "AE4", "Text": null }, "geometry": { "type": "LineString", "coordinates": [ [ -73.991379261071245, 40.675938189281339, 0.0 ], [ -73.991381839057922, 40.675938635718012, 0.0 ] ] } },
{ "type": "Feature", "properties": { "Layer": "DRAWINGS$OUTLINE", "PaperSpace": null, "SubClasses": null, "Linetype": null, "EntityHandle": "AE5", "Text": null }, "geometry": { "type": "LineString", "coordinates": [ [ -73.991381839057922, 40.675938635718012, 0.0 ], [ -73.991384417354752, 40.675939081184609, 0.0 ] ] } },
{ "type": "Feature", "properties": { "Layer": "DRAWINGS$OUTLINE", "PaperSpace": null, "SubClasses": null, "Linetype": null, "EntityHandle": "AE6", "Text": null }, "geometry": { "type": "LineString", "coordinates": [ [ -73.991384417354752, 40.675939081184609, 0.0 ], [ -73.99138699594296, 40.675939525643024, 0.0 ] ] } },
{ "type": "Feature", "properties": { "Layer": "DRAWINGS$OUTLINE", "PaperSpace": null, "SubClasses": null, "Linetype": null, "EntityHandle": "AE7", "Text": null }, "geometry": { "type": "LineString", "coordinates": [ [ -73.99138699594296, 40.675939525643024, 0.0 ], [ -73.991389574830009, 40.675939969057687, 0.0 ] ] } },
{ "type": "Feature", "properties": { "Layer": "DRAWINGS$OUTLINE", "PaperSpace": null, "SubClasses": null, "Linetype": null, "EntityHandle": "AE8", "Text": null }, "geometry": { "type": "LineString", "coordinates": [ [ -73.991389574830009, 40.675939969057687, 0.0 ], [ -73.991392153991185, 40.67594041138522, 0.0 ] ] } },
{ "type": "Feature", "properties": { "Layer": "DRAWINGS$OUTLINE", "PaperSpace": null, "SubClasses": null, "Linetype": null, "EntityHandle": "AE9", "Text": null }, "geometry": { "type": "LineString", "coordinates": [ [ -73.991392153991185, 40.67594041138522, 0.0 ], [ -73.991394733528097, 40.675940852601443, 0.0 ] ] } },
{ "type": "Feature", "properties": { "Layer": "DRAWINGS$OUTLINE", "PaperSpace": null, "SubClasses": null, "Linetype": null, "EntityHandle": "AEA", "Text": null }, "geometry": { "type": "LineString", "coordinates": [ [ -73.991394733528097, 40.675940852601443, 0.0 ], [ -73.991397313407276, 40.675941292656219, 0.0 ] ] } },
{ "type": "Feature", "properties": { "Layer": "DRAWINGS$OUTLINE", "PaperSpace": null, "SubClasses": null, "Linetype": null, "EntityHandle": "AEB", "Text": null }, "geometry": { "type": "LineString", "coordinates": [ [ -73.991397313407276, 40.675941292656219, 0.0 ], [ -73.991399893641002, 40.675941731504423, 0.0 ] ] } },
{ "type": "Feature", "properties": { "Layer": "DRAWINGS$OUTLINE", "PaperSpace": null, "SubClasses": null, "Linetype": null, "EntityHandle": "AEC", "Text": null }, "geometry": { "type": "LineString", "coordinates": [ [ -73.991399893641002, 40.675941731504423, 0.0 ], [ -73.991402474242349, 40.675942169097745, 0.0 ] ] } },
{ "type": "Feature", "properties": { "Layer": "DRAWINGS$OUTLINE", "PaperSpace": null, "SubClasses": null, "Linetype": null, "EntityHandle": "AED", "Text": null }, "geometry": { "type": "LineString", "coordinates": [ [ -73.991402474242349, 40.675942169097745, 0.0 ], [ -73.991405055225314, 40.675942605384513, 0.0 ] ] } },
{ "type": "Feature", "properties": { "Layer": "DRAWINGS$OUTLINE", "PaperSpace": null, "SubClasses": null, "Linetype": null, "EntityHandle": "AEE", "Text": null }, "geometry": { "type": "LineString", "coordinates": [ [ -73.991405055225314, 40.675942605384513, 0.0 ], [ -73.991407636604777, 40.67594304030937, 0.0 ] ] } },
{ "type": "Feature", "properties": { "Layer": "DRAWINGS$OUTLINE", "PaperSpace": null, "SubClasses": null, "Linetype": null, "EntityHandle": "AEF", "Text": null }, "geometry": { "type": "LineString", "coordinates": [ [ -73.991407636604777, 40.67594304030937, 0.0 ], [ -73.991410218395586, 40.675943473812517, 0.0 ] ] } },
{ "type": "Feature", "properties": { "Layer": "DRAWINGS$OUTLINE", "PaperSpace": null, "SubClasses": null, "Linetype": null, "EntityHandle": "AF0", "Text": null }, "geometry": { "type": "LineString", "coordinates": [ [ -73.991410218395586, 40.675943473812517, 0.0 ], [ -73.991412800614626, 40.675943905826024, 0.0 ] ] } },
{ "type": "Feature", "properties": { "Layer": "DRAWINGS$OUTLINE", "PaperSpace": null, "SubClasses": null, "Linetype": null, "EntityHandle": "AF1", "Text": null }, "geometry": { "type": "LineString", "coordinates": [ [ -73.991412800614626, 40.675943905826024, 0.0 ], [ -73.991415383249731, 40.67594433633429, 0.0 ] ] } },
{ "type": "Feature", "properties": { "Layer": "DRAWINGS$OUTLINE", "PaperSpace": null, "SubClasses": null, "Linetype": null, "EntityHandle": "AF2", "Text": null }, "geometry": { "type": "LineString", "coordinates": [ [ -73.991415383249731, 40.67594433633429, 0.0 ], [ -73.991417966328925, 40.675944765358587, 0.0 ] ] } },
{ "type": "Feature", "properties": { "Layer": "DRAWINGS$OUTLINE", "PaperSpace": null, "SubClasses": null, "Linetype": null, "EntityHandle": "AF3", "Text": null }, "geometry": { "type": "LineString", "coordinates": [ [ -73.991417966328925, 40.675944765358587, 0.0 ], [ -73.991420549843937, 40.675945192914135, 0.0 ] ] } },
{ "type": "Feature", "properties": { "Layer": "DRAWINGS$OUTLINE", "PaperSpace": null, "SubClasses": null, "Linetype": null, "EntityHandle": "AF4", "Text": null }, "geometry": { "type": "LineString", "coordinates": [ [ -73.991420549843937, 40.675945192914135, 0.0 ], [ -73.991423133773424, 40.67594561901398, 0.0 ] ] } },
{ "type": "Feature", "properties": { "Layer": "DRAWINGS$OUTLINE", "PaperSpace": null, "SubClasses": null, "Linetype": null, "EntityHandle": "AF5", "Text": null }, "geometry": { "type": "LineString", "coordinates": [ [ -73.991423133773424, 40.67594561901398, 0.0 ], [ -73.991425718096082, 40.675946043671232, 0.0 ] ] } },
{ "type": "Feature", "properties": { "Layer": "DRAWINGS$OUTLINE", "PaperSpace": null, "SubClasses": null, "Linetype": null, "EntityHandle": "AF6", "Text": null }, "geometry": { "type": "LineString", "coordinates": [ [ -73.991425718096082, 40.675946043671232, 0.0 ], [ -73.991428302829732, 40.675946466905415, 0.0 ] ] } },
{ "type": "Feature", "properties": { "Layer": "DRAWINGS$OUTLINE", "PaperSpace": null, "SubClasses": null, "Linetype": null, "EntityHandle": "AF7", "Text": null }, "geometry": { "type": "LineString", "coordinates": [ [ -73.991428302829732, 40.675946466905415, 0.0 ], [ -73.991430887966075, 40.675946888731715, 0.0 ] ] } },
{ "type": "Feature", "properties": { "Layer": "DRAWINGS$OUTLINE", "PaperSpace": null, "SubClasses": null, "Linetype": null, "EntityHandle": "AF8", "Text": null }, "geometry": { "type": "LineString", "coordinates": [ [ -73.991430887966075, 40.675946888731715, 0.0 ], [ -73.991433473496812, 40.675947309165394, 0.0 ] ] } },
{ "type": "Feature", "properties": { "Layer": "DRAWINGS$OUTLINE", "PaperSpace": null, "SubClasses": null, "Linetype": null, "EntityHandle": "AF9", "Text": null }, "geometry": { "type": "LineString", "coordinates": [ [ -73.991433473496812, 40.675947309165394, 0.0 ], [ -73.991436059413715, 40.675947728221594, 0.0 ] ] } },
{ "type": "Feature", "properties": { "Layer": "DRAWINGS$OUTLINE", "PaperSpace": null, "SubClasses": null, "Linetype": null, "EntityHandle": "AFA", "Text": null }, "geometry": { "type": "LineString", "coordinates": [ [ -73.991436059413715, 40.675947728221594, 0.0 ], [ -73.991438645708485, 40.675948145915548, 0.0 ] ] } },
{ "type": "Feature", "properties": { "Layer": "DRAWINGS$OUTLINE", "PaperSpace": null, "SubClasses": null, "Linetype": null, "EntityHandle": "AFB", "Text": null }, "geometry": { "type": "LineString", "coordinates": [ [ -73.991438645708485, 40.675948145915548, 0.0 ], [ -73.991441232372821, 40.675948562262512, 0.0 ] ] } },
{ "type": "Feature", "properties": { "Layer": "DRAWINGS$OUTLINE", "PaperSpace": null, "SubClasses": null, "Linetype": null, "EntityHandle": "AFC", "Text": null }, "geometry": { "type": "LineString", "coordinates": [ [ -73.991441232372821, 40.675948562262512, 0.0 ], [ -73.991443819398512, 40.675948977277663, 0.0 ] ] } },
{ "type": "Feature", "properties": { "Layer": "DRAWINGS$OUTLINE", "PaperSpace": null, "SubClasses": null, "Linetype": null, "EntityHandle": "AFD", "Text": null }, "geometry": { "type": "LineString", "coordinates": [ [ -73.991443819398512, 40.675948977277663, 0.0 ], [ -73.991446406777243, 40.675949390976179, 0.0 ] ] } },
{ "type": "Feature", "properties": { "Layer": "DRAWINGS$OUTLINE", "PaperSpace": null, "SubClasses": null, "Linetype": null, "EntityHandle": "AFE", "Text": null }, "geometry": { "type": "LineString", "coordinates": [ [ -73.991446406777243, 40.675949390976179, 0.0 ], [ -73.991448994500743, 40.675949803373335, 0.0 ] ] } },
{ "type": "Feature", "properties": { "Layer": "DRAWINGS$OUTLINE", "PaperSpace": null, "SubClasses": null, "Linetype": null, "EntityHandle": "AFF", "Text": null }, "geometry": { "type": "LineString", "coordinates": [ [ -73.991448994500743, 40.675949803373335, 0.0 ], [ -73.991451582593072, 40.675950214503388, 0.0 ] ] } },
{ "type": "Feature", "properties": { "Layer": "DRAWINGS$OUTLINE", "PaperSpace": null, "SubClasses": null, "Linetype": null, "EntityHandle": "B00", "Text": null }, "geometry": { "type": "LineString", "coordinates": [ [ -73.991451582593072, 40.675950214503388, 0.0 ], [ -73.991454171021843, 40.675950624425077, 0.0 ] ] } },
{ "type": "Feature", "properties": { "Layer": "DRAWINGS$OUTLINE", "PaperSpace": null, "SubClasses": null, "Linetype": null, "EntityHandle": "B01", "Text": null }, "geometry": { "type": "LineString", "coordinates": [ [ -73.991454171021843, 40.675950624425077, 0.0 ], [ -73.991456759765626, 40.675951033194735, 0.0 ] ] } },
{ "type": "Feature", "properties": { "Layer": "DRAWINGS$OUTLINE", "PaperSpace": null, "SubClasses": null, "Linetype": null, "EntityHandle": "B02", "Text": null }, "geometry": { "type": "LineString", "coordinates": [ [ -73.991456759765626, 40.675951033194735, 0.0 ], [ -73.991459348807183, 40.675951440869049, 0.0 ] ] } },
{ "type": "Feature", "properties": { "Layer": "DRAWINGS$OUTLINE", "PaperSpace": null, "SubClasses": null, "Linetype": null, "EntityHandle": "B03", "Text": null }, "geometry": { "type": "LineString", "coordinates": [ [ -73.991459348807183, 40.675951440869049, 0.0 ], [ -73.991461938131536, 40.67595184750521, 0.0 ] ] } },
{ "type": "Feature", "properties": { "Layer": "DRAWINGS$OUTLINE", "PaperSpace": null, "SubClasses": null, "Linetype": null, "EntityHandle": "B04", "Text": null }, "geometry": { "type": "LineString", "coordinates": [ [ -73.991461938131536, 40.67595184750521, 0.0 ], [ -73.991464527721206, 40.675952253159949, 0.0 ] ] } },
{ "type": "Feature", "properties": { "Layer": "DRAWINGS$OUTLINE", "PaperSpace": null, "SubClasses": null, "Linetype": null, "EntityHandle": "B05", "Text": null }, "geometry": { "type": "LineString", "coordinates": [ [ -73.991464527721206, 40.675952253159949, 0.0 ], [ -73.991467117558628, 40.675952657890029, 0.0 ] ] } },
{ "type": "Feature", "properties": { "Layer": "DRAWINGS$OUTLINE", "PaperSpace": null, "SubClasses": null, "Linetype": null, "EntityHandle": "B06", "Text": null }, "geometry": { "type": "LineString", "coordinates": [ [ -73.991467117558628, 40.675952657890029, 0.0 ], [ -73.991469707628113, 40.67595306175172, 0.0 ] ] } },
{ "type": "Feature", "properties": { "Layer": "DRAWINGS$OUTLINE", "PaperSpace": null, "SubClasses": null, "Linetype": null, "EntityHandle": "B07", "Text": null }, "geometry": { "type": "LineString", "coordinates": [ [ -73.991469707628113, 40.67595306175172, 0.0 ], [ -73.99147229791572, 40.67595346480978, 0.0 ] ] } },
{ "type": "Feature", "properties": { "Layer": "DRAWINGS$OUTLINE", "PaperSpace": null, "SubClasses": null, "Linetype": null, "EntityHandle": "B08", "Text": null }, "geometry": { "type": "LineString", "coordinates": [ [ -73.99147229791572, 40.67595346480978, 0.0 ], [ -73.991474888389561, 40.675953867174627, 0.0 ] ] } },
{ "type": "Feature", "properties": { "Layer": "DRAWINGS$OUTLINE", "PaperSpace": null, "SubClasses": null, "Linetype": null, "EntityHandle": "B09", "Text": null }, "geometry": { "type": "LineString", "coordinates": [ [ -73.991474888389561, 40.675953867174627, 0.0 ], [ -73.991477479016666, 40.675954268965548, 0.0 ] ] } },
{ "type": "Feature", "properties": { "Layer": "DRAWINGS$OUTLINE", "PaperSpace": null, "SubClasses": null, "Linetype": null, "EntityHandle": "B0A", "Text": null }, "geometry": { "type": "LineString", "coordinates": [ [ -73.991477479016666, 40.675954268965548, 0.0 ], [ -73.991480069765601, 40.675954670302175, 0.0 ] ] } },
{ "type": "Feature", "properties": { "Layer": "DRAWINGS$OUTLINE", "PaperSpace": null, "SubClasses": null, "Linetype": null, "EntityHandle": "B0B", "Text": null }, "geometry": { "type": "LineString", "coordinates": [ [ -73.991480069765601, 40.675954670302175, 0.0 ], [ -73.99148266060422, 40.675955071303974, 0.0 ] ] } },
{ "type": "Feature", "properties": { "Layer": "DRAWINGS$OUTLINE", "PaperSpace": null, "SubClasses": null, "Linetype": null, "EntityHandle": "B0C", "Text": null }, "geometry": { "type": "LineString", "coordinates": [ [ -73.99148266060422, 40.675955071303974, 0.0 ], [ -73.991485251500336, 40.675955472090358, 0.0 ] ] } },
{ "type": "Feature", "properties": { "Layer": "DRAWINGS$OUTLINE", "PaperSpace": null, "SubClasses": null, "Linetype": null, "EntityHandle": "B0D", "Text": null }, "geometry": { "type": "LineString", "coordinates": [ [ -73.991485251500336, 40.675955472090358, 0.0 ], [ -73.991487842421748, 40.675955872780868, 0.0 ] ] } },
{ "type": "Feature", "properties": { "Layer": "DRAWINGS$OUTLINE", "PaperSpace": null, "SubClasses": null, "Linetype": null, "EntityHandle": "B0E", "Text": null }, "geometry": { "type": "LineString", "coordinates": [ [ -73.991487842421748, 40.675955872780868, 0.0 ], [ -73.99149043333523, 40.675956273497384, 0.0 ] ] } },
{ "type": "Feature", "properties": { "Layer": "DRAWINGS$OUTLINE", "PaperSpace": null, "SubClasses": null, "Linetype": null, "EntityHandle": "B0F", "Text": null }, "geometry": { "type": "LineString", "coordinates": [ [ -73.99149043333523, 40.675956273497384, 0.0 ], [ -73.991493024194412, 40.675956674421819, 0.0 ] ] } },
{ "type": "Feature", "properties": { "Layer": "DRAWINGS$OUTLINE", "PaperSpace": null, "SubClasses": null, "Linetype": null, "EntityHandle": "B10", "Text": null }, "geometry": { "type": "LineString", "coordinates": [ [ -73.991493024194412, 40.675956674421819, 0.0 ], [ -73.991495614937847, 40.67595707578473, 0.0 ] ] } },
{ "type": "Feature", "properties": { "Layer": "DRAWINGS$OUTLINE", "PaperSpace": null, "SubClasses": null, "Linetype": null, "EntityHandle": "B11", "Text": null }, "geometry": { "type": "LineString", "coordinates": [ [ -73.991495614937847, 40.67595707578473, 0.0 ], [ -73.991498205502296, 40.675957477817562, 0.0 ] ] } },
{ "type": "Feature", "properties": { "Layer": "DRAWINGS$OUTLINE", "PaperSpace": null, "SubClasses": null, "Linetype": null, "EntityHandle": "B12", "Text": null }, "geometry": { "type": "LineString", "coordinates": [ [ -73.991498205502296, 40.675957477817562, 0.0 ], [ -73.991500795824621, 40.675957880751618, 0.0 ] ] } },
{ "type": "Feature", "properties": { "Layer": "DRAWINGS$OUTLINE", "PaperSpace": null, "SubClasses": null, "Linetype": null, "EntityHandle": "B13", "Text": null }, "geometry": { "type": "LineString", "coordinates": [ [ -73.991500795824621, 40.675957880751618, 0.0 ], [ -73.991503385840886, 40.675958284818236, 0.0 ] ] } },
{ "type": "Feature", "properties": { "Layer": "DRAWINGS$OUTLINE", "PaperSpace": null, "SubClasses": null, "Linetype": null, "EntityHandle": "B14", "Text": null }, "geometry": { "type": "LineString", "coordinates": [ [ -73.991503385840886, 40.675958284818236, 0.0 ], [ -73.991505975486916, 40.675958690248663, 0.0 ] ] } },
{ "type": "Feature", "properties": { "Layer": "DRAWINGS$OUTLINE", "PaperSpace": null, "SubClasses": null, "Linetype": null, "EntityHandle": "B15", "Text": null }, "geometry": { "type": "LineString", "coordinates": [ [ -73.991505975486916, 40.675958690248663, 0.0 ], [ -73.991508564688189, 40.675959097281428, 0.0 ] ] } },
{ "type": "Feature", "properties": { "Layer": "DRAWINGS$OUTLINE", "PaperSpace": null, "SubClasses": null, "Linetype": null, "EntityHandle": "B16", "Text": null }, "geometry": { "type": "LineString", "coordinates": [ [ -73.991508564688189, 40.675959097281428, 0.0 ], [ -73.991511153378411, 40.67595950629233, 0.0 ] ] } },
{ "type": "Feature", "properties": { "Layer": "DRAWINGS$OUTLINE", "PaperSpace": null, "SubClasses": null, "Linetype": null, "EntityHandle": "B17", "Text": null }, "geometry": { "type": "LineString", "coordinates": [ [ -73.991511153378411, 40.67595950629233, 0.0 ], [ -73.991513741408255, 40.675959917700467, 0.0 ] ] } },
{ "type": "Feature", "properties": { "Layer": "DRAWINGS$OUTLINE", "PaperSpace": null, "SubClasses": null, "Linetype": null, "EntityHandle": "B18", "Text": null }, "geometry": { "type": "LineString", "coordinates": [ [ -73.991513741408255, 40.675959917700467, 0.0 ], [ -73.991516328668681, 40.675960331931201, 0.0 ] ] } },
{ "type": "Feature", "properties": { "Layer": "DRAWINGS$OUTLINE", "PaperSpace": null, "SubClasses": null, "Linetype": null, "EntityHandle": "B19", "Text": null }, "geometry": { "type": "LineString", "coordinates": [ [ -73.991516328668681, 40.675960331931201, 0.0 ], [ -73.991518915023534, 40.675960749405704, 0.0 ] ] } },
{ "type": "Feature", "properties": { "Layer": "DRAWINGS$OUTLINE", "PaperSpace": null, "SubClasses": null, "Linetype": null, "EntityHandle": "B1A", "Text": null }, "geometry": { "type": "LineString", "coordinates": [ [ -73.991518915023534, 40.675960749405704, 0.0 ], [ -73.991521500334784, 40.675961170544895, 0.0 ] ] } },
{ "type": "Feature", "properties": { "Layer": "DRAWINGS$OUTLINE", "PaperSpace": null, "SubClasses": null, "Linetype": null, "EntityHandle": "B1B", "Text": null }, "geometry": { "type": "LineString", "coordinates": [ [ -73.991521500334784, 40.675961170544895, 0.0 ], [ -73.991524084474335, 40.675961595767888, 0.0 ] ] } },
{ "type": "Feature", "properties": { "Layer": "DRAWINGS$OUTLINE", "PaperSpace": null, "SubClasses": null, "Linetype": null, "EntityHandle": "B1C", "Text": null }, "geometry": { "type": "LineString", "coordinates": [ [ -73.991524084474335, 40.675961595767888, 0.0 ], [ -73.99152666734139, 40.675962025557546, 0.0 ] ] } },
{ "type": "Feature", "properties": { "Layer": "DRAWINGS$OUTLINE", "PaperSpace": null, "SubClasses": null, "Linetype": null, "EntityHandle": "B1D", "Text": null }, "geometry": { "type": "LineString", "coordinates": [ [ -73.99152666734139, 40.675962025557546, 0.0 ], [ -73.991529248678958, 40.675962460624547, 0.0 ] ] } },
{ "type": "Feature", "properties": { "Layer": "DRAWINGS$OUTLINE", "PaperSpace": null, "SubClasses": null, "Linetype": null, "EntityHandle": "B1E", "Text": null }, "geometry": { "type": "LineString", "coordinates": [ [ -73.991529248678958, 40.675962460624547, 0.0 ], [ -73.991531828243481, 40.675962901719629, 0.0 ] ] } },
{ "type": "Feature", "properties": { "Layer": "DRAWINGS$OUTLINE", "PaperSpace": null, "SubClasses": null, "Linetype": null, "EntityHandle": "B1F", "Text": null }, "geometry": { "type": "LineString", "coordinates": [ [ -73.991531828243481, 40.675962901719629, 0.0 ], [ -73.991534405793814, 40.675963349601034, 0.0 ] ] } },
{ "type": "Feature", "properties": { "Layer": "DRAWINGS$OUTLINE", "PaperSpace": null, "SubClasses": null, "Linetype": null, "EntityHandle": "B20", "Text": null }, "geometry": { "type": "LineString", "coordinates": [ [ -73.991534405793814, 40.675963349601034, 0.0 ], [ -73.991536981056868, 40.675963805041256, 0.0 ] ] } },
{ "type": "Feature", "properties": { "Layer": "DRAWINGS$OUTLINE", "PaperSpace": null, "SubClasses": null, "Linetype": null, "EntityHandle": "B21", "Text": null }, "geometry": { "type": "LineString", "coordinates": [ [ -73.991536981056868, 40.675963805041256, 0.0 ], [ -73.991539553748183, 40.675964268842982, 0.0 ] ] } },
{ "type": "Feature", "properties": { "Layer": "DRAWINGS$OUTLINE", "PaperSpace": null, "SubClasses": null, "Linetype": null, "EntityHandle": "B22", "Text": null }, "geometry": { "type": "LineString", "coordinates": [ [ -73.991539553748183, 40.675964268842982, 0.0 ], [ -73.991542123546992, 40.675964741847352, 0.0 ] ] } },
{ "type": "Feature", "properties": { "Layer": "DRAWINGS$OUTLINE", "PaperSpace": null, "SubClasses": null, "Linetype": null, "EntityHandle": "B23", "Text": null }, "geometry": { "type": "LineString", "coordinates": [ [ -73.991542123546992, 40.675964741847352, 0.0 ], [ -73.991544690118673, 40.675965224951845, 0.0 ] ] } },
{ "type": "Feature", "properties": { "Layer": "DRAWINGS$OUTLINE", "PaperSpace": null, "SubClasses": null, "Linetype": null, "EntityHandle": "B24", "Text": null }, "geometry": { "type": "LineString", "coordinates": [ [ -73.991544690118673, 40.675965224951845, 0.0 ], [ -73.991547253039172, 40.675965719111012, 0.0 ] ] } },
{ "type": "Feature", "properties": { "Layer": "DRAWINGS$OUTLINE", "PaperSpace": null, "SubClasses": null, "Linetype": null, "EntityHandle": "B25", "Text": null }, "geometry": { "type": "LineString", "coordinates": [ [ -73.991547253039172, 40.675965719111012, 0.0 ], [ -73.991549811881598, 40.675966225369876, 0.0 ] ] } },
{ "type": "Feature", "properties": { "Layer": "DRAWINGS$OUTLINE", "PaperSpace": null, "SubClasses": null, "Linetype": null, "EntityHandle": "B26", "Text": null }, "geometry": { "type": "LineString", "coordinates": [ [ -73.991549811881598, 40.675966225369876, 0.0 ], [ -73.991552366140425, 40.675966744869889, 0.0 ] ] } },
{ "type": "Feature", "properties": { "Layer": "DRAWINGS$OUTLINE", "PaperSpace": null, "SubClasses": null, "Linetype": null, "EntityHandle": "B27", "Text": null }, "geometry": { "type": "LineString", "coordinates": [ [ -73.991552366140425, 40.675966744869889, 0.0 ], [ -73.991554915249338, 40.675967278876186, 0.0 ] ] } },
{ "type": "Feature", "properties": { "Layer": "DRAWINGS$OUTLINE", "PaperSpace": null, "SubClasses": null, "Linetype": null, "EntityHandle": "B28", "Text": null }, "geometry": { "type": "LineString", "coordinates": [ [ -73.991554915249338, 40.675967278876186, 0.0 ], [ -73.991557458482831, 40.67596782878605, 0.0 ] ] } },
{ "type": "Feature", "properties": { "Layer": "DRAWINGS$OUTLINE", "PaperSpace": null, "SubClasses": null, "Linetype": null, "EntityHandle": "B29", "Text": null }, "geometry": { "type": "LineString", "coordinates": [ [ -73.991557458482831, 40.67596782878605, 0.0 ], [ -73.991559996177287, 40.675968393364137, 0.0 ] ] } },
{ "type": "Feature", "properties": { "Layer": "DRAWINGS$OUTLINE", "PaperSpace": null, "SubClasses": null, "Linetype": null, "EntityHandle": "B2A", "Text": null }, "geometry": { "type": "LineString", "coordinates": [ [ -73.991559996177287, 40.675968393364137, 0.0 ], [ -73.991562525556645, 40.675968979150845, 0.0 ] ] } },
{ "type": "Feature", "properties": { "Layer": "DRAWINGS$OUTLINE", "PaperSpace": null, "SubClasses": null, "Linetype": null, "EntityHandle": "B2B", "Text": null }, "geometry": { "type": "LineString", "coordinates": [ [ -73.991562525556645, 40.675968979150845, 0.0 ], [ -73.991565046160602, 40.675969586503982, 0.0 ] ] } },
{ "type": "Feature", "properties": { "Layer": "DRAWINGS$OUTLINE", "PaperSpace": null, "SubClasses": null, "Linetype": null, "EntityHandle": "B2C", "Text": null }, "geometry": { "type": "LineString", "coordinates": [ [ -73.991565046160602, 40.675969586503982, 0.0 ], [ -73.991567557651408, 40.675970215342247, 0.0 ] ] } },
{ "type": "Feature", "properties": { "Layer": "DRAWINGS$OUTLINE", "PaperSpace": null, "SubClasses": null, "Linetype": null, "EntityHandle": "B2D", "Text": null }, "geometry": { "type": "LineString", "coordinates": [ [ -73.991567557651408, 40.675970215342247, 0.0 ], [ -73.991570059719962, 40.67597086558817, 0.0 ] ] } },
{ "type": "Feature", "properties": { "Layer": "DRAWINGS$OUTLINE", "PaperSpace": null, "SubClasses": null, "Linetype": null, "EntityHandle": "B2E", "Text": null }, "geometry": { "type": "LineString", "coordinates": [ [ -73.991570059719962, 40.67597086558817, 0.0 ], [ -73.991572552051494, 40.675971537159924, 0.0 ] ] } },
{ "type": "Feature", "properties": { "Layer": "DRAWINGS$OUTLINE", "PaperSpace": null, "SubClasses": null, "Linetype": null, "EntityHandle": "B2F", "Text": null }, "geometry": { "type": "LineString", "coordinates": [ [ -73.991572552051494, 40.675971537159924, 0.0 ], [ -73.991575032751072, 40.675972233211631, 0.0 ] ] } },
{ "type": "Feature", "properties": { "Layer": "DRAWINGS$OUTLINE", "PaperSpace": null, "SubClasses": null, "Linetype": null, "EntityHandle": "B30", "Text": null }, "geometry": { "type": "LineString", "coordinates": [ [ -73.991575032751072, 40.675972233211631, 0.0 ], [ -73.991577499907436, 40.675972956599409, 0.0 ] ] } },
{ "type": "Feature", "properties": { "Layer": "DRAWINGS$OUTLINE", "PaperSpace": null, "SubClasses": null, "Linetype": null, "EntityHandle": "B31", "Text": null }, "geometry": { "type": "LineString", "coordinates": [ [ -73.991577499907436, 40.675972956599409, 0.0 ], [ -73.991579953435064, 40.675973706402623, 0.0 ] ] } },
{ "type": "Feature", "properties": { "Layer": "DRAWINGS$OUTLINE", "PaperSpace": null, "SubClasses": null, "Linetype": null, "EntityHandle": "B32", "Text": null }, "geometry": { "type": "LineString", "coordinates": [ [ -73.991579953435064, 40.675973706402623, 0.0 ], [ -73.991582392391535, 40.675974483305239, 0.0 ] ] } },
{ "type": "Feature", "properties": { "Layer": "DRAWINGS$OUTLINE", "PaperSpace": null, "SubClasses": null, "Linetype": null, "EntityHandle": "B33", "Text": null }, "geometry": { "type": "LineString", "coordinates": [ [ -73.991582392391535, 40.675974483305239, 0.0 ], [ -73.991584815733631, 40.675975288031829, 0.0 ] ] } },
{ "type": "Feature", "properties": { "Layer": "DRAWINGS$OUTLINE", "PaperSpace": null, "SubClasses": null, "Linetype": null, "EntityHandle": "B34", "Text": null }, "geometry": { "type": "LineString", "coordinates": [ [ -73.991584815733631, 40.675975288031829, 0.0 ], [ -73.991587222329258, 40.675976121352392, 0.0 ] ] } },
{ "type": "Feature", "properties": { "Layer": "DRAWINGS$OUTLINE", "PaperSpace": null, "SubClasses": null, "Linetype": null, "EntityHandle": "B35", "Text": null }, "geometry": { "type": "LineString", "coordinates": [ [ -73.991587222329258, 40.675976121352392, 0.0 ], [ -73.991589610973818, 40.675976984090994, 0.0 ] ] } },
{ "type": "Feature", "properties": { "Layer": "DRAWINGS$OUTLINE", "PaperSpace": null, "SubClasses": null, "Linetype": null, "EntityHandle": "B36", "Text": null }, "geometry": { "type": "LineString", "coordinates": [ [ -73.991589610973818, 40.675976984090994, 0.0 ], [ -73.991591980348744, 40.675977877114228, 0.0 ] ] } },
{ "type": "Feature", "properties": { "Layer": "DRAWINGS$OUTLINE", "PaperSpace": null, "SubClasses": null, "Linetype": null, "EntityHandle": "B37", "Text": null }, "geometry": { "type": "LineString", "coordinates": [ [ -73.991591980348744, 40.675977877114228, 0.0 ], [ -73.991594328988199, 40.675978801320127, 0.0 ] ] } },
{ "type": "Feature", "properties": { "Layer": "DRAWINGS$OUTLINE", "PaperSpace": null, "SubClasses": null, "Linetype": null, "EntityHandle": "B38", "Text": null }, "geometry": { "type": "LineString", "coordinates": [ [ -73.991594328988199, 40.675978801320127, 0.0 ], [ -73.991596655326347, 40.675979757657814, 0.0 ] ] } },
{ "type": "Feature", "properties": { "Layer": "DRAWINGS$OUTLINE", "PaperSpace": null, "SubClasses": null, "Linetype": null, "EntityHandle": "B39", "Text": null }, "geometry": { "type": "LineString", "coordinates": [ [ -73.991596655326347, 40.675979757657814, 0.0 ], [ -73.991598957644896, 40.675980747109271, 0.0 ] ] } },
{ "type": "Feature", "properties": { "Layer": "DRAWINGS$OUTLINE", "PaperSpace": null, "SubClasses": null, "Linetype": null, "EntityHandle": "B3A", "Text": null }, "geometry": { "type": "LineString", "coordinates": [ [ -73.991598957644896, 40.675980747109271, 0.0 ], [ -73.991601234077734, 40.675981770692253, 0.0 ] ] } },
{ "type": "Feature", "properties": { "Layer": "DRAWINGS$OUTLINE", "PaperSpace": null, "SubClasses": null, "Linetype": null, "EntityHandle": "B3B", "Text": null }, "geometry": { "type": "LineString", "coordinates": [ [ -73.991601234077734, 40.675981770692253, 0.0 ], [ -73.991603482581596, 40.675982829447598, 0.0 ] ] } },
{ "type": "Feature", "properties": { "Layer": "DRAWINGS$OUTLINE", "PaperSpace": null, "SubClasses": null, "Linetype": null, "EntityHandle": "B3C", "Text": null }, "geometry": { "type": "LineString", "coordinates": [ [ -73.991603482581596, 40.675982829447598, 0.0 ], [ -73.991605700936816, 40.67598392443854, 0.0 ] ] } },
{ "type": "Feature", "properties": { "Layer": "DRAWINGS$OUTLINE", "PaperSpace": null, "SubClasses": null, "Linetype": null, "EntityHandle": "B3D", "Text": null }, "geometry": { "type": "LineString", "coordinates": [ [ -73.991605700936816, 40.67598392443854, 0.0 ], [ -73.991607886722193, 40.675985056735918, 0.0 ] ] } },
{ "type": "Feature", "properties": { "Layer": "DRAWINGS$OUTLINE", "PaperSpace": null, "SubClasses": null, "Linetype": null, "EntityHandle": "B3E", "Text": null }, "geometry": { "type": "LineString", "coordinates": [ [ -73.991607886722193, 40.675985056735918, 0.0 ], [ -73.991610037339584, 40.675986227427558, 0.0 ] ] } },
{ "type": "Feature", "properties": { "Layer": "DRAWINGS$OUTLINE", "PaperSpace": null, "SubClasses": null, "Linetype": null, "EntityHandle": "B3F", "Text": null }, "geometry": { "type": "LineString", "coordinates": [ [ -73.991610037339584, 40.675986227427558, 0.0 ], [ -73.991612149898913, 40.675987437605201, 0.0 ] ] } },
{ "type": "Feature", "properties": { "Layer": "DRAWINGS$OUTLINE", "PaperSpace": null, "SubClasses": null, "Linetype": null, "EntityHandle": "B40", "Text": null }, "geometry": { "type": "LineString", "coordinates": [ [ -73.991612149898913, 40.675987437605201, 0.0 ], [ -73.991614221131016, 40.675988688500759, 0.0 ] ] } },
{ "type": "Feature", "properties": { "Layer": "DRAWINGS$OUTLINE", "PaperSpace": null, "SubClasses": null, "Linetype": null, "EntityHandle": "B41", "Text": null }, "geometry": { "type": "LineString", "coordinates": [ [ -73.991614221131016, 40.675988688500759, 0.0 ], [ -73.991616247644686, 40.675989981148668, 0.0 ] ] } },
{ "type": "Feature", "properties": { "Layer": "DRAWINGS$OUTLINE", "PaperSpace": null, "SubClasses": null, "Linetype": null, "EntityHandle": "B42", "Text": null }, "geometry": { "type": "LineString", "coordinates": [ [ -73.991616247644686, 40.675989981148668, 0.0 ], [ -73.991618225756156, 40.675991316541605, 0.0 ] ] } },
{ "type": "Feature", "properties": { "Layer": "DRAWINGS$OUTLINE", "PaperSpace": null, "SubClasses": null, "Linetype": null, "EntityHandle": "B43", "Text": null }, "geometry": { "type": "LineString", "coordinates": [ [ -73.991618225756156, 40.675991316541605, 0.0 ], [ -73.991620151434347, 40.675992695631408, 0.0 ] ] } },
{ "type": "Feature", "properties": { "Layer": "DRAWINGS$OUTLINE", "PaperSpace": null, "SubClasses": null, "Linetype": null, "EntityHandle": "B44", "Text": null }, "geometry": { "type": "LineString", "coordinates": [ [ -73.991620151434347, 40.675992695631408, 0.0 ], [ -73.991622020293505, 40.675994119299716, 0.0 ] ] } },
{ "type": "Feature", "properties": { "Layer": "DRAWINGS$OUTLINE", "PaperSpace": null, "SubClasses": null, "Linetype": null, "EntityHandle": "B45", "Text": null }, "geometry": { "type": "LineString", "coordinates": [ [ -73.991622020293505, 40.675994119299716, 0.0 ], [ -73.991623827579645, 40.675995588313512, 0.0 ] ] } },
{ "type": "Feature", "properties": { "Layer": "DRAWINGS$OUTLINE", "PaperSpace": null, "SubClasses": null, "Linetype": null, "EntityHandle": "B46", "Text": null }, "geometry": { "type": "LineString", "coordinates": [ [ -73.991623827579645, 40.675995588313512, 0.0 ], [ -73.991625568180496, 40.675997103285269, 0.0 ] ] } },
{ "type": "Feature", "properties": { "Layer": "DRAWINGS$OUTLINE", "PaperSpace": null, "SubClasses": null, "Linetype": null, "EntityHandle": "B47", "Text": null }, "geometry": { "type": "LineString", "coordinates": [ [ -73.991625568180496, 40.675997103285269, 0.0 ], [ -73.991627236602085, 40.675998664584455, 0.0 ] ] } },
{ "type": "Feature", "properties": { "Layer": "DRAWINGS$OUTLINE", "PaperSpace": null, "SubClasses": null, "Linetype": null, "EntityHandle": "B48", "Text": null }, "geometry": { "type": "LineString", "coordinates": [ [ -73.991627236602085, 40.675998664584455, 0.0 ], [ -73.991628827075019, 40.676000272344751, 0.0 ] ] } },
{ "type": "Feature", "properties": { "Layer": "DRAWINGS$OUTLINE", "PaperSpace": null, "SubClasses": null, "Linetype": null, "EntityHandle": "B49", "Text": null }, "geometry": { "type": "LineString", "coordinates": [ [ -73.991628827075019, 40.676000272344751, 0.0 ], [ -73.991630333530253, 40.67600192632959, 0.0 ] ] } },
{ "type": "Feature", "properties": { "Layer": "DRAWINGS$OUTLINE", "PaperSpace": null, "SubClasses": null, "Linetype": null, "EntityHandle": "B4A", "Text": null }, "geometry": { "type": "LineString", "coordinates": [ [ -73.991630333530253, 40.67600192632959, 0.0 ], [ -73.991631749715964, 40.676003625900556, 0.0 ] ] } },
{ "type": "Feature", "properties": { "Layer": "DRAWINGS$OUTLINE", "PaperSpace": null, "SubClasses": null, "Linetype": null, "EntityHandle": "B4B", "Text": null }, "geometry": { "type": "LineString", "coordinates": [ [ -73.991631749715964, 40.676003625900556, 0.0 ], [ -73.991633069295119, 40.676005369945862, 0.0 ] ] } },
{ "type": "Feature", "properties": { "Layer": "DRAWINGS$OUTLINE", "PaperSpace": null, "SubClasses": null, "Linetype": null, "EntityHandle": "B4C", "Text": null }, "geometry": { "type": "LineString", "coordinates": [ [ -73.991633069295119, 40.676005369945862, 0.0 ], [ -73.991634285979174, 40.676007156821726, 0.0 ] ] } },
{ "type": "Feature", "properties": { "Layer": "DRAWINGS$OUTLINE", "PaperSpace": null, "SubClasses": null, "Linetype": null, "EntityHandle": "B4D", "Text": null }, "geometry": { "type": "LineString", "coordinates": [ [ -73.991634285979174, 40.676007156821726, 0.0 ], [ -73.991635393688071, 40.676008984305689, 0.0 ] ] } },
{ "type": "Feature", "properties": { "Layer": "DRAWINGS$OUTLINE", "PaperSpace": null, "SubClasses": null, "Linetype": null, "EntityHandle": "B4E", "Text": null }, "geometry": { "type": "LineString", "coordinates": [ [ -73.991635393688071, 40.676008984305689, 0.0 ], [ -73.991636386740154, 40.676010849582461, 0.0 ] ] } },
{ "type": "Feature", "properties": { "Layer": "DRAWINGS$OUTLINE", "PaperSpace": null, "SubClasses": null, "Linetype": null, "EntityHandle": "B4F", "Text": null }, "geometry": { "type": "LineString", "coordinates": [ [ -73.991636386740154, 40.676010849582461, 0.0 ], [ -73.991637260030416, 40.676012749273305, 0.0 ] ] } },
{ "type": "Feature", "properties": { "Layer": "DRAWINGS$OUTLINE", "PaperSpace": null, "SubClasses": null, "Linetype": null, "EntityHandle": "B50", "Text": null }, "geometry": { "type": "LineString", "coordinates": [ [ -73.991637260030416, 40.676012749273305, 0.0 ], [ -73.991638009127186, 40.676014679456813, 0.0 ] ] } },
{ "type": "Feature", "properties": { "Layer": "DRAWINGS$OUTLINE", "PaperSpace": null, "SubClasses": null, "Linetype": null, "EntityHandle": "B51", "Text": null }, "geometry": { "type": "LineString", "coordinates": [ [ -73.991638009127186, 40.676014679456813, 0.0 ], [ -73.991638631742248, 40.676016635503402, 0.0 ] ] } },
{ "type": "Feature", "properties": { "Layer": "DRAWINGS$OUTLINE", "PaperSpace": null, "SubClasses": null, "Linetype": null, "EntityHandle": "B52", "Text": null }, "geometry": { "type": "LineString", "coordinates": [ [ -73.991638631742248, 40.676016635503402, 0.0 ], [ -73.991639127473277, 40.676018612477741, 0.0 ] ] } },
{ "type": "Feature", "properties": { "Layer": "DRAWINGS$OUTLINE", "PaperSpace": null, "SubClasses": null, "Linetype": null, "EntityHandle": "B53", "Text": null }, "geometry": { "type": "LineString", "coordinates": [ [ -73.991639127473277, 40.676018612477741, 0.0 ], [ -73.991639497582113, 40.676020605343673, 0.0 ] ] } },
{ "type": "Feature", "properties": { "Layer": "DRAWINGS$OUTLINE", "PaperSpace": null, "SubClasses": null, "Linetype": null, "EntityHandle": "B54", "Text": null }, "geometry": { "type": "LineString", "coordinates": [ [ -73.991639497582113, 40.676020605343673, 0.0 ], [ -73.991639744914423, 40.676022609214854, 0.0 ] ] } },
{ "type": "Feature", "properties": { "Layer": "DRAWINGS$OUTLINE", "PaperSpace": null, "SubClasses": null, "Linetype": null, "EntityHandle": "B55", "Text": null }, "geometry": { "type": "LineString", "coordinates": [ [ -73.991639744914423, 40.676022609214854, 0.0 ], [ -73.991639873709559, 40.676024619533379, 0.0 ] ] } },
{ "type": "Feature", "properties": { "Layer": "DRAWINGS$OUTLINE", "PaperSpace": null, "SubClasses": null, "Linetype": null, "EntityHandle": "B56", "Text": null }, "geometry": { "type": "LineString", "coordinates": [ [ -73.991639873709559, 40.676024619533379, 0.0 ], [ -73.991639889347439, 40.676026632211624, 0.0 ] ] } },
{ "type": "Feature", "properties": { "Layer": "DRAWINGS$OUTLINE", "PaperSpace": null, "SubClasses": null, "Linetype": null, "EntityHandle": "B57", "Text": null }, "geometry": { "type": "LineString", "coordinates": [ [ -73.991639889347439, 40.676026632211624, 0.0 ], [ -73.991639798060632, 40.676028643773577, 0.0 ] ] } },
{ "type": "Feature", "properties": { "Layer": "DRAWINGS$OUTLINE", "PaperSpace": null, "SubClasses": null, "Linetype": null, "EntityHandle": "B58", "Text": null }, "geometry": { "type": "LineString", "coordinates": [ [ -73.991639798060632, 40.676028643773577, 0.0 ], [ -73.991639606647411, 40.676030651257093, 0.0 ] ] } },
{ "type": "Feature", "properties": { "Layer": "DRAWINGS$OUTLINE", "PaperSpace": null, "SubClasses": null, "Linetype": null, "EntityHandle": "B59", "Text": null }, "geometry": { "type": "LineString", "coordinates": [ [ -73.991639606647411, 40.676030651257093, 0.0 ], [ -73.991639321867083, 40.67603265232178, 0.0 ] ] } },
{ "type": "Feature", "properties": { "Layer": "DRAWINGS$OUTLINE", "PaperSpace": null, "SubClasses": null, "Linetype": null, "EntityHandle": "B5A", "Text": null }, "geometry": { "type": "LineString", "coordinates": [ [ -73.991639321867083, 40.67603265232178, 0.0 ], [ -73.991638950629806, 40.676034645170773, 0.0 ] ] } },
{ "type": "Feature", "properties": { "Layer": "DRAWINGS$OUTLINE", "PaperSpace": null, "SubClasses": null, "Linetype": null, "EntityHandle": "B5B", "Text": null }, "geometry": { "type": "LineString", "coordinates": [ [ -73.991638950629806, 40.676034645170773, 0.0 ], [ -73.991638499693522, 40.676036628478833, 0.0 ] ] } },
{ "type": "Feature", "properties": { "Layer": "DRAWINGS$OUTLINE", "PaperSpace": null, "SubClasses": null, "Linetype": null, "EntityHandle": "B5C", "Text": null }, "geometry": { "type": "LineString", "coordinates": [ [ -73.991638499693522, 40.676036628478833, 0.0 ], [ -73.991637975385828, 40.676038601315476, 0.0 ] ] } },
{ "type": "Feature", "properties": { "Layer": "DRAWINGS$OUTLINE", "PaperSpace": null, "SubClasses": null, "Linetype": null, "EntityHandle": "B5D", "Text": null }, "geometry": { "type": "LineString", "coordinates": [ [ -73.991637975385828, 40.676038601315476, 0.0 ], [ -73.991637383605735, 40.676040563065492, 0.0 ] ] } },
{ "type": "Feature", "properties": { "Layer": "DRAWINGS$OUTLINE", "PaperSpace": null, "SubClasses": null, "Linetype": null, "EntityHandle": "B5E", "Text": null }, "geometry": { "type": "LineString", "coordinates": [ [ -73.991637383605735, 40.676040563065492, 0.0 ], [ -73.991636729836515, 40.676042513383862, 0.0 ] ] } },
{ "type": "Feature", "properties": { "Layer": "DRAWINGS$OUTLINE", "PaperSpace": null, "SubClasses": null, "Linetype": null, "EntityHandle": "B5F", "Text": null }, "geometry": { "type": "LineString", "coordinates": [ [ -73.991636729836515, 40.676042513383862, 0.0 ], [ -73.991636019175161, 40.676044452142008, 0.0 ] ] } },
{ "type": "Feature", "properties": { "Layer": "DRAWINGS$OUTLINE", "PaperSpace": null, "SubClasses": null, "Linetype": null, "EntityHandle": "B60", "Text": null }, "geometry": { "type": "LineString", "coordinates": [ [ -73.991636019175161, 40.676044452142008, 0.0 ], [ -73.991635256372291, 40.676046379379969, 0.0 ] ] } },
{ "type": "Feature", "properties": { "Layer": "DRAWINGS$OUTLINE", "PaperSpace": null, "SubClasses": null, "Linetype": null, "EntityHandle": "B61", "Text": null }, "geometry": { "type": "LineString", "coordinates": [ [ -73.991635256372291, 40.676046379379969, 0.0 ], [ -73.991634445862289, 40.676048295301356, 0.0 ] ] } },
{ "type": "Feature", "properties": { "Layer": "DRAWINGS$OUTLINE", "PaperSpace": null, "SubClasses": null, "Linetype": null, "EntityHandle": "B62", "Text": null }, "geometry": { "type": "LineString", "coordinates": [ [ -73.991634445862289, 40.676048295301356, 0.0 ], [ -73.991633591348403, 40.676050200117018, 0.0 ] ] } },
{ "type": "Feature", "properties": { "Layer": "DRAWINGS$OUTLINE", "PaperSpace": null, "SubClasses": null, "Linetype": null, "EntityHandle": "B63", "Text": null }, "geometry": { "type": "LineString", "coordinates": [ [ -73.991633591348403, 40.676050200117018, 0.0 ], [ -73.991632696405816, 40.676052094143145, 0.0 ] ] } },
{ "type": "Feature", "properties": { "Layer": "DRAWINGS$OUTLINE", "PaperSpace": null, "SubClasses": null, "Linetype": null, "EntityHandle": "B64", "Text": null }, "geometry": { "type": "LineString", "coordinates": [ [ -73.991632696405816, 40.676052094143145, 0.0 ], [ -73.991631764551329, 40.676053977825923, 0.0 ] ] } },
{ "type": "Feature", "properties": { "Layer": "DRAWINGS$OUTLINE", "PaperSpace": null, "SubClasses": null, "Linetype": null, "EntityHandle": "B65", "Text": null }, "geometry": { "type": "LineString", "coordinates": [ [ -73.991631764551329, 40.676053977825923, 0.0 ], [ -73.991630798876102, 40.676055851611395, 0.0 ] ] } },
{ "type": "Feature", "properties": { "Layer": "DRAWINGS$OUTLINE", "PaperSpace": null, "SubClasses": null, "Linetype": null, "EntityHandle": "B66", "Text": null }, "geometry": { "type": "LineString", "coordinates": [ [ -73.991630798876102, 40.676055851611395, 0.0 ], [ -73.991629802115597, 40.676057715934007, 0.0 ] ] } },
{ "type": "Feature", "properties": { "Layer": "DRAWINGS$OUTLINE", "PaperSpace": null, "SubClasses": null, "Linetype": null, "EntityHandle": "B67", "Text": null }, "geometry": { "type": "LineString", "coordinates": [ [ -73.991629802115597, 40.676057715934007, 0.0 ], [ -73.99162877669599, 40.676059571229494, 0.0 ] ] } },
{ "type": "Feature", "properties": { "Layer": "DRAWINGS$OUTLINE", "PaperSpace": null, "SubClasses": null, "Linetype": null, "EntityHandle": "B68", "Text": null }, "geometry": { "type": "LineString", "coordinates": [ [ -73.99162877669599, 40.676059571229494, 0.0 ], [ -73.991627724793119, 40.676061417908187, 0.0 ] ] } },
{ "type": "Feature", "properties": { "Layer": "DRAWINGS$OUTLINE", "PaperSpace": null, "SubClasses": null, "Linetype": null, "EntityHandle": "B69", "Text": null }, "geometry": { "type": "LineString", "coordinates": [ [ -73.991627724793119, 40.676061417908187, 0.0 ], [ -73.991626648355123, 40.676063256382221, 0.0 ] ] } },
{ "type": "Feature", "properties": { "Layer": "DRAWINGS$OUTLINE", "PaperSpace": null, "SubClasses": null, "Linetype": null, "EntityHandle": "B6A", "Text": null }, "geometry": { "type": "LineString", "coordinates": [ [ -73.991626648355123, 40.676063256382221, 0.0 ], [ -73.991625549140977, 40.676065087052748, 0.0 ] ] } },
{ "type": "Feature", "properties": { "Layer": "DRAWINGS$OUTLINE", "PaperSpace": null, "SubClasses": null, "Linetype": null, "EntityHandle": "B6B", "Text": null }, "geometry": { "type": "LineString", "coordinates": [ [ -73.991625549140977, 40.676065087052748, 0.0 ], [ -73.991624428780597, 40.676066910257816, 0.0 ] ] } },
{ "type": "Feature", "properties": { "Layer": "DRAWINGS$OUTLINE", "PaperSpace": null, "SubClasses": null, "Linetype": null, "EntityHandle": "B6C", "Text": null }, "geometry": { "type": "LineString", "coordinates": [ [ -73.991624428780597, 40.676066910257816, 0.0 ], [ -73.991623288734488, 40.676068726379178, 0.0 ] ] } },
{ "type": "Feature", "properties": { "Layer": "DRAWINGS$OUTLINE", "PaperSpace": null, "SubClasses": null, "Linetype": null, "EntityHandle": "B6D", "Text": null }, "geometry": { "type": "LineString", "coordinates": [ [ -73.991623288734488, 40.676068726379178, 0.0 ], [ -73.991622130360909, 40.676070535765604, 0.0 ] ] } },
{ "type": "Feature", "properties": { "Layer": "DRAWINGS$OUTLINE", "PaperSpace": null, "SubClasses": null, "Linetype": null, "EntityHandle": "B6E", "Text": null }, "geometry": { "type": "LineString", "coordinates": [ [ -73.991622130360909, 40.676070535765604, 0.0 ], [ -73.991620954923988, 40.676072338751965, 0.0 ] ] } },
{ "type": "Feature", "properties": { "Layer": "DRAWINGS$OUTLINE", "PaperSpace": null, "SubClasses": null, "Linetype": null, "EntityHandle": "B6F", "Text": null }, "geometry": { "type": "LineString", "coordinates": [ [ -73.991620954923988, 40.676072338751965, 0.0 ], [ -73.991619763592567, 40.676074135687934, 0.0 ] ] } },
{ "type": "Feature", "properties": { "Layer": "DRAWINGS$OUTLINE", "PaperSpace": null, "SubClasses": null, "Linetype": null, "EntityHandle": "B70", "Text": null }, "geometry": { "type": "LineString", "coordinates": [ [ -73.991619763592567, 40.676074135687934, 0.0 ], [ -73.991618557481246, 40.676075926900268, 0.0 ] ] } },
{ "type": "Feature", "properties": { "Layer": "DRAWINGS$OUTLINE", "PaperSpace": null, "SubClasses": null, "Linetype": null, "EntityHandle": "B71", "Text": null }, "geometry": { "type": "LineString", "coordinates": [ [ -73.991618557481246, 40.676075926900268, 0.0 ], [ -73.991617337649657, 40.67607771271939, 0.0 ] ] } },
{ "type": "Feature", "properties": { "Layer": "DRAWINGS$OUTLINE", "PaperSpace": null, "SubClasses": null, "Linetype": null, "EntityHandle": "B72", "Text": null }, "geometry": { "type": "LineString", "coordinates": [ [ -73.991617337649657, 40.67607771271939, 0.0 ], [ -73.991616105115881, 40.676079493483378, 0.0 ] ] } },
{ "type": "Feature", "properties": { "Layer": "DRAWINGS$OUTLINE", "PaperSpace": null, "SubClasses": null, "Linetype": null, "EntityHandle": "B73", "Text": null }, "geometry": { "type": "LineString", "coordinates": [ [ -73.991616105115881, 40.676079493483378, 0.0 ], [ -73.991614860893975, 40.676081269502269, 0.0 ] ] } },
{ "type": "Feature", "properties": { "Layer": "DRAWINGS$OUTLINE", "PaperSpace": null, "SubClasses": null, "Linetype": null, "EntityHandle": "B74", "Text": null }, "geometry": { "type": "LineString", "coordinates": [ [ -73.991614860893975, 40.676081269502269, 0.0 ], [ -73.991613605631244, 40.676083041038545, 0.0 ] ] } },
{ "type": "Feature", "properties": { "Layer": "DRAWINGS$OUTLINE", "PaperSpace": null, "SubClasses": null, "Linetype": null, "EntityHandle": "B75", "Text": null }, "geometry": { "type": "LineString", "coordinates": [ [ -73.991613605631244, 40.676083041038545, 0.0 ], [ -73.991612340022286, 40.676084808296018, 0.0 ] ] } },
{ "type": "Feature", "properties": { "Layer": "DRAWINGS$OUTLINE", "PaperSpace": null, "SubClasses": null, "Linetype": null, "EntityHandle": "B76", "Text": null }, "geometry": { "type": "LineString", "coordinates": [ [ -73.991612340022286, 40.676084808296018, 0.0 ], [ -73.991611064817334, 40.676086571551807, 0.0 ] ] } },
{ "type": "Feature", "properties": { "Layer": "DRAWINGS$OUTLINE", "PaperSpace": null, "SubClasses": null, "Linetype": null, "EntityHandle": "B77", "Text": null }, "geometry": { "type": "LineString", "coordinates": [ [ -73.991611064817334, 40.676086571551807, 0.0 ], [ -73.991609780695001, 40.676088331049527, 0.0 ] ] } },
{ "type": "Feature", "properties": { "Layer": "DRAWINGS$OUTLINE", "PaperSpace": null, "SubClasses": null, "Linetype": null, "EntityHandle": "B78", "Text": null }, "geometry": { "type": "LineString", "coordinates": [ [ -73.991609780695001, 40.676088331049527, 0.0 ], [ -73.991608488258919, 40.676090087023418, 0.0 ] ] } },
{ "type": "Feature", "properties": { "Layer": "DRAWINGS$OUTLINE", "PaperSpace": null, "SubClasses": null, "Linetype": null, "EntityHandle": "B79", "Text": null }, "geometry": { "type": "LineString", "coordinates": [ [ -73.991608488258919, 40.676090087023418, 0.0 ], [ -73.991607188069267, 40.676091839671571, 0.0 ] ] } },
{ "type": "Feature", "properties": { "Layer": "DRAWINGS$OUTLINE", "PaperSpace": null, "SubClasses": null, "Linetype": null, "EntityHandle": "B7A", "Text": null }, "geometry": { "type": "LineString", "coordinates": [ [ -73.991607188069267, 40.676091839671571, 0.0 ], [ -73.991605880630459, 40.676093589185889, 0.0 ] ] } },
{ "type": "Feature", "properties": { "Layer": "DRAWINGS$OUTLINE", "PaperSpace": null, "SubClasses": null, "Linetype": null, "EntityHandle": "B7B", "Text": null }, "geometry": { "type": "LineString", "coordinates": [ [ -73.991605880630459, 40.676093589185889, 0.0 ], [ -73.991604566398962, 40.676095335752869, 0.0 ] ] } },
{ "type": "Feature", "properties": { "Layer": "DRAWINGS$OUTLINE", "PaperSpace": null, "SubClasses": null, "Linetype": null, "EntityHandle": "B7C", "Text": null }, "geometry": { "type": "LineString", "coordinates": [ [ -73.991604566398962, 40.676095335752869, 0.0 ], [ -73.991603245803717, 40.676097079535609, 0.0 ] ] } },
{ "type": "Feature", "properties": { "Layer": "DRAWINGS$OUTLINE", "PaperSpace": null, "SubClasses": null, "Linetype": null, "EntityHandle": "B7D", "Text": null }, "geometry": { "type": "LineString", "coordinates": [ [ -73.991603245803717, 40.676097079535609, 0.0 ], [ -73.991601919235734, 40.676098820696296, 0.0 ] ] } },
{ "type": "Feature", "properties": { "Layer": "DRAWINGS$OUTLINE", "PaperSpace": null, "SubClasses": null, "Linetype": null, "EntityHandle": "B7E", "Text": null }, "geometry": { "type": "LineString", "coordinates": [ [ -73.991601919235734, 40.676098820696296, 0.0 ], [ -73.991600587062507, 40.676100559384167, 0.0 ] ] } },
{ "type": "Feature", "properties": { "Layer": "DRAWINGS$OUTLINE", "PaperSpace": null, "SubClasses": null, "Linetype": null, "EntityHandle": "B7F", "Text": null }, "geometry": { "type": "LineString", "coordinates": [ [ -73.991600587062507, 40.676100559384167, 0.0 ], [ -73.991599249645219, 40.676102295719765, 0.0 ] ] } },
{ "type": "Feature", "properties": { "Layer": "DRAWINGS$OUTLINE", "PaperSpace": null, "SubClasses": null, "Linetype": null, "EntityHandle": "B80", "Text": null }, "geometry": { "type": "LineString", "coordinates": [ [ -73.991599249645219, 40.676102295719765, 0.0 ], [ -73.991597907300843, 40.676104029850215, 0.0 ] ] } },
{ "type": "Feature", "properties": { "Layer": "DRAWINGS$OUTLINE", "PaperSpace": null, "SubClasses": null, "Linetype": null, "EntityHandle": "B81", "Text": null }, "geometry": { "type": "LineString", "coordinates": [ [ -73.991597907300843, 40.676104029850215, 0.0 ], [ -73.991596560340227, 40.676105761904644, 0.0 ] ] } },
{ "type": "Feature", "properties": { "Layer": "DRAWINGS$OUTLINE", "PaperSpace": null, "SubClasses": null, "Linetype": null, "EntityHandle": "B82", "Text": null }, "geometry": { "type": "LineString", "coordinates": [ [ -73.991596560340227, 40.676105761904644, 0.0 ], [ -73.991595209048157, 40.676107492025189, 0.0 ] ] } },
{ "type": "Feature", "properties": { "Layer": "DRAWINGS$OUTLINE", "PaperSpace": null, "SubClasses": null, "Linetype": null, "EntityHandle": "B83", "Text": null }, "geometry": { "type": "LineString", "coordinates": [ [ -73.991595209048157, 40.676107492025189, 0.0 ], [ -73.991593853735779, 40.676109220304689, 0.0 ] ] } },
{ "type": "Feature", "properties": { "Layer": "DRAWINGS$OUTLINE", "PaperSpace": null, "SubClasses": null, "Linetype": null, "EntityHandle": "B84", "Text": null }, "geometry": { "type": "LineString", "coordinates": [ [ -73.991593853735779, 40.676109220304689, 0.0 ], [ -73.99159249469561, 40.676110946849526, 0.0 ] ] } },
{ "type": "Feature", "properties": { "Layer": "DRAWINGS$OUTLINE", "PaperSpace": null, "SubClasses": null, "Linetype": null, "EntityHandle": "B85", "Text": null }, "geometry": { "type": "LineString", "coordinates": [ [ -73.99159249469561, 40.676110946849526, 0.0 ], [ -73.991591132174065, 40.676112671818068, 0.0 ] ] } },
{ "type": "Feature", "properties": { "Layer": "DRAWINGS$OUTLINE", "PaperSpace": null, "SubClasses": null, "Linetype": null, "EntityHandle": "B86", "Text": null }, "geometry": { "type": "LineString", "coordinates": [ [ -73.991591132174065, 40.676112671818068, 0.0 ], [ -73.991589766413455, 40.676114395308019, 0.0 ] ] } },
{ "type": "Feature", "properties": { "Layer": "DRAWINGS$OUTLINE", "PaperSpace": null, "SubClasses": null, "Linetype": null, "EntityHandle": "B87", "Text": null }, "geometry": { "type": "LineString", "coordinates": [ [ -73.991589766413455, 40.676114395308019, 0.0 ], [ -73.991588397595095, 40.676116117403602, 0.0 ] ] } },
{ "type": "Feature", "properties": { "Layer": "DRAWINGS$OUTLINE", "PaperSpace": null, "SubClasses": null, "Linetype": null, "EntityHandle": "B88", "Text": null }, "geometry": { "type": "LineString", "coordinates": [ [ -73.991588397595095, 40.676116117403602, 0.0 ], [ -73.991587025907336, 40.676117838174548, 0.0 ] ] } },
{ "type": "Feature", "properties": { "Layer": "DRAWINGS$OUTLINE", "PaperSpace": null, "SubClasses": null, "Linetype": null, "EntityHandle": "B89", "Text": null }, "geometry": { "type": "LineString", "coordinates": [ [ -73.991587025907336, 40.676117838174548, 0.0 ], [ -73.991585651533796, 40.676119557696595, 0.0 ] ] } },
{ "type": "Feature", "properties": { "Layer": "DRAWINGS$OUTLINE", "PaperSpace": null, "SubClasses": null, "Linetype": null, "EntityHandle": "B8A", "Text": null }, "geometry": { "type": "LineString", "coordinates": [ [ -73.991585651533796, 40.676119557696595, 0.0 ], [ -73.991584274645376, 40.676121276061323, 0.0 ] ] } },
{ "type": "Feature", "properties": { "Layer": "DRAWINGS$OUTLINE", "PaperSpace": null, "SubClasses": null, "Linetype": null, "EntityHandle": "B8B", "Text": null }, "geometry": { "type": "LineString", "coordinates": [ [ -73.991584274645376, 40.676121276061323, 0.0 ], [ -73.991582895424585, 40.676122993345679, 0.0 ] ] } },
{ "type": "Feature", "properties": { "Layer": "DRAWINGS$OUTLINE", "PaperSpace": null, "SubClasses": null, "Linetype": null, "EntityHandle": "B8C", "Text": null }, "geometry": { "type": "LineString", "coordinates": [ [ -73.991582895424585, 40.676122993345679, 0.0 ], [ -73.991581514053948, 40.676124709626642, 0.0 ] ] } },
{ "type": "Feature", "properties": { "Layer": "DRAWINGS$OUTLINE", "PaperSpace": null, "SubClasses": null, "Linetype": null, "EntityHandle": "B8D", "Text": null }, "geometry": { "type": "LineString", "coordinates": [ [ -73.991581514053948, 40.676124709626642, 0.0 ], [ -73.991580130716017, 40.67612642498117, 0.0 ] ] } },
{ "type": "Feature", "properties": { "Layer": "DRAWINGS$OUTLINE", "PaperSpace": null, "SubClasses": null, "Linetype": null, "EntityHandle": "B8E", "Text": null }, "geometry": { "type": "LineString", "coordinates": [ [ -73.991580130716017, 40.67612642498117, 0.0 ], [ -73.991578745588271, 40.676128139490245, 0.0 ] ] } },
{ "type": "Feature", "properties": { "Layer": "DRAWINGS$OUTLINE", "PaperSpace": null, "SubClasses": null, "Linetype": null, "EntityHandle": "B8F", "Text": null }, "geometry": { "type": "LineString", "coordinates": [ [ -73.991578745588271, 40.676128139490245, 0.0 ], [ -73.991577358805174, 40.67612985322932, 0.0 ] ] } },
{ "type": "Feature", "properties": { "Layer": "DRAWINGS$OUTLINE", "PaperSpace": null, "SubClasses": null, "Linetype": null, "EntityHandle": "B90", "Text": null }, "geometry": { "type": "LineString", "coordinates": [ [ -73.991577358805174, 40.67612985322932, 0.0 ], [ -73.991575970485684, 40.676131566250938, 0.0 ] ] } },
{ "type": "Feature", "properties": { "Layer": "DRAWINGS$OUTLINE", "PaperSpace": null, "SubClasses": null, "Linetype": null, "EntityHandle": "B91", "Text": null }, "geometry": { "type": "LineString", "coordinates": [ [ -73.991575970485684, 40.676131566250938, 0.0 ], [ -73.991574580752697, 40.676133278605704, 0.0 ] ] } },
{ "type": "Feature", "properties": { "Layer": "DRAWINGS$OUTLINE", "PaperSpace": null, "SubClasses": null, "Linetype": null, "EntityHandle": "B92", "Text": null }, "geometry": { "type": "LineString", "coordinates": [ [ -73.991574580752697, 40.676133278605704, 0.0 ], [ -73.991573189725244, 40.676134990349055, 0.0 ] ] } },
{ "type": "Feature", "properties": { "Layer": "DRAWINGS$OUTLINE", "PaperSpace": null, "SubClasses": null, "Linetype": null, "EntityHandle": "B93", "Text": null }, "geometry": { "type": "LineString", "coordinates": [ [ -73.991573189725244, 40.676134990349055, 0.0 ], [ -73.991571797519157, 40.676136701540244, 0.0 ] ] } },
{ "type": "Feature", "properties": { "Layer": "DRAWINGS$OUTLINE", "PaperSpace": null, "SubClasses": null, "Linetype": null, "EntityHandle": "B94", "Text": null }, "geometry": { "type": "LineString", "coordinates": [ [ -73.991571797519157, 40.676136701540244, 0.0 ], [ -73.991570404254034, 40.676138412233932, 0.0 ] ] } },
{ "type": "Feature", "properties": { "Layer": "DRAWINGS$OUTLINE", "PaperSpace": null, "SubClasses": null, "Linetype": null, "EntityHandle": "B95", "Text": null }, "geometry": { "type": "LineString", "coordinates": [ [ -73.991570404254034, 40.676138412233932, 0.0 ], [ -73.991569010049474, 40.676140122484838, 0.0 ] ] } },
{ "type": "Feature", "properties": { "Layer": "DRAWINGS$OUTLINE", "PaperSpace": null, "SubClasses": null, "Linetype": null, "EntityHandle": "B96", "Text": null }, "geometry": { "type": "LineString", "coordinates": [ [ -73.991569010049474, 40.676140122484838, 0.0 ], [ -73.991567615025062, 40.676141832347611, 0.0 ] ] } },
{ "type": "Feature", "properties": { "Layer": "DRAWINGS$OUTLINE", "PaperSpace": null, "SubClasses": null, "Linetype": null, "EntityHandle": "B97", "Text": null }, "geometry": { "type": "LineString", "coordinates": [ [ -73.991567615025062, 40.676141832347611, 0.0 ], [ -73.99156621930247, 40.676143541877984, 0.0 ] ] } },
{ "type": "Feature", "properties": { "Layer": "DRAWINGS$OUTLINE", "PaperSpace": null, "SubClasses": null, "Linetype": null, "EntityHandle": "B98", "Text": null }, "geometry": { "type": "LineString", "coordinates": [ [ -73.99156621930247, 40.676143541877984, 0.0 ], [ -73.991564823008957, 40.676145251137029, 0.0 ] ] } },
{ "type": "Feature", "properties": { "Layer": "DRAWINGS$OUTLINE", "PaperSpace": null, "SubClasses": null, "Linetype": null, "EntityHandle": "B99", "Text": null }, "geometry": { "type": "LineString", "coordinates": [ [ -73.991564823008957, 40.676145251137029, 0.0 ], [ -73.991563426228581, 40.67614696016355, 0.0 ] ] } },
{ "type": "Feature", "properties": { "Layer": "DRAWINGS$OUTLINE", "PaperSpace": null, "SubClasses": null, "Linetype": null, "EntityHandle": "B9A", "Text": null }, "geometry": { "type": "LineString", "coordinates": [ [ -73.991563426228581, 40.67614696016355, 0.0 ], [ -73.991562029033275, 40.676148668995552, 0.0 ] ] } },
{ "type": "Feature", "properties": { "Layer": "DRAWINGS$OUTLINE", "PaperSpace": null, "SubClasses": null, "Linetype": null, "EntityHandle": "B9B", "Text": null }, "geometry": { "type": "LineString", "coordinates": [ [ -73.991562029033275, 40.676148668995552, 0.0 ], [ -73.991560631497322, 40.676150377668087, 0.0 ] ] } },
{ "type": "Feature", "properties": { "Layer": "DRAWINGS$OUTLINE", "PaperSpace": null, "SubClasses": null, "Linetype": null, "EntityHandle": "B9C", "Text": null }, "geometry": { "type": "LineString", "coordinates": [ [ -73.991560631497322, 40.676150377668087, 0.0 ], [ -73.991559233695014, 40.676152086216291, 0.0 ] ] } },
{ "type": "Feature", "properties": { "Layer": "DRAWINGS$OUTLINE", "PaperSpace": null, "SubClasses": null, "Linetype": null, "EntityHandle": "B9D", "Text": null }, "geometry": { "type": "LineString", "coordinates": [ [ -73.991559233695014, 40.676152086216291, 0.0 ], [ -73.991557835706388, 40.676153794668231, 0.0 ] ] } },
{ "type": "Feature", "properties": { "Layer": "DRAWINGS$OUTLINE", "PaperSpace": null, "SubClasses": null, "Linetype": null, "EntityHandle": "B9E", "Text": null }, "geometry": { "type": "LineString", "coordinates": [ [ -73.991557835706388, 40.676153794668231, 0.0 ], [ -73.991556437601218, 40.676155503064507, 0.0 ] ] } },
{ "type": "Feature", "properties": { "Layer": "DRAWINGS$OUTLINE", "PaperSpace": null, "SubClasses": null, "Linetype": null, "EntityHandle": "B9F", "Text": null }, "geometry": { "type": "LineString", "coordinates": [ [ -73.991556437601218, 40.676155503064507, 0.0 ], [ -73.991555039452621, 40.676157211441669, 0.0 ] ] } },
{ "type": "Feature", "properties": { "Layer": "DRAWINGS$OUTLINE", "PaperSpace": null, "SubClasses": null, "Linetype": null, "EntityHandle": "BA0", "Text": null }, "geometry": { "type": "LineString", "coordinates": [ [ -73.991555039452621, 40.676157211441669, 0.0 ], [ -73.99155364133486, 40.676158919834833, 0.0 ] ] } },
{ "type": "Feature", "properties": { "Layer": "DRAWINGS$OUTLINE", "PaperSpace": null, "SubClasses": null, "Linetype": null, "EntityHandle": "BA1", "Text": null }, "geometry": { "type": "LineString", "coordinates": [ [ -73.99155364133486, 40.676158919834833, 0.0 ], [ -73.991552243322218, 40.676160628279042, 0.0 ] ] } },
{ "type": "Feature", "properties": { "Layer": "DRAWINGS$OUTLINE", "PaperSpace": null, "SubClasses": null, "Linetype": null, "EntityHandle": "BA2", "Text": null }, "geometry": { "type": "LineString", "coordinates": [ [ -73.991552243322218, 40.676160628279042, 0.0 ], [ -73.991550845489044, 40.676162336809398, 0.0 ] ] } },
{ "type": "Feature", "properties": { "Layer": "DRAWINGS$OUTLINE", "PaperSpace": null, "SubClasses": null, "Linetype": null, "EntityHandle": "BA3", "Text": null }, "geometry": { "type": "LineString", "coordinates": [ [ -73.991550845489044, 40.676162336809398, 0.0 ], [ -73.991549447909605, 40.676164045460993, 0.0 ] ] } },
{ "type": "Feature", "properties": { "Layer": "DRAWINGS$OUTLINE", "PaperSpace": null, "SubClasses": null, "Linetype": null, "EntityHandle": "BA4", "Text": null }, "geometry": { "type": "LineString", "coordinates": [ [ -73.991549447909605, 40.676164045460993, 0.0 ], [ -73.991548050658182, 40.676165754268929, 0.0 ] ] } },
{ "type": "Feature", "properties": { "Layer": "DRAWINGS$OUTLINE", "PaperSpace": null, "SubClasses": null, "Linetype": null, "EntityHandle": "BA5", "Text": null }, "geometry": { "type": "LineString", "coordinates": [ [ -73.991548050658182, 40.676165754268929, 0.0 ], [ -73.99154665380911, 40.676167463268229, 0.0 ] ] } },
{ "type": "Feature", "properties": { "Layer": "DRAWINGS$OUTLINE", "PaperSpace": null, "SubClasses": null, "Linetype": null, "EntityHandle": "BA6", "Text": null }, "geometry": { "type": "LineString", "coordinates": [ [ -73.99154665380911, 40.676167463268229, 0.0 ], [ -73.991545257436641, 40.676169172494035, 0.0 ] ] } },
{ "type": "Feature", "properties": { "Layer": "DRAWINGS$OUTLINE", "PaperSpace": null, "SubClasses": null, "Linetype": null, "EntityHandle": "BA7", "Text": null }, "geometry": { "type": "LineString", "coordinates": [ [ -73.991545257436641, 40.676169172494035, 0.0 ], [ -73.991543861615085, 40.676170881981413, 0.0 ] ] } },
{ "type": "Feature", "properties": { "Layer": "DRAWINGS$OUTLINE", "PaperSpace": null, "SubClasses": null, "Linetype": null, "EntityHandle": "BA8", "Text": null }, "geometry": { "type": "LineString", "coordinates": [ [ -73.991543861615085, 40.676170881981413, 0.0 ], [ -73.991542466418764, 40.676172591765464, 0.0 ] ] } },
{ "type": "Feature", "properties": { "Layer": "DRAWINGS$OUTLINE", "PaperSpace": null, "SubClasses": null, "Linetype": null, "EntityHandle": "BA9", "Text": null }, "geometry": { "type": "LineString", "coordinates": [ [ -73.991542466418764, 40.676172591765464, 0.0 ], [ -73.991541071921233, 40.676174301875633, 0.0 ] ] } },
{ "type": "Feature", "properties": { "Layer": "DRAWINGS$OUTLINE", "PaperSpace": null, "SubClasses": null, "Linetype": null, "EntityHandle": "BAA", "Text": null }, "geometry": { "type": "LineString", "coordinates": [ [ -73.991541071921233, 40.676174301875633, 0.0 ], [ -73.991539678165339, 40.67617601232768, 0.0 ] ] } },
{ "type": "Feature", "properties": { "Layer": "DRAWINGS$OUTLINE", "PaperSpace": null, "SubClasses": null, "Linetype": null, "EntityHandle": "BAB", "Text": null }, "geometry": { "type": "LineString", "coordinates": [ [ -73.991539678165339, 40.67617601232768, 0.0 ], [ -73.991538285194167, 40.676177723142999, 0.0 ] ] } },
{ "type": "Feature", "properties": { "Layer": "DRAWINGS$OUTLINE", "PaperSpace": null, "SubClasses": null, "Linetype": null, "EntityHandle": "BAC", "Text": null }, "geometry": { "type": "LineString", "coordinates": [ [ -73.991538285194167, 40.676177723142999, 0.0 ], [ -73.991536893042692, 40.676179434358225, 0.0 ] ] } },
{ "type": "Feature", "properties": { "Layer": "DRAWINGS$OUTLINE", "PaperSpace": null, "SubClasses": null, "Linetype": null, "EntityHandle": "BAD", "Text": null }, "geometry": { "type": "LineString", "coordinates": [ [ -73.991536893042692, 40.676179434358225, 0.0 ], [ -73.991535501759017, 40.676181145993858, 0.0 ] ] } },
{ "type": "Feature", "properties": { "Layer": "DRAWINGS$OUTLINE", "PaperSpace": null, "SubClasses": null, "Linetype": null, "EntityHandle": "BAE", "Text": null }, "geometry": { "type": "LineString", "coordinates": [ [ -73.991535501759017, 40.676181145993858, 0.0 ], [ -73.991534111391204, 40.676182858070312, 0.0 ] ] } },
{ "type": "Feature", "properties": { "Layer": "DRAWINGS$OUTLINE", "PaperSpace": null, "SubClasses": null, "Linetype": null, "EntityHandle": "BAF", "Text": null }, "geometry": { "type": "LineString", "coordinates": [ [ -73.991534111391204, 40.676182858070312, 0.0 ], [ -73.991532722005516, 40.676184570585811, 0.0 ] ] } },
{ "type": "Feature", "properties": { "Layer": "DRAWINGS$OUTLINE", "PaperSpace": null, "SubClasses": null, "Linetype": null, "EntityHandle": "BB0", "Text": null }, "geometry": { "type": "LineString", "coordinates": [ [ -73.991532722005516, 40.676184570585811, 0.0 ], [ -73.991531333632921, 40.676186283581799, 0.0 ] ] } },
{ "type": "Feature", "properties": { "Layer": "DRAWINGS$OUTLINE", "PaperSpace": null, "SubClasses": null, "Linetype": null, "EntityHandle": "BB1", "Text": null }, "geometry": { "type": "LineString", "coordinates": [ [ -73.991531333632921, 40.676186283581799, 0.0 ], [ -73.991529946320483, 40.676187997080092, 0.0 ] ] } },
{ "type": "Feature", "properties": { "Layer": "DRAWINGS$OUTLINE", "PaperSpace": null, "SubClasses": null, "Linetype": null, "EntityHandle": "BB2", "Text": null }, "geometry": { "type": "LineString", "coordinates": [ [ -73.991529946320483, 40.676187997080092, 0.0 ], [ -73.991528560116294, 40.676189711101145, 0.0 ] ] } },
{ "type": "Feature", "properties": { "Layer": "DRAWINGS$OUTLINE", "PaperSpace": null, "SubClasses": null, "Linetype": null, "EntityHandle": "BB3", "Text": null }, "geometry": { "type": "LineString", "coordinates": [ [ -73.991528560116294, 40.676189711101145, 0.0 ], [ -73.991527175068441, 40.676191425665465, 0.0 ] ] } },
{ "type": "Feature", "properties": { "Layer": "DRAWINGS$OUTLINE", "PaperSpace": null, "SubClasses": null, "Linetype": null, "EntityHandle": "BB4", "Text": null }, "geometry": { "type": "LineString", "coordinates": [ [ -73.991527175068441, 40.676191425665465, 0.0 ], [ -73.99152579122503, 40.676193140793472, 0.0 ] ] } },
{ "type": "Feature", "properties": { "Layer": "DRAWINGS$OUTLINE", "PaperSpace": null, "SubClasses": null, "Linetype": null, "EntityHandle": "BB5", "Text": null }, "geometry": { "type": "LineString", "coordinates": [ [ -73.99152579122503, 40.676193140793472, 0.0 ], [ -73.991524408634149, 40.67619485650571, 0.0 ] ] } },
{ "type": "Feature", "properties": { "Layer": "DRAWINGS$OUTLINE", "PaperSpace": null, "SubClasses": null, "Linetype": null, "EntityHandle": "BB6", "Text": null }, "geometry": { "type": "LineString", "coordinates": [ [ -73.991524408634149, 40.67619485650571, 0.0 ], [ -73.991523027343916, 40.676196572822647, 0.0 ] ] } },
{ "type": "Feature", "properties": { "Layer": "DRAWINGS$OUTLINE", "PaperSpace": null, "SubClasses": null, "Linetype": null, "EntityHandle": "BB7", "Text": null }, "geometry": { "type": "LineString", "coordinates": [ [ -73.991523027343916, 40.676196572822647, 0.0 ], [ -73.991521647402408, 40.676198289764727, 0.0 ] ] } },
{ "type": "Feature", "properties": { "Layer": "DRAWINGS$OUTLINE", "PaperSpace": null, "SubClasses": null, "Linetype": null, "EntityHandle": "BB8", "Text": null }, "geometry": { "type": "LineString", "coordinates": [ [ -73.991521647402408, 40.676198289764727, 0.0 ], [ -73.991520268857698, 40.676200007352463, 0.0 ] ] } },
{ "type": "Feature", "properties": { "Layer": "DRAWINGS$OUTLINE", "PaperSpace": null, "SubClasses": null, "Linetype": null, "EntityHandle": "BB9", "Text": null }, "geometry": { "type": "LineString", "coordinates": [ [ -73.991520268857698, 40.676200007352463, 0.0 ], [ -73.991518891757948, 40.676201725606283, 0.0 ] ] } },
{ "type": "Feature", "properties": { "Layer": "DRAWINGS$OUTLINE", "PaperSpace": null, "SubClasses": null, "Linetype": null, "EntityHandle": "BBA", "Text": null }, "geometry": { "type": "LineString", "coordinates": [ [ -73.991518891757948, 40.676201725606283, 0.0 ], [ -73.991517516151177, 40.676203444546765, 0.0 ] ] } },
{ "type": "Feature", "properties": { "Layer": "DRAWINGS$OUTLINE", "PaperSpace": null, "SubClasses": null, "Linetype": null, "EntityHandle": "BBB", "Text": null }, "geometry": { "type": "LineString", "coordinates": [ [ -73.991517516151177, 40.676203444546765, 0.0 ], [ -73.991516142054223, 40.676205164193604, 0.0 ] ] } },
{ "type": "Feature", "properties": { "Layer": "DRAWINGS$OUTLINE", "PaperSpace": null, "SubClasses": null, "Linetype": null, "EntityHandle": "BBC", "Text": null }, "geometry": { "type": "LineString", "coordinates": [ [ -73.991516142054223, 40.676205164193604, 0.0 ], [ -73.991514769333477, 40.676206884482909, 0.0 ] ] } },
{ "type": "Feature", "properties": { "Layer": "DRAWINGS$OUTLINE", "PaperSpace": null, "SubClasses": null, "Linetype": null, "EntityHandle": "BBD", "Text": null }, "geometry": { "type": "LineString", "coordinates": [ [ -73.991514769333477, 40.676206884482909, 0.0 ], [ -73.991513397832279, 40.676208605330906, 0.0 ] ] } },
{ "type": "Feature", "properties": { "Layer": "DRAWINGS$OUTLINE", "PaperSpace": null, "SubClasses": null, "Linetype": null, "EntityHandle": "BBE", "Text": null }, "geometry": { "type": "LineString", "coordinates": [ [ -73.991513397832279, 40.676208605330906, 0.0 ], [ -73.991512027386165, 40.676210326671196, 0.0 ] ] } },
{ "type": "Feature", "properties": { "Layer": "DRAWINGS$OUTLINE", "PaperSpace": null, "SubClasses": null, "Linetype": null, "EntityHandle": "BBF", "Text": null }, "geometry": { "type": "LineString", "coordinates": [ [ -73.991512027386165, 40.676210326671196, 0.0 ], [ -73.991510657836571, 40.676212048430052, 0.0 ] ] } },
{ "type": "Feature", "properties": { "Layer": "DRAWINGS$OUTLINE", "PaperSpace": null, "SubClasses": null, "Linetype": null, "EntityHandle": "BC0", "Text": null }, "geometry": { "type": "LineString", "coordinates": [ [ -73.991510657836571, 40.676212048430052, 0.0 ], [ -73.991509289024918, 40.676213770533735, 0.0 ] ] } },
{ "type": "Feature", "properties": { "Layer": "DRAWINGS$OUTLINE", "PaperSpace": null, "SubClasses": null, "Linetype": null, "EntityHandle": "BC1", "Text": null }, "geometry": { "type": "LineString", "coordinates": [ [ -73.991509289024918, 40.676213770533735, 0.0 ], [ -73.991507920794547, 40.676215492906067, 0.0 ] ] } },
{ "type": "Feature", "properties": { "Layer": "DRAWINGS$OUTLINE", "PaperSpace": null, "SubClasses": null, "Linetype": null, "EntityHandle": "BC2", "Text": null }, "geometry": { "type": "LineString", "coordinates": [ [ -73.991507920794547, 40.676215492906067, 0.0 ], [ -73.991506552993911, 40.67621721546444, 0.0 ] ] } },
{ "type": "Feature", "properties": { "Layer": "DRAWINGS$OUTLINE", "PaperSpace": null, "SubClasses": null, "Linetype": null, "EntityHandle": "BC3", "Text": null }, "geometry": { "type": "LineString", "coordinates": [ [ -73.991506552993911, 40.67621721546444, 0.0 ], [ -73.991505185455452, 40.676218938146427, 0.0 ] ] } },
{ "type": "Feature", "properties": { "Layer": "DRAWINGS$OUTLINE", "PaperSpace": null, "SubClasses": null, "Linetype": null, "EntityHandle": "BC4", "Text": null }, "geometry": { "type": "LineString", "coordinates": [ [ -73.991505185455452, 40.676218938146427, 0.0 ], [ -73.991503818020632, 40.676220660878307, 0.0 ] ] } },
{ "type": "Feature", "properties": { "Layer": "DRAWINGS$OUTLINE", "PaperSpace": null, "SubClasses": null, "Linetype": null, "EntityHandle": "BC5", "Text": null }, "geometry": { "type": "LineString", "coordinates": [ [ -73.991503818020632, 40.676220660878307, 0.0 ], [ -73.991502450530831, 40.676222383586307, 0.0 ] ] } },
{ "type": "Feature", "properties": { "Layer": "DRAWINGS$OUTLINE", "PaperSpace": null, "SubClasses": null, "Linetype": null, "EntityHandle": "BC6", "Text": null }, "geometry": { "type": "LineString", "coordinates": [ [ -73.991502450530831, 40.676222383586307, 0.0 ], [ -73.991501082827469, 40.676224106196727, 0.0 ] ] } },
{ "type": "Feature", "properties": { "Layer": "DRAWINGS$OUTLINE", "PaperSpace": null, "SubClasses": null, "Linetype": null, "EntityHandle": "BC7", "Text": null }, "geometry": { "type": "LineString", "coordinates": [ [ -73.991501082827469, 40.676224106196727, 0.0 ], [ -73.991499714751981, 40.6762258286358, 0.0 ] ] } },
{ "type": "Feature", "properties": { "Layer": "DRAWINGS$OUTLINE", "PaperSpace": null, "SubClasses": null, "Linetype": null, "EntityHandle": "BC8", "Text": null }, "geometry": { "type": "LineString", "coordinates": [ [ -73.991499714751981, 40.6762258286358, 0.0 ], [ -73.991498346145818, 40.6762275508298, 0.0 ] ] } },
{ "type": "Feature", "properties": { "Layer": "DRAWINGS$OUTLINE", "PaperSpace": null, "SubClasses": null, "Linetype": null, "EntityHandle": "BC9", "Text": null }, "geometry": { "type": "LineString", "coordinates": [ [ -73.991498346145818, 40.6762275508298, 0.0 ], [ -73.991496976850357, 40.676229272705015, 0.0 ] ] } },
{ "type": "Feature", "properties": { "Layer": "DRAWINGS$OUTLINE", "PaperSpace": null, "SubClasses": null, "Linetype": null, "EntityHandle": "BCA", "Text": null }, "geometry": { "type": "LineString", "coordinates": [ [ -73.991496976850357, 40.676229272705015, 0.0 ], [ -73.991495606707034, 40.676230994187698, 0.0 ] ] } },
{ "type": "Feature", "properties": { "Layer": "DRAWINGS$OUTLINE", "PaperSpace": null, "SubClasses": null, "Linetype": null, "EntityHandle": "BCB", "Text": null }, "geometry": { "type": "LineString", "coordinates": [ [ -73.991495606707034, 40.676230994187698, 0.0 ], [ -73.991494235556104, 40.676232715205572, 0.0 ] ] } },
{ "type": "Feature", "properties": { "Layer": "DRAWINGS$OUTLINE", "PaperSpace": null, "SubClasses": null, "Linetype": null, "EntityHandle": "BCC", "Text": null }, "geometry": { "type": "LineString", "coordinates": [ [ -73.991494235556104, 40.676232715205572, 0.0 ], [ -73.991492863238093, 40.676234435686027, 0.0 ] ] } },
{ "type": "Feature", "properties": { "Layer": "DRAWINGS$OUTLINE", "PaperSpace": null, "SubClasses": null, "Linetype": null, "EntityHandle": "BCD", "Text": null }, "geometry": { "type": "LineString", "coordinates": [ [ -73.991492863238093, 40.676234435686027, 0.0 ], [ -73.991491489596498, 40.676236155552736, 0.0 ] ] } },
{ "type": "Feature", "properties": { "Layer": "DRAWINGS$OUTLINE", "PaperSpace": null, "SubClasses": null, "Linetype": null, "EntityHandle": "BCE", "Text": null }, "geometry": { "type": "LineString", "coordinates": [ [ -73.991491489596498, 40.676236155552736, 0.0 ], [ -73.991490114472739, 40.67623787473196, 0.0 ] ] } },
{ "type": "Feature", "properties": { "Layer": "DRAWINGS$OUTLINE", "PaperSpace": null, "SubClasses": null, "Linetype": null, "EntityHandle": "BCF", "Text": null }, "geometry": { "type": "LineString", "coordinates": [ [ -73.991490114472739, 40.67623787473196, 0.0 ], [ -73.99148873770821, 40.676239593149994, 0.0 ] ] } },
{ "type": "Feature", "properties": { "Layer": "DRAWINGS$OUTLINE", "PaperSpace": null, "SubClasses": null, "Linetype": null, "EntityHandle": "BD0", "Text": null }, "geometry": { "type": "LineString", "coordinates": [ [ -73.99148873770821, 40.676239593149994, 0.0 ], [ -73.991487359184177, 40.676241310735108, 0.0 ] ] } },
{ "type": "Feature", "properties": { "Layer": "DRAWINGS$OUTLINE", "PaperSpace": null, "SubClasses": null, "Linetype": null, "EntityHandle": "BD1", "Text": null }, "geometry": { "type": "LineString", "coordinates": [ [ -73.991487359184177, 40.676241310735108, 0.0 ], [ -73.991485978748528, 40.676243027459769, 0.0 ] ] } },
{ "type": "Feature", "properties": { "Layer": "DRAWINGS$OUTLINE", "PaperSpace": null, "SubClasses": null, "Linetype": null, "EntityHandle": "BD2", "Text": null }, "geometry": { "type": "LineString", "coordinates": [ [ -73.991485978748528, 40.676243027459769, 0.0 ], [ -73.991484596240554, 40.676244743198154, 0.0 ] ] } },
{ "type": "Feature", "properties": { "Layer": "DRAWINGS$OUTLINE", "PaperSpace": null, "SubClasses": null, "Linetype": null, "EntityHandle": "BD3", "Text": null }, "geometry": { "type": "LineString", "coordinates": [ [ -73.991484596240554, 40.676244743198154, 0.0 ], [ -73.991483211460022, 40.676246457877049, 0.0 ] ] } },
{ "type": "Feature", "properties": { "Layer": "DRAWINGS$OUTLINE", "PaperSpace": null, "SubClasses": null, "Linetype": null, "EntityHandle": "BD4", "Text": null }, "geometry": { "type": "LineString", "coordinates": [ [ -73.991483211460022, 40.676246457877049, 0.0 ], [ -73.991481824223186, 40.676248171406215, 0.0 ] ] } },
{ "type": "Feature", "properties": { "Layer": "DRAWINGS$OUTLINE", "PaperSpace": null, "SubClasses": null, "Linetype": null, "EntityHandle": "BD5", "Text": null }, "geometry": { "type": "LineString", "coordinates": [ [ -73.991481824223186, 40.676248171406215, 0.0 ], [ -73.99148043434721, 40.676249883695967, 0.0 ] ] } },
{ "type": "Feature", "properties": { "Layer": "DRAWINGS$OUTLINE", "PaperSpace": null, "SubClasses": null, "Linetype": null, "EntityHandle": "BD6", "Text": null }, "geometry": { "type": "LineString", "coordinates": [ [ -73.99148043434721, 40.676249883695967, 0.0 ], [ -73.991479041659275, 40.676251594644235, 0.0 ] ] } },
{ "type": "Feature", "properties": { "Layer": "DRAWINGS$OUTLINE", "PaperSpace": null, "SubClasses": null, "Linetype": null, "EntityHandle": "BD7", "Text": null }, "geometry": { "type": "LineString", "coordinates": [ [ -73.991479041659275, 40.676251594644235, 0.0 ], [ -73.991477645957332, 40.676253304183405, 0.0 ] ] } },
{ "type": "Feature", "properties": { "Layer": "DRAWINGS$OUTLINE", "PaperSpace": null, "SubClasses": null, "Linetype": null, "EntityHandle": "BD8", "Text": null }, "geometry": { "type": "LineString", "coordinates": [ [ -73.991477645957332, 40.676253304183405, 0.0 ], [ -73.991476247046805, 40.676255012233284, 0.0 ] ] } },
{ "type": "Feature", "properties": { "Layer": "DRAWINGS$OUTLINE", "PaperSpace": null, "SubClasses": null, "Linetype": null, "EntityHandle": "BD9", "Text": null }, "geometry": { "type": "LineString", "coordinates": [ [ -73.991476247046805, 40.676255012233284, 0.0 ], [ -73.991474844776974, 40.676256718655779, 0.0 ] ] } },
{ "type": "Feature", "properties": { "Layer": "DRAWINGS$OUTLINE", "PaperSpace": null, "SubClasses": null, "Linetype": null, "EntityHandle": "BDA", "Text": null }, "geometry": { "type": "LineString", "coordinates": [ [ -73.991474844776974, 40.676256718655779, 0.0 ], [ -73.99147343894586, 40.676258423369497, 0.0 ] ] } },
{ "type": "Feature", "properties": { "Layer": "DRAWINGS$OUTLINE", "PaperSpace": null, "SubClasses": null, "Linetype": null, "EntityHandle": "BDB", "Text": null }, "geometry": { "type": "LineString", "coordinates": [ [ -73.99147343894586, 40.676258423369497, 0.0 ], [ -73.991472029349325, 40.676260126288049, 0.0 ] ] } },
{ "type": "Feature", "properties": { "Layer": "DRAWINGS$OUTLINE", "PaperSpace": null, "SubClasses": null, "Linetype": null, "EntityHandle": "BDC", "Text": null }, "geometry": { "type": "LineString", "coordinates": [ [ -73.991472029349325, 40.676260126288049, 0.0 ], [ -73.991470615792963, 40.676261827304344, 0.0 ] ] } },
{ "type": "Feature", "properties": { "Layer": "DRAWINGS$OUTLINE", "PaperSpace": null, "SubClasses": null, "Linetype": null, "EntityHandle": "BDD", "Text": null }, "geometry": { "type": "LineString", "coordinates": [ [ -73.991470615792963, 40.676261827304344, 0.0 ], [ -73.991469198073915, 40.676263526311196, 0.0 ] ] } },
{ "type": "Feature", "properties": { "Layer": "DRAWINGS$OUTLINE", "PaperSpace": null, "SubClasses": null, "Linetype": null, "EntityHandle": "BDE", "Text": null }, "geometry": { "type": "LineString", "coordinates": [ [ -73.991469198073915, 40.676263526311196, 0.0 ], [ -73.991467775981732, 40.676265223198499, 0.0 ] ] } },
{ "type": "Feature", "properties": { "Layer": "DRAWINGS$OUTLINE", "PaperSpace": null, "SubClasses": null, "Linetype": null, "EntityHandle": "BDF", "Text": null }, "geometry": { "type": "LineString", "coordinates": [ [ -73.991467775981732, 40.676265223198499, 0.0 ], [ -73.991466349298989, 40.676266917851038, 0.0 ] ] } },
{ "type": "Feature", "properties": { "Layer": "DRAWINGS$OUTLINE", "PaperSpace": null, "SubClasses": null, "Linetype": null, "EntityHandle": "BE0", "Text": null }, "geometry": { "type": "LineString", "coordinates": [ [ -73.991466349298989, 40.676266917851038, 0.0 ], [ -73.991464917800229, 40.676268610147801, 0.0 ] ] } },
{ "type": "Feature", "properties": { "Layer": "DRAWINGS$OUTLINE", "PaperSpace": null, "SubClasses": null, "Linetype": null, "EntityHandle": "BE1", "Text": null }, "geometry": { "type": "LineString", "coordinates": [ [ -73.991464917800229, 40.676268610147801, 0.0 ], [ -73.991463481244438, 40.676270299969168, 0.0 ] ] } },
{ "type": "Feature", "properties": { "Layer": "DRAWINGS$OUTLINE", "PaperSpace": null, "SubClasses": null, "Linetype": null, "EntityHandle": "BE2", "Text": null }, "geometry": { "type": "LineString", "coordinates": [ [ -73.991463481244438, 40.676270299969168, 0.0 ], [ -73.991462039399138, 40.676271987166309, 0.0 ] ] } },
{ "type": "Feature", "properties": { "Layer": "DRAWINGS$OUTLINE", "PaperSpace": null, "SubClasses": null, "Linetype": null, "EntityHandle": "BE3", "Text": null }, "geometry": { "type": "LineString", "coordinates": [ [ -73.991462039399138, 40.676271987166309, 0.0 ], [ -73.991460592001175, 40.676273671605323, 0.0 ] ] } },
{ "type": "Feature", "properties": { "Layer": "DRAWINGS$OUTLINE", "PaperSpace": null, "SubClasses": null, "Linetype": null, "EntityHandle": "BE4", "Text": null }, "geometry": { "type": "LineString", "coordinates": [ [ -73.991460592001175, 40.676273671605323, 0.0 ], [ -73.991459138781025, 40.676275353136091, 0.0 ] ] } },
{ "type": "Feature", "properties": { "Layer": "DRAWINGS$OUTLINE", "PaperSpace": null, "SubClasses": null, "Linetype": null, "EntityHandle": "BE5", "Text": null }, "geometry": { "type": "LineString", "coordinates": [ [ -73.991459138781025, 40.676275353136091, 0.0 ], [ -73.99145767945501, 40.67627703159885, 0.0 ] ] } },
{ "type": "Feature", "properties": { "Layer": "DRAWINGS$OUTLINE", "PaperSpace": null, "SubClasses": null, "Linetype": null, "EntityHandle": "BE6", "Text": null }, "geometry": { "type": "LineString", "coordinates": [ [ -73.99145767945501, 40.67627703159885, 0.0 ], [ -73.991456213723609, 40.676278706823261, 0.0 ] ] } },
{ "type": "Feature", "properties": { "Layer": "DRAWINGS$OUTLINE", "PaperSpace": null, "SubClasses": null, "Linetype": null, "EntityHandle": "BE7", "Text": null }, "geometry": { "type": "LineString", "coordinates": [ [ -73.991456213723609, 40.676278706823261, 0.0 ], [ -73.991454741269791, 40.676280378626942, 0.0 ] ] } },
{ "type": "Feature", "properties": { "Layer": "DRAWINGS$OUTLINE", "PaperSpace": null, "SubClasses": null, "Linetype": null, "EntityHandle": "BE8", "Text": null }, "geometry": { "type": "LineString", "coordinates": [ [ -73.991454741269791, 40.676280378626942, 0.0 ], [ -73.991453261757059, 40.676282046814251, 0.0 ] ] } },
{ "type": "Feature", "properties": { "Layer": "DRAWINGS$OUTLINE", "PaperSpace": null, "SubClasses": null, "Linetype": null, "EntityHandle": "BE9", "Text": null }, "geometry": { "type": "LineString", "coordinates": [ [ -73.991453261757059, 40.676282046814251, 0.0 ], [ -73.991451774813967, 40.676283711189505, 0.0 ] ] } },
{ "type": "Feature", "properties": { "Layer": "DRAWINGS$OUTLINE", "PaperSpace": null, "SubClasses": null, "Linetype": null, "EntityHandle": "BEA", "Text": null }, "geometry": { "type": "LineString", "coordinates": [ [ -73.991451774813967, 40.676283711189505, 0.0 ], [ -73.991450280079761, 40.676285371501287, 0.0 ] ] } },
{ "type": "Feature", "properties": { "Layer": "DRAWINGS$OUTLINE", "PaperSpace": null, "SubClasses": null, "Linetype": null, "EntityHandle": "BEB", "Text": null }, "geometry": { "type": "LineString", "coordinates": [ [ -73.991450280079761, 40.676285371501287, 0.0 ], [ -73.991448777160684, 40.676287027487007, 0.0 ] ] } },
{ "type": "Feature", "properties": { "Layer": "DRAWINGS$OUTLINE", "PaperSpace": null, "SubClasses": null, "Linetype": null, "EntityHandle": "BEC", "Text": null }, "geometry": { "type": "LineString", "coordinates": [ [ -73.991448777160684, 40.676287027487007, 0.0 ], [ -73.991447265592427, 40.676288678926056, 0.0 ] ] } },
{ "type": "Feature", "properties": { "Layer": "DRAWINGS$OUTLINE", "PaperSpace": null, "SubClasses": null, "Linetype": null, "EntityHandle": "BED", "Text": null }, "geometry": { "type": "LineString", "coordinates": [ [ -73.991447265592427, 40.676288678926056, 0.0 ], [ -73.991445745019348, 40.67629032557435, 0.0 ] ] } },
{ "type": "Feature", "properties": { "Layer": "DRAWINGS$OUTLINE", "PaperSpace": null, "SubClasses": null, "Linetype": null, "EntityHandle": "BEE", "Text": null }, "geometry": { "type": "LineString", "coordinates": [ [ -73.991445745019348, 40.67629032557435, 0.0 ], [ -73.99144421499571, 40.676291967137836, 0.0 ] ] } },
{ "type": "Feature", "properties": { "Layer": "DRAWINGS$OUTLINE", "PaperSpace": null, "SubClasses": null, "Linetype": null, "EntityHandle": "BEF", "Text": null }, "geometry": { "type": "LineString", "coordinates": [ [ -73.99144421499571, 40.676291967137836, 0.0 ], [ -73.991442675032175, 40.676293603295186, 0.0 ] ] } },
{ "type": "Feature", "properties": { "Layer": "DRAWINGS$OUTLINE", "PaperSpace": null, "SubClasses": null, "Linetype": null, "EntityHandle": "BF0", "Text": null }, "geometry": { "type": "LineString", "coordinates": [ [ -73.991442675032175, 40.676293603295186, 0.0 ], [ -73.99144112459318, 40.676295233727743, 0.0 ] ] } },
{ "type": "Feature", "properties": { "Layer": "DRAWINGS$OUTLINE", "PaperSpace": null, "SubClasses": null, "Linetype": null, "EntityHandle": "BF1", "Text": null }, "geometry": { "type": "LineString", "coordinates": [ [ -73.99144112459318, 40.676295233727743, 0.0 ], [ -73.991439563154884, 40.676296858049874, 0.0 ] ] } },
{ "type": "Feature", "properties": { "Layer": "DRAWINGS$OUTLINE", "PaperSpace": null, "SubClasses": null, "Linetype": null, "EntityHandle": "BF2", "Text": null }, "geometry": { "type": "LineString", "coordinates": [ [ -73.991439563154884, 40.676296858049874, 0.0 ], [ -73.991437990127821, 40.676298475881694, 0.0 ] ] } },
{ "type": "Feature", "properties": { "Layer": "DRAWINGS$OUTLINE", "PaperSpace": null, "SubClasses": null, "Linetype": null, "EntityHandle": "BF3", "Text": null }, "geometry": { "type": "LineString", "coordinates": [ [ -73.991437990127821, 40.676298475881694, 0.0 ], [ -73.991436404899076, 40.676300086794825, 0.0 ] ] } },
{ "type": "Feature", "properties": { "Layer": "DRAWINGS$OUTLINE", "PaperSpace": null, "SubClasses": null, "Linetype": null, "EntityHandle": "BF4", "Text": null }, "geometry": { "type": "LineString", "coordinates": [ [ -73.991436404899076, 40.676300086794825, 0.0 ], [ -73.991434806809536, 40.676301690325488, 0.0 ] ] } },
{ "type": "Feature", "properties": { "Layer": "DRAWINGS$OUTLINE", "PaperSpace": null, "SubClasses": null, "Linetype": null, "EntityHandle": "BF5", "Text": null }, "geometry": { "type": "LineString", "coordinates": [ [ -73.991434806809536, 40.676301690325488, 0.0 ], [ -73.991433195148062, 40.676303285968075, 0.0 ] ] } },
{ "type": "Feature", "properties": { "Layer": "DRAWINGS$OUTLINE", "PaperSpace": null, "SubClasses": null, "Linetype": null, "EntityHandle": "BF6", "Text": null }, "geometry": { "type": "LineString", "coordinates": [ [ -73.991433195148062, 40.676303285968075, 0.0 ], [ -73.991431569157641, 40.676304873155466, 0.0 ] ] } },
{ "type": "Feature", "properties": { "Layer": "DRAWINGS$OUTLINE", "PaperSpace": null, "SubClasses": null, "Linetype": null, "EntityHandle": "BF7", "Text": null }, "geometry": { "type": "LineString", "coordinates": [ [ -73.991431569157641, 40.676304873155466, 0.0 ], [ -73.991429928006667, 40.676306451271735, 0.0 ] ] } },
{ "type": "Feature", "properties": { "Layer": "DRAWINGS$OUTLINE", "PaperSpace": null, "SubClasses": null, "Linetype": null, "EntityHandle": "BF8", "Text": null }, "geometry": { "type": "LineString", "coordinates": [ [ -73.991429928006667, 40.676306451271735, 0.0 ], [ -73.991428270794671, 40.676308019628109, 0.0 ] ] } },
{ "type": "Feature", "properties": { "Layer": "DRAWINGS$OUTLINE", "PaperSpace": null, "SubClasses": null, "Linetype": null, "EntityHandle": "BF9", "Text": null }, "geometry": { "type": "LineString", "coordinates": [ [ -73.991428270794671, 40.676308019628109, 0.0 ], [ -73.991426596528328, 40.676309577464416, 0.0 ] ] } },
{ "type": "Feature", "properties": { "Layer": "DRAWINGS$OUTLINE", "PaperSpace": null, "SubClasses": null, "Linetype": null, "EntityHandle": "BFA", "Text": null }, "geometry": { "type": "LineString", "coordinates": [ [ -73.991426596528328, 40.676309577464416, 0.0 ], [ -73.991424904165029, 40.676311123889867, 0.0 ] ] } },
{ "type": "Feature", "properties": { "Layer": "DRAWINGS$OUTLINE", "PaperSpace": null, "SubClasses": null, "Linetype": null, "EntityHandle": "BFB", "Text": null }, "geometry": { "type": "LineString", "coordinates": [ [ -73.991424904165029, 40.676311123889867, 0.0 ], [ -73.991423192647019, 40.676312658060411, 0.0 ] ] } },
{ "type": "Feature", "properties": { "Layer": "DRAWINGS$OUTLINE", "PaperSpace": null, "SubClasses": null, "Linetype": null, "EntityHandle": "BFC", "Text": null }, "geometry": { "type": "LineString", "coordinates": [ [ -73.991423192647019, 40.676312658060411, 0.0 ], [ -73.991421460677628, 40.676314178870015, 0.0 ] ] } },
{ "type": "Feature", "properties": { "Layer": "DRAWINGS$OUTLINE", "PaperSpace": null, "SubClasses": null, "Linetype": null, "EntityHandle": "BFD", "Text": null }, "geometry": { "type": "LineString", "coordinates": [ [ -73.991421460677628, 40.676314178870015, 0.0 ], [ -73.991419706773144, 40.676315685038873, 0.0 ] ] } },
{ "type": "Feature", "properties": { "Layer": "DRAWINGS$OUTLINE", "PaperSpace": null, "SubClasses": null, "Linetype": null, "EntityHandle": "BFE", "Text": null }, "geometry": { "type": "LineString", "coordinates": [ [ -73.991419706773144, 40.676315685038873, 0.0 ], [ -73.991417929378628, 40.67631717515475, 0.0 ] ] } },
{ "type": "Feature", "properties": { "Layer": "DRAWINGS$OUTLINE", "PaperSpace": null, "SubClasses": null, "Linetype": null, "EntityHandle": "BFF", "Text": null }, "geometry": { "type": "LineString", "coordinates": [ [ -73.991417929378628, 40.67631717515475, 0.0 ], [ -73.991416126824689, 40.676318647643434, 0.0 ] ] } },
{ "type": "Feature", "properties": { "Layer": "DRAWINGS$OUTLINE", "PaperSpace": null, "SubClasses": null, "Linetype": null, "EntityHandle": "C00", "Text": null }, "geometry": { "type": "LineString", "coordinates": [ [ -73.991416126824689, 40.676318647643434, 0.0 ], [ -73.991414297299684, 40.676320100723096, 0.0 ] ] } },
{ "type": "Feature", "properties": { "Layer": "DRAWINGS$OUTLINE", "PaperSpace": null, "SubClasses": null, "Linetype": null, "EntityHandle": "C01", "Text": null }, "geometry": { "type": "LineString", "coordinates": [ [ -73.991414297299684, 40.676320100723096, 0.0 ], [ -73.991412438829229, 40.676321532346137, 0.0 ] ] } },
{ "type": "Feature", "properties": { "Layer": "DRAWINGS$OUTLINE", "PaperSpace": null, "SubClasses": null, "Linetype": null, "EntityHandle": "C02", "Text": null }, "geometry": { "type": "LineString", "coordinates": [ [ -73.991412438829229, 40.676321532346137, 0.0 ], [ -73.991410549232441, 40.676322940147521, 0.0 ] ] } },
{ "type": "Feature", "properties": { "Layer": "DRAWINGS$OUTLINE", "PaperSpace": null, "SubClasses": null, "Linetype": null, "EntityHandle": "C03", "Text": null }, "geometry": { "type": "LineString", "coordinates": [ [ -73.991410549232441, 40.676322940147521, 0.0 ], [ -73.991408626093104, 40.676324321364199, 0.0 ] ] } },
{ "type": "Feature", "properties": { "Layer": "DRAWINGS$OUTLINE", "PaperSpace": null, "SubClasses": null, "Linetype": null, "EntityHandle": "C04", "Text": null }, "geometry": { "type": "LineString", "coordinates": [ [ -73.991408626093104, 40.676324321364199, 0.0 ], [ -73.991406666710375, 40.676325672746998, 0.0 ] ] } },
{ "type": "Feature", "properties": { "Layer": "DRAWINGS$OUTLINE", "PaperSpace": null, "SubClasses": null, "Linetype": null, "EntityHandle": "C05", "Text": null }, "geometry": { "type": "LineString", "coordinates": [ [ -73.991406666710375, 40.676325672746998, 0.0 ], [ -73.991404668134663, 40.676326990386059, 0.0 ] ] } },
{ "type": "Feature", "properties": { "Layer": "DRAWINGS$OUTLINE", "PaperSpace": null, "SubClasses": null, "Linetype": null, "EntityHandle": "C06", "Text": null }, "geometry": { "type": "LineString", "coordinates": [ [ -73.991404668134663, 40.676326990386059, 0.0 ], [ -73.991402626994173, 40.676328269640742, 0.0 ] ] } },
{ "type": "Feature", "properties": { "Layer": "DRAWINGS$OUTLINE", "PaperSpace": null, "SubClasses": null, "Linetype": null, "EntityHandle": "C07", "Text": null }, "geometry": { "type": "LineString", "coordinates": [ [ -73.991402626994173, 40.676328269640742, 0.0 ], [ -73.991400539590188, 40.676329504839451, 0.0 ] ] } },
{ "type": "Feature", "properties": { "Layer": "DRAWINGS$OUTLINE", "PaperSpace": null, "SubClasses": null, "Linetype": null, "EntityHandle": "C08", "Text": null }, "geometry": { "type": "LineString", "coordinates": [ [ -73.991400539590188, 40.676329504839451, 0.0 ], [ -73.991398401827766, 40.676330689031936, 0.0 ] ] } },
{ "type": "Feature", "properties": { "Layer": "DRAWINGS$OUTLINE", "PaperSpace": null, "SubClasses": null, "Linetype": null, "EntityHandle": "C09", "Text": null }, "geometry": { "type": "LineString", "coordinates": [ [ -73.991398401827766, 40.676330689031936, 0.0 ], [ -73.991396209797102, 40.676331814176933, 0.0 ] ] } },
{ "type": "Feature", "properties": { "Layer": "DRAWINGS$OUTLINE", "PaperSpace": null, "SubClasses": null, "Linetype": null, "EntityHandle": "C0A", "Text": null }, "geometry": { "type": "LineString", "coordinates": [ [ -73.991396209797102, 40.676331814176933, 0.0 ], [ -73.991393961910987, 40.676332873509338, 0.0 ] ] } },
{ "type": "Feature", "properties": { "Layer": "DRAWINGS$OUTLINE", "PaperSpace": null, "SubClasses": null, "Linetype": null, "EntityHandle": "C0B", "Text": null }, "geometry": { "type": "LineString", "coordinates": [ [ -73.991393961910987, 40.676332873509338, 0.0 ], [ -73.991391657854891, 40.676333860372701, 0.0 ] ] } },
{ "type": "Feature", "properties": { "Layer": "DRAWINGS$OUTLINE", "PaperSpace": null, "SubClasses": null, "Linetype": null, "EntityHandle": "C0C", "Text": null }, "geometry": { "type": "LineString", "coordinates": [ [ -73.991391657854891, 40.676333860372701, 0.0 ], [ -73.991389298128311, 40.676334767737814, 0.0 ] ] } },
{ "type": "Feature", "properties": { "Layer": "DRAWINGS$OUTLINE", "PaperSpace": null, "SubClasses": null, "Linetype": null, "EntityHandle": "C0D", "Text": null }, "geometry": { "type": "LineString", "coordinates": [ [ -73.991389298128311, 40.676334767737814, 0.0 ], [ -73.991386884244321, 40.67633558832545, 0.0 ] ] } },
{ "type": "Feature", "properties": { "Layer": "DRAWINGS$OUTLINE", "PaperSpace": null, "SubClasses": null, "Linetype": null, "EntityHandle": "C0E", "Text": null }, "geometry": { "type": "LineString", "coordinates": [ [ -73.991386884244321, 40.67633558832545, 0.0 ], [ -73.99138441891759, 40.67633631479125, 0.0 ] ] } },
{ "type": "Feature", "properties": { "Layer": "DRAWINGS$OUTLINE", "PaperSpace": null, "SubClasses": null, "Linetype": null, "EntityHandle": "C0F", "Text": null }, "geometry": { "type": "LineString", "coordinates": [ [ -73.99138441891759, 40.67633631479125, 0.0 ], [ -73.991381906180607, 40.676336939987856, 0.0 ] ] } },
{ "type": "Feature", "properties": { "Layer": "DRAWINGS$OUTLINE", "PaperSpace": null, "SubClasses": null, "Linetype": null, "EntityHandle": "C10", "Text": null }, "geometry": { "type": "LineString", "coordinates": [ [ -73.991381906180607, 40.676336939987856, 0.0 ], [ -73.99137935148633, 40.676337457268183, 0.0 ] ] } },
{ "type": "Feature", "properties": { "Layer": "DRAWINGS$OUTLINE", "PaperSpace": null, "SubClasses": null, "Linetype": null, "EntityHandle": "C11", "Text": null }, "geometry": { "type": "LineString", "coordinates": [ [ -73.99137935148633, 40.676337457268183, 0.0 ], [ -73.991376761738024, 40.676337860987033, 0.0 ] ] } },
{ "type": "Feature", "properties": { "Layer": "DRAWINGS$OUTLINE", "PaperSpace": null, "SubClasses": null, "Linetype": null, "EntityHandle": "C12", "Text": null }, "geometry": { "type": "LineString", "coordinates": [ [ -73.991376761738024, 40.676337860987033, 0.0 ], [ -73.991374145093033, 40.676338146841509, 0.0 ] ] } },
{ "type": "Feature", "properties": { "Layer": "DRAWINGS$OUTLINE", "PaperSpace": null, "SubClasses": null, "Linetype": null, "EntityHandle": "C13", "Text": null }, "geometry": { "type": "LineString", "coordinates": [ [ -73.991374145093033, 40.676338146841509, 0.0 ], [ -73.991371510578006, 40.676338312139968, 0.0 ] ] } },
{ "type": "Feature", "properties": { "Layer": "DRAWINGS$OUTLINE", "PaperSpace": null, "SubClasses": null, "Linetype": null, "EntityHandle": "C14", "Text": null }, "geometry": { "type": "LineString", "coordinates": [ [ -73.991371510578006, 40.676338312139968, 0.0 ], [ -73.991368867766909, 40.676338356270094, 0.0 ] ] } },
{ "type": "Feature", "properties": { "Layer": "DRAWINGS$OUTLINE", "PaperSpace": null, "SubClasses": null, "Linetype": null, "EntityHandle": "C15", "Text": null }, "geometry": { "type": "LineString", "coordinates": [ [ -73.991368867766909, 40.676338356270094, 0.0 ], [ -73.991366226176552, 40.676338280761506, 0.0 ] ] } },
{ "type": "Feature", "properties": { "Layer": "DRAWINGS$OUTLINE", "PaperSpace": null, "SubClasses": null, "Linetype": null, "EntityHandle": "C16", "Text": null }, "geometry": { "type": "LineString", "coordinates": [ [ -73.991366226176552, 40.676338280761506, 0.0 ], [ -73.991363594699635, 40.676338089139037, 0.0 ] ] } },
{ "type": "Feature", "properties": { "Layer": "DRAWINGS$OUTLINE", "PaperSpace": null, "SubClasses": null, "Linetype": null, "EntityHandle": "C17", "Text": null }, "geometry": { "type": "LineString", "coordinates": [ [ -73.991363594699635, 40.676338089139037, 0.0 ], [ -73.991360981185863, 40.676337786609679, 0.0 ] ] } }
]
}
